date,symbol,action,score,price,pe_ratio,roe,debt_to_equity,reason,rank,sector
2025-10-30 12:48:24.575961,UJJIVANSFB,INCREASE POSITION,70.93750791449341,52.76,24.654203,6.832000000000001,0.0,🟢 STRONG BUY (UNDERVALUED) (DIVERSIFIES),0,Financial Services
2025-10-30 12:48:24.580038,IDBI,INCREASE POSITION,92.53824223268089,99.35,11.498842,15.128,0.0,🟢 STRONG BUY (UNDERVALUED) (DIVERSIFIES),0,Financial Services
2025-10-30 12:48:24.583557,SBIN,BOOK 30% PROFITS,89.03196960072117,940.75,10.571413,16.584,0.0,🟢 STRONG BUY (UNDERVALUED) (DIVERSIFIES),0,Financial Services
2025-10-30 12:48:24.586863,INDIANB,INCREASE POSITION,87.63449363918973,853.0,10.186291,15.754,0.0,🟢 STRONG BUY (UNDERVALUED) (DIVERSIFIES),0,Financial Services
2025-10-30 12:48:24.590117,CUB,INCREASE POSITION,87.76407143400422,234.53,15.005118,13.041,0.0,🟢 STRONG BUY (UNDERVALUED) (DIVERSIFIES),0,Financial Services
2025-10-30 12:48:24.593298,AXISBANK,INCREASE POSITION,75.4598130172474,1244.8,14.922082,14.004,0.0,🟢 STRONG BUY (UNDERVALUED) (DIVERSIFIES),0,Financial Services
2025-10-30 12:48:24.597542,ICICIGI,INCREASE POSITION,71.18109620001607,2013.4,35.934322,17.802,0.0,🟢 STRONG BUY (DIVERSIFIES),0,Financial Services
2025-10-30 12:48:24.601249,KARURVYSYA,INCREASE POSITION,89.24971904129845,248.33,11.401745,17.764,0.0,🟢 STRONG BUY (UNDERVALUED) (DIVERSIFIES),0,Financial Services
2025-10-30 12:48:24.604558,FEDERALBNK,BOOK 30% PROFITS,81.24831514836939,234.66,14.691922,11.451,0.0,🟢 STRONG BUY (UNDERVALUED) (DIVERSIFIES),0,Financial Services
2025-10-30 12:48:24.607590,HDFCBANK,BOOK 71% PROFITS,82.70123230663982,1001.55,22.897804,10.8430006,0.0,🟢 STRONG BUY (UNDERVALUED) (DIVERSIFIES),0,Financial Services
2025-10-30 12:48:24.610557,UCOBANK,BOOK 30% PROFITS,78.94611204570506,32.6,15.825242,8.405,0.0,🟢 STRONG BUY (UNDERVALUED) (DIVERSIFIES),0,Financial Services
2025-10-30 12:48:24.613802,RECLTD,INCREASE POSITION,91.66144610132744,379.1,5.790438,21.997,10.0,🟢 STRONG BUY (UNDERVALUED) (DIVERSIFIES),0,Financial Services
2025-10-30 12:48:24.617388,UNIONBANK,INCREASE POSITION,94.05729351601484,145.74,5.9123735,16.747,0.0,🟢 STRONG BUY (UNDERVALUED) (DIVERSIFIES),0,Financial Services
2025-10-30 12:48:24.620503,PNB,BOOK 30% PROFITS,85.48891614913519,120.76,8.142954,12.666,0.0,🟢 STRONG BUY (UNDERVALUED) (DIVERSIFIES),0,Financial Services
2025-10-30 12:48:24.623459,MAHABANK,INCREASE POSITION,90.84563215050314,58.87,7.4237075,22.427,0.0,🟢 STRONG BUY (UNDERVALUED) (DIVERSIFIES),0,Financial Services
2025-10-30 12:48:24.626436,CANBK,BOOK 30% PROFITS,89.65134503630084,131.3,6.4357843,16.364,0.0,🟢 STRONG BUY (UNDERVALUED) (DIVERSIFIES),0,Financial Services
2025-10-30 12:48:24.629400,CENTRALBK,BOOK 30% PROFITS,94.68137178266672,39.64,7.682171,12.716,0.0,🟢 STRONG BUY (UNDERVALUED) (DIVERSIFIES),0,Financial Services
2025-10-30 12:48:24.632881,BANKBARODA,BOOK 30% PROFITS,82.84603787804666,272.8,7.251462,13.797,0.0,🟢 STRONG BUY (UNDERVALUED) (DIVERSIFIES),0,Financial Services
2025-10-30 12:48:24.635944,BANKINDIA,BOOK 50% PROFITS,90.71559396818311,140.32,6.6219916,12.234,0.0,🟢 STRONG BUY (UNDERVALUED) (DIVERSIFIES),0,Financial Services
2025-10-30 12:48:24.639202,INDUSTOWER,INCREASE POSITION,83.28476435221468,367.3,10.363996,29.018998,10.0,🟢 STRONG BUY (UNDERVALUED) (DIVERSIFIES),0,Communication Services
2025-10-30 12:48:24.642306,GICRE,INCREASE POSITION,86.10219640386046,382.35,7.836647,9.172,0.0,🟢 STRONG BUY (UNDERVALUED) (DIVERSIFIES),0,Financial Services
2025-10-30 12:48:24.645352,BANDHANBNK,INCREASE POSITION,74.51030336774053,171.17,13.425097,0.0,0.0,🟢 STRONG BUY (UNDERVALUED) (DIVERSIFIES),0,Financial Services
2025-10-30 12:48:24.649042,ICICIBANK,INCREASE POSITION,71.77805429484052,1366.8,18.505281,17.599002,0.0,🟢 STRONG BUY (UNDERVALUED) (DIVERSIFIES),0,Financial Services
2025-10-30 12:48:24.652785,AUBANK,BOOK 30% PROFITS,65.83977721993034,878.9,30.182005,12.654000000000002,0.0,🟢 STRONG BUY (DIVERSIFIES),0,Financial Services
2025-10-30 12:48:24.655931,KOTAKBANK,INCREASE POSITION,65.14769275761557,2134.9,22.874744,11.78,0.0,🟢 STRONG BUY (UNDERVALUED) (DIVERSIFIES),0,Financial Services
2025-10-30 12:48:24.658994,NMDC,INCREASE POSITION,81.67448308794047,76.02,9.514393,23.584,10.0,🟢 BUY (VALUE) (DIVERSIFIES),0,Basic Materials
2025-10-30 12:48:24.661936,NESTLEIND,INCREASE POSITION,51.59900577058357,1277.0,83.5733,70.792,10.0,🟢 BUY (DIVERSIFIES),0,Consumer Defensive
2025-10-30 12:48:24.666110,HINDUNILVR,CONSIDER SELLING,45.335226088865134,2465.0,53.26275,21.819,3.611,🟠 WEAK SELL,0,Consumer Defensive
2025-10-30 13:06:57.696075,UJJIVANSFB,INCREASE POSITION,70.93624580339043,52.74,24.64486,6.832000000000001,0.0,🟢 STRONG BUY (UNDERVALUED) (DIVERSIFIES),0,Financial Services
2025-10-30 13:06:57.700464,IDBI,INCREASE POSITION,92.52843958208204,99.07,11.4664345,15.128,0.0,🟢 STRONG BUY (UNDERVALUED) (DIVERSIFIES),0,Financial Services
2025-10-30 13:06:57.704287,SBIN,BOOK 30% PROFITS,89.032144921692,940.8,10.571975,16.584,0.0,🟢 STRONG BUY (UNDERVALUED) (DIVERSIFIES),0,Financial Services
2025-10-30 13:06:57.707385,INDIANB,INCREASE POSITION,87.82052685650699,856.0,10.222116,15.754,0.0,🟢 STRONG BUY (UNDERVALUED) (DIVERSIFIES),0,Financial Services
2025-10-30 13:06:57.710680,CUB,INCREASE POSITION,87.76814177433599,234.97,15.033269,13.041,0.0,🟢 STRONG BUY (UNDERVALUED) (DIVERSIFIES),0,Financial Services
2025-10-30 13:06:57.714078,AXISBANK,INCREASE POSITION,75.46034409159259,1244.9,14.923281,14.004,0.0,🟢 STRONG BUY (UNDERVALUED) (DIVERSIFIES),0,Financial Services
2025-10-30 13:06:57.717876,ICICIGI,INCREASE POSITION,71.177859291145,2011.4,35.89863,17.802,0.0,🟢 STRONG BUY (DIVERSIFIES),0,Financial Services
2025-10-30 13:06:57.721610,KARURVYSYA,INCREASE POSITION,88.88675019831115,247.37,11.357667,17.764,0.0,🟢 STRONG BUY (UNDERVALUED) (DIVERSIFIES),0,Financial Services
2025-10-30 13:06:57.725427,CANBK,BOOK 30% PROFITS,93.22989308871249,133.69,6.5534315,16.364,0.0,🟢 STRONG BUY (UNDERVALUED) (DIVERSIFIES),0,Financial Services
2025-10-30 13:06:57.728852,HDFCBANK,BOOK 71% PROFITS,82.69899178713489,1001.2,22.889803,10.8430006,0.0,🟢 STRONG BUY (UNDERVALUED) (DIVERSIFIES),0,Financial Services
2025-10-30 13:06:57.732416,NMDC,INCREASE POSITION,81.6652939511299,75.95,9.505632,23.584,10.0,🟢 BUY (VALUE) (DIVERSIFIES),0,Basic Materials
2025-10-30 13:06:57.736498,FEDERALBNK,BOOK 30% PROFITS,81.25329196721121,235.35,14.737007,11.451,0.0,🟢 STRONG BUY (UNDERVALUED) (DIVERSIFIES),0,Financial Services
2025-10-30 13:06:57.739826,UCOBANK,BOOK 30% PROFITS,78.9570652457974,32.71,15.878641,8.405,0.0,🟢 STRONG BUY (UNDERVALUED) (DIVERSIFIES),0,Financial Services
2025-10-30 13:06:57.743133,RECLTD,INCREASE POSITION,91.66144610132744,378.85,5.7866197,21.997,10.0,🟢 STRONG BUY (UNDERVALUED) (DIVERSIFIES),0,Financial Services
2025-10-30 13:06:57.746687,UNIONBANK,INCREASE POSITION,94.07957493081942,146.74,5.9529414,16.747,0.0,🟢 STRONG BUY (UNDERVALUED) (DIVERSIFIES),0,Financial Services
2025-10-30 13:06:57.750266,PNB,BOOK 30% PROFITS,85.51300801172277,121.65,8.202967,12.666,0.0,🟢 STRONG BUY (UNDERVALUED) (DIVERSIFIES),0,Financial Services
2025-10-30 13:06:57.755118,MAHABANK,INCREASE POSITION,90.85999180295164,59.0,7.440101,22.427,0.0,🟢 STRONG BUY (UNDERVALUED) (DIVERSIFIES),0,Financial Services
2025-10-30 13:06:57.759044,BANKBARODA,BOOK 30% PROFITS,85.41544015603137,274.15,7.2873473,13.797,0.0,🟢 STRONG BUY (UNDERVALUED) (DIVERSIFIES),0,Financial Services
2025-10-30 13:06:57.762708,CENTRALBK,BOOK 30% PROFITS,94.68625918791707,39.7,7.693799,12.716,0.0,🟢 STRONG BUY (UNDERVALUED) (DIVERSIFIES),0,Financial Services
2025-10-30 13:06:57.766630,BANKINDIA,BOOK 50% PROFITS,90.7345561366769,141.11,6.659273,12.234,0.0,🟢 STRONG BUY (UNDERVALUED) (DIVERSIFIES),0,Financial Services
2025-10-30 13:06:57.770828,INDUSTOWER,INCREASE POSITION,83.28476435221468,367.3,10.363996,29.018998,10.0,🟢 STRONG BUY (UNDERVALUED) (DIVERSIFIES),0,Communication Services
2025-10-30 13:06:57.774422,GICRE,INCREASE POSITION,86.10167330277632,382.3,7.835622,9.172,0.0,🟢 STRONG BUY (UNDERVALUED) (DIVERSIFIES),0,Financial Services
2025-10-30 13:06:57.777904,BANDHANBNK,INCREASE POSITION,74.5000167807024,170.89,13.403137,0.0,0.0,🟢 STRONG BUY (UNDERVALUED) (DIVERSIFIES),0,Financial Services
2025-10-30 13:06:57.781318,ICICIBANK,INCREASE POSITION,71.7754685082824,1366.4,18.499865,17.599002,0.0,🟢 STRONG BUY (UNDERVALUED) (DIVERSIFIES),0,Financial Services
2025-10-30 13:06:57.786184,AUBANK,BOOK 30% PROFITS,65.83575746535912,877.45,30.132212,12.654000000000002,0.0,🟢 STRONG BUY (DIVERSIFIES),0,Financial Services
2025-10-30 13:06:57.790454,KOTAKBANK,INCREASE POSITION,65.40679653896498,2132.6,22.850101,11.78,0.0,🟢 STRONG BUY (UNDERVALUED) (DIVERSIFIES),0,Financial Services
2025-10-30 13:06:57.794350,NESTLEIND,INCREASE POSITION,51.45538961898976,1276.1,83.5144,70.792,10.0,🟢 BUY (DIVERSIFIES),0,Consumer Defensive
2025-10-30 13:06:57.798138,HINDUNILVR,CONSIDER SELLING,46.27073593519211,2467.9,53.32541,21.819,3.611,🟠 WEAK SELL,0,Consumer Defensive
2025-10-30 13:06:57.802365,M&MFIN,NEW POSITION,,313.75,16.556728,10.9919995,10.0,🟢 STRONG BUY (UNDERVALUED) (DIVERSIFIES),0,Financial Services
2025-10-30 13:06:57.806229,SHRIRAMFIN,NEW POSITION,,736.35,14.429747,18.113,10.0,🟢 STRONG BUY (UNDERVALUED) (DIVERSIFIES),0,Financial Services
2025-10-30 13:06:57.810422,BAJAJFINSV,NEW POSITION,,2109.3,35.76297,16.087,10.0,🟢 STRONG BUY (DIVERSIFIES),0,Financial Services
2025-10-30 13:06:57.814222,HINDALCO,NEW POSITION,,856.85,11.256568,14.729999,10.0,🟢 STRONG BUY (UNDERVALUED) (DIVERSIFIES),0,Basic Materials
2025-10-31 10:07:10.464859,UJJIVANSFB,INCREASE POSITION,71.36243890762702,52.22,24.401869,6.832000000000001,0.0,🟢 STRONG BUY (UNDERVALUED) (DIVERSIFIES),0,Financial Services
2025-10-31 10:07:10.480402,IDBI,INCREASE POSITION,92.68264414476428,100.74,11.659721,15.128,0.0,🟢 STRONG BUY (UNDERVALUED) (DIVERSIFIES),0,Financial Services
2025-10-31 10:07:10.485347,SBIN,BOOK 30% PROFITS,87.62215016816072,940.0,10.557053,16.584,0.0,🟢 STRONG BUY (UNDERVALUED) (DIVERSIFIES),0,Financial Services
2025-10-31 10:07:10.490319,CUB,INCREASE POSITION,89.75247157293785,232.56,14.888604,13.041,0.0,🟢 STRONG BUY (UNDERVALUED) (DIVERSIFIES),0,Financial Services
2025-10-31 10:07:10.494312,ICICIGI,INCREASE POSITION,68.90436946907572,2016.3,36.011787,17.802,0.0,🟢 STRONG BUY (DIVERSIFIES),0,Financial Services
2025-10-31 10:07:10.498507,KARURVYSYA,INCREASE POSITION,88.78783828718188,245.7,11.280992,17.764,0.0,🟢 STRONG BUY (UNDERVALUED) (DIVERSIFIES),0,Financial Services
2025-10-31 10:07:10.503885,INDIANB,BOOK 30% PROFITS,86.72876225942736,873.5,10.437328,15.754,0.0,🟢 STRONG BUY (UNDERVALUED) (DIVERSIFIES),0,Financial Services
2025-10-31 10:07:10.508156,FEDERALBNK,BOOK 30% PROFITS,81.47996053717381,236.6,14.815279,11.451,0.0,🟢 STRONG BUY (UNDERVALUED) (DIVERSIFIES),0,Financial Services
2025-10-31 10:07:10.512198,PNB,BOOK 30% PROFITS,85.65075332358172,121.88,8.212937,12.666,0.0,🟢 STRONG BUY (UNDERVALUED) (DIVERSIFIES),0,Financial Services
2025-10-31 10:07:10.516104,HDFCBANK,BOOK 71% PROFITS,82.04224529917501,996.6,22.79506,10.8430006,0.0,🟢 STRONG BUY (UNDERVALUED) (DIVERSIFIES),0,Financial Services
2025-10-31 10:07:10.521925,NMDC,INCREASE POSITION,85.51294106602323,75.56,9.456821,23.085,10.0,🟢 STRONG BUY (UNDERVALUED) (DIVERSIFIES),0,Basic Materials
2025-10-31 10:07:10.526372,CANBK,BOOK 30% PROFITS,92.31012882940624,135.77,5.7505293,16.364,0.0,🟢 STRONG BUY (UNDERVALUED) (DIVERSIFIES),0,Financial Services
2025-10-31 10:07:10.530345,UNIONBANK,INCREASE POSITION,92.70889242696676,148.39,6.1217,16.747,0.0,🟢 STRONG BUY (UNDERVALUED) (DIVERSIFIES),0,Financial Services
2025-10-31 10:07:10.535163,MAHABANK,INCREASE POSITION,92.38047226527026,59.25,7.4716268,22.427,0.0,🟢 STRONG BUY (UNDERVALUED) (DIVERSIFIES),0,Financial Services
2025-10-31 10:07:10.539989,UCOBANK,BOOK 30% PROFITS,79.12549517402599,33.0,16.019419,8.405,0.0,🟢 STRONG BUY (UNDERVALUED) (DIVERSIFIES),0,Financial Services
2025-10-31 10:07:10.544296,AXISBANK,INCREASE POSITION,74.48416168183064,1237.3,14.821514,14.004,0.0,🟢 STRONG BUY (UNDERVALUED) (DIVERSIFIES),0,Financial Services
2025-10-31 10:07:10.548613,BANKINDIA,BOOK 50% PROFITS,90.84453555514465,140.7,6.6461973,12.234,0.0,🟢 STRONG BUY (UNDERVALUED) (DIVERSIFIES),0,Financial Services
2025-10-31 10:07:10.554104,RECLTD,INCREASE POSITION,86.61674977973178,378.45,5.782277,21.997,10.0,🟢 STRONG BUY (UNDERVALUED) (DIVERSIFIES),0,Financial Services
2025-10-31 10:07:10.558520,CENTRALBK,BOOK 30% PROFITS,94.7066979273437,39.65,7.684109,12.716,0.0,🟢 STRONG BUY (UNDERVALUED) (DIVERSIFIES),0,Financial Services
2025-10-31 10:07:10.562559,INDUSTOWER,INCREASE POSITION,81.9779320421552,367.3,10.36692,29.018998,10.0,🟢 STRONG BUY (UNDERVALUED) (DIVERSIFIES),0,Communication Services
2025-10-31 10:07:10.567638,ICICIBANK,INCREASE POSITION,72.09414473366019,1357.8,18.388409,17.599002,0.0,🟢 STRONG BUY (UNDERVALUED) (DIVERSIFIES),0,Financial Services
2025-10-31 10:07:10.573137,GICRE,INCREASE POSITION,85.27702044922091,381.15,7.8088503,9.172,0.0,🟢 STRONG BUY (UNDERVALUED) (DIVERSIFIES),0,Financial Services
2025-10-31 10:07:10.577477,AUBANK,BOOK 30% PROFITS,66.00320337849658,878.05,30.204678,12.654000000000002,0.0,🟢 STRONG BUY (DIVERSIFIES),0,Financial Services
2025-10-31 10:07:10.581476,KOTAKBANK,INCREASE POSITION,64.97996687465076,2122.1,22.720558,11.78,0.0,🟢 STRONG BUY (UNDERVALUED) (DIVERSIFIES),0,Financial Services
2025-10-31 10:07:10.586886,BANDHANBNK,INCREASE POSITION,66.40813889215111,161.99,12.715072,0.0,0.0,🟢 STRONG BUY (UNDERVALUED) (DIVERSIFIES),0,Financial Services
2025-10-31 10:07:10.591427,BANKBARODA,BOOK 30% PROFITS,82.22719286983344,275.25,7.3126993,13.797,0.0,🟢 STRONG BUY (UNDERVALUED) (DIVERSIFIES),0,Financial Services
2025-10-31 10:07:10.595624,NESTLEIND,INCREASE POSITION,50.13812872829273,1281.4,83.424484,70.792,10.0,🟢 BUY (DIVERSIFIES),0,Consumer Defensive
2025-10-31 10:07:10.600282,HINDUNILVR,CONSIDER SELLING,46.66484275033985,2474.2,53.288822,21.819,3.611,🟠 WEAK SELL,0,Consumer Defensive
2025-10-31 10:07:10.605914,SHRIRAMFIN,NEW POSITION,,737.0,14.425524,18.113,10.0,🟢 STRONG BUY (UNDERVALUED) (DIVERSIFIES),0,Financial Services
2025-10-31 10:07:10.610135,BAJAJFINSV,NEW POSITION,,2120.8,35.945763,16.087,10.0,🟢 STRONG BUY (DIVERSIFIES),0,Financial Services
2025-10-31 10:07:10.614066,HINDALCO,NEW POSITION,,852.7,11.210887,14.729999,10.0,🟢 STRONG BUY (UNDERVALUED) (DIVERSIFIES),0,Basic Materials
2025-10-31 10:07:10.619415,MUTHOOTFIN,NEW POSITION,,3227.2,20.93681,21.574,10.0,🟢 STRONG BUY (UNDERVALUED) (DIVERSIFIES),0,Financial Services
2025-10-31 10:07:10.624019,M&MFIN,NEW POSITION,,316.5,16.684238,10.9919995,10.0,🟢 STRONG BUY (UNDERVALUED) (DIVERSIFIES),0,Financial Services
2025-11-02 11:27:32.148743,UJJIVANSFB,INCREASE POSITION,71.33882572834625,51.84,24.224298,6.832000000000001,0.0,🟢 STRONG BUY (UNDERVALUED) (DIVERSIFIES),0,Financial Services
2025-11-02 11:27:32.153512,IDBI,🚀 MOMENTUM PLAY - INCREASE,93.66084852167896,103.8,12.013888,15.128,0.0,🟢 STRONG BUY (UNDERVALUED) (DIVERSIFIES),0,Financial Services
2025-11-02 11:27:32.159164,SBIN,BOOK 30% PROFITS,88.59153958251764,937.0,10.525725,16.584,0.0,🟢 STRONG BUY (UNDERVALUED) (DIVERSIFIES),0,Financial Services
2025-11-02 11:27:32.162532,CUB,INCREASE POSITION,89.80160432355461,228.67,14.620844,13.041,0.0,🟢 STRONG BUY (UNDERVALUED) (DIVERSIFIES),0,Financial Services
2025-11-02 11:27:32.165794,INDIANB,BOOK 30% PROFITS,87.7897781278376,858.7,10.256808,15.754,0.0,🟢 STRONG BUY (UNDERVALUED) (DIVERSIFIES),0,Financial Services
2025-11-02 11:27:32.169106,ICICIGI,INCREASE POSITION,70.13787271397644,1993.7,35.589073,17.802,0.0,🟢 STRONG BUY (DIVERSIFIES),0,Financial Services
2025-11-02 11:27:32.172180,KARURVYSYA,INCREASE POSITION,90.94059267075885,243.15,11.158788,17.764,0.0,🟢 STRONG BUY (UNDERVALUED) (DIVERSIFIES),0,Financial Services
2025-11-02 11:27:32.175401,UCOBANK,BOOK 30% PROFITS,81.28162550573936,33.21,16.121359,8.405,0.0,🟢 STRONG BUY (UNDERVALUED) (DIVERSIFIES),0,Financial Services
2025-11-02 11:27:32.178604,PNB,BOOK 30% PROFITS,86.55331336655095,122.89,8.27542,12.666,0.0,🟢 STRONG BUY (UNDERVALUED) (DIVERSIFIES),0,Financial Services
2025-11-02 11:27:32.181795,HDFCBANK,BOOK 71% PROFITS,77.54257720152103,987.3,22.572016,10.8430006,0.0,🟢 STRONG BUY (UNDERVALUED) (DIVERSIFIES),0,Financial Services
2025-11-02 11:27:32.184936,BANDHANBNK,INCREASE POSITION,57.80443072600512,156.56,20.54593,5.056,0.0,🟢 BUY (VALUE) (DIVERSIFIES),0,Financial Services
2025-11-02 11:27:32.188228,CANBK,BOOK 30% PROFITS,96.69086140078088,136.99,5.799746,17.573999,0.0,🟢 STRONG BUY (UNDERVALUED) (DIVERSIFIES),0,Financial Services
2025-11-02 11:27:32.191458,FEDERALBNK,BOOK 30% PROFITS,81.48005283473282,236.61,14.815905,11.451,0.0,🟢 STRONG BUY (UNDERVALUED) (DIVERSIFIES),0,Financial Services
2025-11-02 11:27:32.194769,UNIONBANK,INCREASE POSITION,86.69727796429216,148.67,6.1357822,15.831,0.0,🟢 STRONG BUY (UNDERVALUED) (DIVERSIFIES),0,Financial Services
2025-11-02 11:27:32.198132,AXISBANK,INCREASE POSITION,74.66325472200707,1232.8,14.771149,14.004,0.0,🟢 STRONG BUY (UNDERVALUED) (DIVERSIFIES),0,Financial Services
2025-11-02 11:27:32.201781,BANKBARODA,BOOK 30% PROFITS,86.65728328760565,278.4,7.485883,13.797,0.0,🟢 STRONG BUY (UNDERVALUED) (DIVERSIFIES),0,Financial Services
2025-11-02 11:27:32.205192,BANKINDIA,BOOK 50% PROFITS,92.10226695314604,139.88,6.604344,12.234,0.0,🟢 STRONG BUY (UNDERVALUED) (DIVERSIFIES),0,Financial Services
2025-11-02 11:27:32.208725,MAHABANK,INCREASE POSITION,90.69360843165902,59.03,7.443884,22.427,0.0,🟢 STRONG BUY (UNDERVALUED) (DIVERSIFIES),0,Financial Services
2025-11-02 11:27:32.212021,RECLTD,INCREASE POSITION,85.0229472026476,374.85,5.727273,21.997,10.0,🟢 STRONG BUY (UNDERVALUED) (DIVERSIFIES),0,Financial Services
2025-11-02 11:27:32.215382,CENTRALBK,BOOK 30% PROFITS,95.4452453401678,39.48,7.651163,12.716,0.0,🟢 STRONG BUY (UNDERVALUED) (DIVERSIFIES),0,Financial Services
2025-11-02 11:27:32.218779,GICRE,INCREASE POSITION,83.55024986746346,374.2,7.668033,9.172,0.0,🟢 STRONG BUY (UNDERVALUED) (DIVERSIFIES),0,Financial Services
2025-11-02 11:27:32.222186,INDUSTOWER,INCREASE POSITION,80.10931644899338,363.6,10.268286,29.018998,10.0,🟢 STRONG BUY (UNDERVALUED) (DIVERSIFIES),0,Communication Services
2025-11-02 11:27:32.226217,ICICIBANK,INCREASE POSITION,72.63300306543448,1345.3,18.21419,17.599002,0.0,🟢 STRONG BUY (UNDERVALUED) (DIVERSIFIES),0,Financial Services
2025-11-02 11:27:32.229925,AUBANK,BOOK 30% PROFITS,66.0027151752692,877.85,30.208189,12.654000000000002,0.0,🟢 STRONG BUY (DIVERSIFIES),0,Financial Services
2025-11-02 11:27:32.233399,KOTAKBANK,INCREASE POSITION,65.05651180388654,2102.2,22.521963,11.78,0.0,🟢 STRONG BUY (UNDERVALUED) (DIVERSIFIES),0,Financial Services
2025-11-02 11:27:32.236870,NMDC,INCREASE POSITION,85.38968496150768,75.79,9.485607,23.085,10.0,🟢 STRONG BUY (UNDERVALUED) (DIVERSIFIES),0,Basic Materials
2025-11-02 11:27:32.241069,NESTLEIND,INCREASE POSITION,52.58323823859003,1271.6,83.328964,70.792,10.0,🟢 BUY (DIVERSIFIES),0,Consumer Defensive
2025-11-02 11:27:32.244878,HINDUNILVR,CONSIDER SELLING,46.33462521521126,2465.5,53.193096,21.819,3.611,🟠 WEAK SELL,0,Consumer Defensive
2025-11-02 11:27:32.248263,SHRIRAMFIN,NEW POSITION,,748.9,14.305636,17.323999,10.0,🟢 STRONG BUY (UNDERVALUED) (DIVERSIFIES),0,Financial Services
2025-11-02 11:27:32.251749,ITC,NEW POSITION,,420.35,26.108696,27.811000000000003,0.507,🟢 STRONG BUY (DIVERSIFIES),0,Consumer Defensive
2025-11-02 11:27:32.255535,HINDALCO,NEW POSITION,,847.85,11.135408,14.729999,10.0,🟢 STRONG BUY (UNDERVALUED) (DIVERSIFIES),0,Basic Materials
2025-11-02 11:27:32.259602,M&MFIN,NEW POSITION,,315.55,16.642933,10.9919995,10.0,🟢 STRONG BUY (UNDERVALUED) (DIVERSIFIES),0,Financial Services
2025-11-02 11:27:32.263191,INDUSINDBK,NEW POSITION,,794.8,8.229446,-1.161,0.0,🟢 STRONG BUY (UNDERVALUED) (DIVERSIFIES),0,Financial Services
2025-11-02 11:41:32.909918,UJJIVANSFB,INCREASE POSITION,71.33882572834625,51.84,24.224298,6.832000000000001,0.0,🟢 STRONG BUY (UNDERVALUED) (DIVERSIFIES),0,Financial Services
2025-11-02 11:41:32.914680,IDBI,🚀 MOMENTUM PLAY - INCREASE,93.66084852167896,103.8,12.013888,15.128,0.0,🟢 STRONG BUY (UNDERVALUED) (DIVERSIFIES),0,Financial Services
2025-11-02 11:41:32.920539,SBIN,BOOK 30% PROFITS,88.59153958251764,937.0,10.525725,16.584,0.0,🟢 STRONG BUY (UNDERVALUED) (DIVERSIFIES),0,Financial Services
2025-11-02 11:41:32.924290,CUB,INCREASE POSITION,89.80160432355461,228.67,14.620844,13.041,0.0,🟢 STRONG BUY (UNDERVALUED) (DIVERSIFIES),0,Financial Services
2025-11-02 11:41:32.928563,INDIANB,BOOK 30% PROFITS,87.7897781278376,858.7,10.256808,15.754,0.0,🟢 STRONG BUY (UNDERVALUED) (DIVERSIFIES),0,Financial Services
2025-11-02 11:41:32.932371,ICICIGI,INCREASE POSITION,70.13787271397644,1993.7,35.589073,17.802,0.0,🟢 STRONG BUY (DIVERSIFIES),0,Financial Services
2025-11-02 11:41:32.935923,KARURVYSYA,INCREASE POSITION,90.94059267075885,243.15,11.158788,17.764,0.0,🟢 STRONG BUY (UNDERVALUED) (DIVERSIFIES),0,Financial Services
2025-11-02 11:41:32.939498,UCOBANK,BOOK 30% PROFITS,81.28162550573936,33.21,16.121359,8.405,0.0,🟢 STRONG BUY (UNDERVALUED) (DIVERSIFIES),0,Financial Services
2025-11-02 11:41:32.943453,PNB,BOOK 30% PROFITS,86.55331336655095,122.89,8.27542,12.666,0.0,🟢 STRONG BUY (UNDERVALUED) (DIVERSIFIES),0,Financial Services
2025-11-02 11:41:32.947531,HDFCBANK,BOOK 71% PROFITS,77.54257725397493,987.3,22.572016,10.8430006,0.0,🟢 STRONG BUY (UNDERVALUED) (DIVERSIFIES),0,Financial Services
2025-11-02 11:41:32.951300,BANDHANBNK,INCREASE POSITION,57.80443072600512,156.56,20.54593,5.056,0.0,🟢 BUY (VALUE) (DIVERSIFIES),0,Financial Services
2025-11-02 11:41:32.954732,CANBK,BOOK 30% PROFITS,96.69086140078088,136.99,5.799746,17.573999,0.0,🟢 STRONG BUY (UNDERVALUED) (DIVERSIFIES),0,Financial Services
2025-11-02 11:41:32.958306,FEDERALBNK,BOOK 30% PROFITS,81.48005283473282,236.61,14.815905,11.451,0.0,🟢 STRONG BUY (UNDERVALUED) (DIVERSIFIES),0,Financial Services
2025-11-02 11:41:32.962279,UNIONBANK,INCREASE POSITION,86.69727796429216,148.67,6.1357822,15.831,0.0,🟢 STRONG BUY (UNDERVALUED) (DIVERSIFIES),0,Financial Services
2025-11-02 11:41:32.966029,AXISBANK,INCREASE POSITION,74.66325472200707,1232.8,14.771149,14.004,0.0,🟢 STRONG BUY (UNDERVALUED) (DIVERSIFIES),0,Financial Services
2025-11-02 11:41:32.969465,BANKBARODA,BOOK 30% PROFITS,86.65728328760565,278.4,7.485883,13.797,0.0,🟢 STRONG BUY (UNDERVALUED) (DIVERSIFIES),0,Financial Services
2025-11-02 11:41:32.972900,BANKINDIA,BOOK 50% PROFITS,92.10226695314604,139.88,6.604344,12.234,0.0,🟢 STRONG BUY (UNDERVALUED) (DIVERSIFIES),0,Financial Services
2025-11-02 11:41:32.976795,MAHABANK,INCREASE POSITION,90.69360843165902,59.03,7.443884,22.427,0.0,🟢 STRONG BUY (UNDERVALUED) (DIVERSIFIES),0,Financial Services
2025-11-02 11:41:32.980593,RECLTD,INCREASE POSITION,85.0229468741415,374.85,5.727273,21.997,10.0,🟢 STRONG BUY (UNDERVALUED) (DIVERSIFIES),0,Financial Services
2025-11-02 11:41:32.984287,CENTRALBK,BOOK 30% PROFITS,95.4452453401678,39.48,7.651163,12.716,0.0,🟢 STRONG BUY (UNDERVALUED) (DIVERSIFIES),0,Financial Services
2025-11-02 11:41:32.987750,GICRE,INCREASE POSITION,83.55024986746346,374.2,7.668033,9.172,0.0,🟢 STRONG BUY (UNDERVALUED) (DIVERSIFIES),0,Financial Services
2025-11-02 11:41:32.991562,INDUSTOWER,INCREASE POSITION,80.10931644899338,363.6,10.268286,29.018998,10.0,🟢 STRONG BUY (UNDERVALUED) (DIVERSIFIES),0,Communication Services
2025-11-02 11:41:32.995633,ICICIBANK,INCREASE POSITION,72.63300306543448,1345.3,18.21419,17.599002,0.0,🟢 STRONG BUY (UNDERVALUED) (DIVERSIFIES),0,Financial Services
2025-11-02 11:41:32.999317,KOTAKBANK,INCREASE POSITION,65.05651180388654,2102.2,22.521963,11.78,0.0,🟢 STRONG BUY (UNDERVALUED) (DIVERSIFIES),0,Financial Services
2025-11-02 11:41:33.002942,AUBANK,BOOK 30% PROFITS,65.80271517526919,,0.0,0.0,0.0,🟡 HOLD (LOW DATA QUALITY),0,Unknown
2025-11-02 12:22:44.315441,UJJIVANSFB,INCREASE POSITION,71.33882572834625,51.84,24.224298,6.832000000000001,0.0,🟢 STRONG BUY (UNDERVALUED) (DIVERSIFIES),0,Financial Services
2025-11-02 12:22:44.320497,IDBI,🚀 MOMENTUM PLAY - INCREASE,93.66084852167896,103.8,12.013888,15.128,0.0,🟢 STRONG BUY (UNDERVALUED) (DIVERSIFIES),0,Financial Services
2025-11-02 12:22:44.326400,SBIN,BOOK 30% PROFITS,88.59153958251764,937.0,10.525725,16.584,0.0,🟢 STRONG BUY (UNDERVALUED) (DIVERSIFIES),0,Financial Services
2025-11-02 12:22:44.330755,CUB,INCREASE POSITION,89.80160432355461,228.67,14.620844,13.041,0.0,🟢 STRONG BUY (UNDERVALUED) (DIVERSIFIES),0,Financial Services
2025-11-02 12:22:44.334763,INDIANB,BOOK 30% PROFITS,87.7897781278376,858.7,10.256808,15.754,0.0,🟢 STRONG BUY (UNDERVALUED) (DIVERSIFIES),0,Financial Services
2025-11-02 12:22:44.338367,ICICIGI,INCREASE POSITION,70.1378727398533,1993.7,35.589073,17.802,0.0,🟢 STRONG BUY (DIVERSIFIES),0,Financial Services
2025-11-02 12:22:44.342047,KARURVYSYA,INCREASE POSITION,90.94059267075885,243.15,11.158788,17.764,0.0,🟢 STRONG BUY (UNDERVALUED) (DIVERSIFIES),0,Financial Services
2025-11-02 12:22:44.346209,UCOBANK,BOOK 30% PROFITS,81.28162550573936,33.21,16.121359,8.405,0.0,🟢 STRONG BUY (UNDERVALUED) (DIVERSIFIES),0,Financial Services
2025-11-02 12:22:44.350345,PNB,BOOK 30% PROFITS,86.55331336655095,122.89,8.27542,12.666,0.0,🟢 STRONG BUY (UNDERVALUED) (DIVERSIFIES),0,Financial Services
2025-11-02 12:22:44.353998,HDFCBANK,BOOK 71% PROFITS,77.54257720152103,987.3,22.572016,10.8430006,0.0,🟢 STRONG BUY (UNDERVALUED) (DIVERSIFIES),0,Financial Services
2025-11-02 12:22:44.357654,BANDHANBNK,INCREASE POSITION,57.80443072600512,156.56,20.54593,5.056,0.0,🟢 BUY (VALUE) (DIVERSIFIES),0,Financial Services
2025-11-02 12:22:44.361337,CANBK,BOOK 30% PROFITS,96.69086140078088,136.99,5.799746,17.573999,0.0,🟢 STRONG BUY (UNDERVALUED) (DIVERSIFIES),0,Financial Services
2025-11-02 12:22:44.365731,FEDERALBNK,BOOK 30% PROFITS,81.48005283473282,236.61,14.815905,11.451,0.0,🟢 STRONG BUY (UNDERVALUED) (DIVERSIFIES),0,Financial Services
2025-11-02 12:22:44.369534,UNIONBANK,INCREASE POSITION,86.69727796429216,148.67,6.1357822,15.831,0.0,🟢 STRONG BUY (UNDERVALUED) (DIVERSIFIES),0,Financial Services
2025-11-02 12:22:44.373156,AXISBANK,INCREASE POSITION,74.66325472200707,1232.8,14.771149,14.004,0.0,🟢 STRONG BUY (UNDERVALUED) (DIVERSIFIES),0,Financial Services
2025-11-02 12:22:44.376840,BANKBARODA,BOOK 30% PROFITS,86.65728328760565,278.4,7.485883,13.797,0.0,🟢 STRONG BUY (UNDERVALUED) (DIVERSIFIES),0,Financial Services
2025-11-02 12:22:44.381040,BANKINDIA,BOOK 50% PROFITS,92.10226695314604,139.88,6.604344,12.234,0.0,🟢 STRONG BUY (UNDERVALUED) (DIVERSIFIES),0,Financial Services
2025-11-02 12:22:44.384901,MAHABANK,INCREASE POSITION,90.69360843165902,59.03,7.443884,22.427,0.0,🟢 STRONG BUY (UNDERVALUED) (DIVERSIFIES),0,Financial Services
2025-11-02 12:22:44.388544,RECLTD,INCREASE POSITION,85.0229468741415,374.85,5.727273,21.997,10.0,🟢 STRONG BUY (UNDERVALUED) (DIVERSIFIES),0,Financial Services
2025-11-02 12:22:44.392098,CENTRALBK,BOOK 30% PROFITS,95.4452453401678,39.48,7.651163,12.716,0.0,🟢 STRONG BUY (UNDERVALUED) (DIVERSIFIES),0,Financial Services
2025-11-02 12:22:44.396060,GICRE,INCREASE POSITION,83.55024986746346,374.2,7.668033,9.172,0.0,🟢 STRONG BUY (UNDERVALUED) (DIVERSIFIES),0,Financial Services
2025-11-02 12:22:44.400654,INDUSTOWER,INCREASE POSITION,80.10931644899338,363.6,10.268286,29.018998,10.0,🟢 STRONG BUY (UNDERVALUED) (DIVERSIFIES),0,Communication Services
2025-11-02 12:22:44.404448,ICICIBANK,INCREASE POSITION,72.63300306543448,1345.3,18.21419,17.599002,0.0,🟢 STRONG BUY (UNDERVALUED) (DIVERSIFIES),0,Financial Services
2025-11-02 12:22:44.408252,AUBANK,BOOK 30% PROFITS,66.0027151752692,877.85,30.208189,12.654000000000002,0.0,🟢 STRONG BUY (DIVERSIFIES),0,Financial Services
2025-11-02 12:22:44.411943,KOTAKBANK,INCREASE POSITION,65.05651180388654,2102.2,22.521963,11.78,0.0,🟢 STRONG BUY (UNDERVALUED) (DIVERSIFIES),0,Financial Services
2025-11-02 12:22:44.416260,NMDC,INCREASE POSITION,85.38968491505203,75.79,9.485607,23.085,10.0,🟢 STRONG BUY (UNDERVALUED) (DIVERSIFIES),0,Basic Materials
2025-11-02 12:22:44.420092,NESTLEIND,INCREASE POSITION,52.58323823859003,1271.6,83.328964,70.792,10.0,🟢 BUY (DIVERSIFIES),0,Consumer Defensive
2025-11-02 12:22:44.423710,HINDUNILVR,CONSIDER SELLING,46.33462521521126,2465.5,53.193096,21.819,3.611,🟠 WEAK SELL,0,Consumer Defensive
2025-11-02 12:22:44.427434,SHRIRAMFIN,NEW POSITION,,748.9,14.305636,17.323999,10.0,🟢 STRONG BUY (UNDERVALUED) (DIVERSIFIES),0,Financial Services
2025-11-02 12:22:44.432036,ITC,NEW POSITION,,420.35,26.108696,27.811000000000003,0.507,🟢 STRONG BUY (DIVERSIFIES),0,Consumer Defensive
2025-11-02 12:22:44.436058,HINDALCO,NEW POSITION,,847.85,11.135408,14.729999,10.0,🟢 STRONG BUY (UNDERVALUED) (DIVERSIFIES),0,Basic Materials
2025-11-02 12:22:44.439896,M&MFIN,NEW POSITION,,315.55,16.642933,10.9919995,10.0,🟢 STRONG BUY (UNDERVALUED) (DIVERSIFIES),0,Financial Services
2025-11-02 12:22:44.443565,INDUSINDBK,NEW POSITION,,794.8,8.229446,-1.161,0.0,🟢 STRONG BUY (UNDERVALUED) (DIVERSIFIES),0,Financial Services
2025-11-03 12:57:42.839732,UJJIVANSFB,INCREASE POSITION,70.78952661341873,52.5,24.53271,6.832000000000001,0.0,🟢 STRONG BUY (UNDERVALUED) (DIVERSIFIES),0,Financial Services
2025-11-03 12:57:42.905600,IDBI,INCREASE POSITION,92.47052476560124,102.07,11.813657,15.128,0.0,🟢 STRONG BUY (UNDERVALUED) (DIVERSIFIES),0,Financial Services
2025-11-03 12:57:42.929056,SBIN,INCREASE POSITION,87.4959206459999,947.5,10.643676,16.584,0.0,🟢 STRONG BUY (UNDERVALUED) (DIVERSIFIES),0,Financial Services
2025-11-03 12:57:42.952842,KARURVYSYA,INCREASE POSITION,90.16657662789744,254.1,11.661312,17.764,0.0,🟢 STRONG BUY (UNDERVALUED) (DIVERSIFIES),0,Financial Services
2025-11-03 12:57:42.980099,CUB,INCREASE POSITION,89.67497317588877,234.0,14.961637,13.041,0.0,🟢 STRONG BUY (UNDERVALUED) (DIVERSIFIES),0,Financial Services
2025-11-03 12:57:43.004329,ICICIGI,INCREASE POSITION,68.76411263101218,2004.8,35.78722,17.802,0.0,🟢 STRONG BUY (DIVERSIFIES),0,Financial Services
2025-11-03 12:57:43.027962,INDIANB,INCREASE POSITION,87.81506201397467,880.9,10.521978,15.754,0.0,🟢 STRONG BUY (UNDERVALUED) (DIVERSIFIES),0,Financial Services
2025-11-03 12:57:43.051614,FEDERALBNK,INCREASE POSITION,81.43053244888772,238.0,14.902943,11.451,0.0,🟢 STRONG BUY (UNDERVALUED) (DIVERSIFIES),0,Financial Services
2025-11-03 12:57:43.071682,UCOBANK,BOOK 30% PROFITS,80.29370357140058,33.64,16.330097,8.405,0.0,🟢 STRONG BUY (UNDERVALUED) (DIVERSIFIES),0,Financial Services
2025-11-03 12:57:43.093490,HDFCBANK,BOOK 70% PROFITS,78.4837629909342,991.0,22.656607,10.8430006,0.0,🟢 STRONG BUY (UNDERVALUED) (DIVERSIFIES),0,Financial Services
2025-11-03 12:57:43.116952,BANDHANBNK,INCREASE POSITION,57.29598413650979,158.0,20.74147,5.056,0.0,🟢 BUY (VALUE) (DIVERSIFIES),0,Financial Services
2025-11-03 12:57:43.138316,PNB,BOOK 30% PROFITS,85.52148713919367,123.49,8.3158245,12.666,0.0,🟢 STRONG BUY (UNDERVALUED) (DIVERSIFIES),0,Financial Services
2025-11-03 12:57:43.166902,CANBK,BOOK 30% PROFITS,93.96670185243852,139.79,5.918289,17.573999,0.0,🟢 STRONG BUY (UNDERVALUED) (DIVERSIFIES),0,Financial Services
2025-11-03 12:57:43.230204,UNIONBANK,INCREASE POSITION,86.83667097552788,150.45,6.2092447,15.831,0.0,🟢 STRONG BUY (UNDERVALUED) (DIVERSIFIES),0,Financial Services
2025-11-03 12:57:43.252879,AXISBANK,INCREASE POSITION,74.7363124590535,1238.4,14.838246,14.004,0.0,🟢 STRONG BUY (UNDERVALUED) (DIVERSIFIES),0,Financial Services
2025-11-03 12:57:43.279843,BANKBARODA,BOOK 30% PROFITS,91.15657616222884,291.5,7.838129,13.079001000000002,0.0,🟢 STRONG BUY (UNDERVALUED) (DIVERSIFIES),0,Financial Services
2025-11-03 12:57:43.298182,BANKINDIA,BOOK 50% PROFITS,91.3153133949786,141.93,6.701133,12.234,0.0,🟢 STRONG BUY (UNDERVALUED) (DIVERSIFIES),0,Financial Services
2025-11-03 12:57:43.314598,CENTRALBK,BOOK 30% PROFITS,95.16617555597075,40.0,7.7519383,12.716,0.0,🟢 STRONG BUY (UNDERVALUED) (DIVERSIFIES),0,Financial Services
2025-11-03 12:57:43.346536,RECLTD,INCREASE POSITION,84.68801254826523,376.45,5.7517195,21.997,10.0,🟢 STRONG BUY (UNDERVALUED) (DIVERSIFIES),0,Financial Services
2025-11-03 12:57:43.372568,MAHABANK,INCREASE POSITION,90.77095526267954,59.56,7.5107193,22.427,0.0,🟢 STRONG BUY (UNDERVALUED) (DIVERSIFIES),0,Financial Services
2025-11-03 12:57:43.393646,INDUSTOWER,INCREASE POSITION,81.40158296044058,366.9,10.36148,29.018998,10.0,🟢 STRONG BUY (UNDERVALUED) (DIVERSIFIES),0,Communication Services
2025-11-03 12:57:43.418779,ICICIBANK,INCREASE POSITION,71.02987105562283,1345.2,18.212833,17.599002,0.0,🟢 STRONG BUY (UNDERVALUED) (DIVERSIFIES),0,Financial Services
2025-11-03 12:57:43.443475,AUBANK,BOOK 30% PROFITS,68.39539190795143,869.45,29.919134,12.654000000000002,0.0,🟢 STRONG BUY (DIVERSIFIES),0,Financial Services
2025-11-03 12:57:43.467006,GICRE,INCREASE POSITION,86.54183933554896,377.9,7.7438526,9.172,0.0,🟢 STRONG BUY (UNDERVALUED) (DIVERSIFIES),0,Financial Services
2025-11-03 12:57:43.487245,KOTAKBANK,INCREASE POSITION,64.74152296952019,2108.0,22.584103,11.78,0.0,🟢 STRONG BUY (UNDERVALUED) (DIVERSIFIES),0,Financial Services
2025-11-03 12:57:43.512683,BAJAJFINSV,INCREASE POSITION,59.251251198902736,2086.8,35.309647,16.087,10.0,🟢 STRONG BUY (DIVERSIFIES),0,Financial Services
2025-11-03 12:57:43.537507,NESTLEIND,INCREASE POSITION,52.15646683866716,1263.3,82.785065,70.792,10.0,🟢 BUY (DIVERSIFIES),0,Consumer Defensive
2025-11-03 12:57:43.552889,HINDUNILVR,CONSIDER SELLING,46.135755274903765,2453.4,52.932037,21.819,3.611,🟠 WEAK SELL,0,Consumer Defensive
2025-11-03 12:57:43.587966,SHRIRAMFIN,NEW POSITION,,788.15,15.056353,17.323999,10.0,🟢 STRONG BUY (UNDERVALUED) (DIVERSIFIES),0,Financial Services
2025-11-03 12:57:43.607042,ITC,NEW POSITION,,414.55,25.748446,27.811000000000003,0.507,🟢 STRONG BUY (DIVERSIFIES),0,Consumer Defensive
2025-11-03 12:57:43.639734,VEDL,NEW POSITION,,513.1,13.826461,35.051998,10.0,🟢 STRONG BUY (DIVERSIFIES),0,Basic Materials
2025-11-03 12:57:43.661518,HINDALCO,NEW POSITION,,851.9,11.188601,14.729999,10.0,🟢 STRONG BUY (UNDERVALUED) (DIVERSIFIES),0,Basic Materials
2025-11-03 16:14:48.376438,AXISBANK,HOLD CURRENT,0.0,1233.0,0.0,0.0,0.0,HOLD (NOT ANALYZED),0,Unknown
2025-11-03 16:14:48.404376,BAJAJFINSV,HOLD CURRENT,0.0,2088.3,0.0,0.0,0.0,HOLD (NOT ANALYZED),0,Unknown
2025-11-03 16:14:48.420914,BANDHANBNK,HOLD CURRENT,0.0,156.56,0.0,0.0,0.0,HOLD (NOT ANALYZED),0,Unknown
2025-11-03 16:14:48.439531,BANKBARODA,HOLD CURRENT,0.0,278.4,0.0,0.0,0.0,HOLD (NOT ANALYZED),0,Unknown
2025-11-03 16:14:48.458585,CENTRALBK,HOLD CURRENT,0.0,39.49,0.0,0.0,0.0,HOLD (NOT ANALYZED),0,Unknown
2025-11-03 16:14:48.487859,CUB,HOLD CURRENT,0.0,229.1,0.0,0.0,0.0,HOLD (NOT ANALYZED),0,Unknown
2025-11-03 16:14:48.513164,FEDERALBNK,HOLD CURRENT,0.0,236.75,0.0,0.0,0.0,HOLD (NOT ANALYZED),0,Unknown
2025-11-03 16:14:48.537972,GICRE,HOLD CURRENT,0.0,374.5,0.0,0.0,0.0,HOLD (NOT ANALYZED),0,Unknown
2025-11-03 16:14:48.563841,HDFCBANK,HOLD CURRENT,0.0,987.65,0.0,0.0,0.0,HOLD (NOT ANALYZED),0,Unknown
2025-11-03 16:14:48.584137,HINDUNILVR,HOLD CURRENT,0.0,2466.65,0.0,0.0,0.0,HOLD (NOT ANALYZED),0,Unknown
2025-11-03 16:14:48.603076,ICICIBANK,HOLD CURRENT,0.0,1345.3,0.0,0.0,0.0,HOLD (NOT ANALYZED),0,Unknown
2025-11-03 16:14:48.618000,ICICIGI,HOLD CURRENT,0.0,1995.85,0.0,0.0,0.0,HOLD (NOT ANALYZED),0,Unknown
2025-11-03 16:14:48.629805,IDBI,HOLD CURRENT,0.0,103.8,0.0,0.0,0.0,HOLD (NOT ANALYZED),0,Unknown
2025-11-03 16:14:48.639244,INDIANB,HOLD CURRENT,0.0,859.9,0.0,0.0,0.0,HOLD (NOT ANALYZED),0,Unknown
2025-11-03 16:14:48.651460,INDUSTOWER,HOLD CURRENT,0.0,363.75,0.0,0.0,0.0,HOLD (NOT ANALYZED),0,Unknown
2025-11-03 16:14:48.664036,KARURVYSYA,HOLD CURRENT,0.0,243.15,0.0,0.0,0.0,HOLD (NOT ANALYZED),0,Unknown
2025-11-03 16:14:48.674052,KOTAKBANK,HOLD CURRENT,0.0,2102.2,0.0,0.0,0.0,HOLD (NOT ANALYZED),0,Unknown
2025-11-03 16:14:48.681700,MAHABANK,HOLD CURRENT,0.0,59.04,0.0,0.0,0.0,HOLD (NOT ANALYZED),0,Unknown
2025-11-03 16:14:48.698925,NESTLEIND,HOLD CURRENT,0.0,1271.6,0.0,0.0,0.0,HOLD (NOT ANALYZED),0,Unknown
2025-11-03 16:14:48.710638,PNB,HOLD CURRENT,0.0,122.9,0.0,0.0,0.0,HOLD (NOT ANALYZED),0,Unknown
2025-11-03 16:14:48.720954,RECLTD,HOLD CURRENT,0.0,375.0,0.0,0.0,0.0,HOLD (NOT ANALYZED),0,Unknown
2025-11-03 16:14:48.736566,SBIN,HOLD CURRENT,0.0,937.0,0.0,0.0,0.0,HOLD (NOT ANALYZED),0,Unknown
2025-11-03 16:14:48.749219,UCOBANK,HOLD CURRENT,0.0,33.21,0.0,0.0,0.0,HOLD (NOT ANALYZED),0,Unknown
2025-11-03 16:14:48.760635,UJJIVANSFB,HOLD CURRENT,0.0,51.8,0.0,0.0,0.0,HOLD (NOT ANALYZED),0,Unknown
2025-11-03 16:14:48.764726,UNIONBANK,HOLD CURRENT,0.0,148.67,0.0,0.0,0.0,HOLD (NOT ANALYZED),0,Unknown
2025-11-03 16:14:48.783876,AUBANK,HOLD CURRENT,0.0,878.1,0.0,0.0,0.0,HOLD (NOT ANALYZED),0,Unknown
2025-11-03 16:14:48.799322,BANKINDIA,HOLD CURRENT,0.0,139.88,0.0,0.0,0.0,HOLD (NOT ANALYZED),0,Unknown
2025-11-03 16:14:48.811814,CANBK,HOLD CURRENT,0.0,136.99,0.0,0.0,0.0,HOLD (NOT ANALYZED),0,Unknown
2025-11-03 16:14:48.828650,RELIANCE,NEW POSITION,,1484.7,24.184721,9.717,10.0,🟢 BUY (DIVERSIFIES),0,Energy
2025-11-03 16:16:17.165434,UJJIVANSFB,INCREASE POSITION,71.15043643744715,52.68,24.616821,6.832000000000001,0.0,🟢 STRONG BUY (UNDERVALUED) (DIVERSIFIES),0,Financial Services
2025-11-03 16:16:17.192287,INDIANB,INCREASE POSITION,87.8129092981237,880.35,10.5154085,15.754,0.0,🟢 STRONG BUY (UNDERVALUED) (DIVERSIFIES),0,Financial Services
2025-11-03 16:16:17.208965,IDBI,INCREASE POSITION,92.45189553483247,101.51,11.748842,15.128,0.0,🟢 STRONG BUY (UNDERVALUED) (DIVERSIFIES),0,Financial Services
2025-11-03 16:16:17.221413,SBIN,INCREASE POSITION,88.48359090008556,949.7,10.668389,16.584,0.0,🟢 STRONG BUY (UNDERVALUED) (DIVERSIFIES),0,Financial Services
2025-11-03 16:16:17.237517,KARURVYSYA,INCREASE POSITION,90.14723726289766,251.8,11.555759,17.764,0.0,🟢 STRONG BUY (UNDERVALUED) (DIVERSIFIES),0,Financial Services
2025-11-03 16:16:17.256445,CUB,INCREASE POSITION,88.6184151561238,236.04,15.092071,13.041,0.0,🟢 STRONG BUY (UNDERVALUED) (DIVERSIFIES),0,Financial Services
2025-11-03 16:16:17.273640,ICICIGI,INCREASE POSITION,69.08304361922438,2007.6,35.8372,17.802,0.0,🟢 STRONG BUY (DIVERSIFIES),0,Financial Services
2025-11-03 16:16:17.292153,UCOBANK,BOOK 30% PROFITS,81.26775784967086,33.58,16.300972,8.405,0.0,🟢 STRONG BUY (UNDERVALUED) (DIVERSIFIES),0,Financial Services
2025-11-03 16:16:17.312216,HDFCBANK,BOOK 70% PROFITS,78.80067892651728,992.65,22.69433,10.8430006,0.0,🟢 STRONG BUY (UNDERVALUED) (DIVERSIFIES),0,Financial Services
2025-11-03 16:16:17.336491,BANDHANBNK,INCREASE POSITION,56.61260757923411,157.6,20.682415,5.056,0.0,🟢 BUY (VALUE) (DIVERSIFIES),0,Financial Services
2025-11-03 16:16:17.366452,CANBK,BOOK 30% PROFITS,93.96202766757708,139.6,5.9102454,17.573999,0.0,🟢 STRONG BUY (UNDERVALUED) (DIVERSIFIES),0,Financial Services
2025-11-03 16:16:17.376652,FEDERALBNK,INCREASE POSITION,81.42954543261543,237.89,14.896055,11.451,0.0,🟢 STRONG BUY (UNDERVALUED) (DIVERSIFIES),0,Financial Services
2025-11-03 16:16:17.400001,PNB,BOOK 30% PROFITS,85.52228915219676,123.52,8.317844,12.666,0.0,🟢 STRONG BUY (UNDERVALUED) (DIVERSIFIES),0,Financial Services
2025-11-03 16:16:17.416817,UNIONBANK,INCREASE POSITION,86.7061790841633,150.88,6.2269917,15.831,0.0,🟢 STRONG BUY (UNDERVALUED) (DIVERSIFIES),0,Financial Services
2025-11-03 16:16:17.433188,MAHABANK,INCREASE POSITION,93.801568998365,59.94,7.558638,22.427,0.0,🟢 STRONG BUY (UNDERVALUED) (DIVERSIFIES),0,Financial Services
2025-11-03 16:16:17.449994,RECLTD,INCREASE POSITION,87.79683026966282,379.2,5.793736,21.997,10.0,🟢 STRONG BUY (UNDERVALUED) (DIVERSIFIES),0,Financial Services
2025-11-03 16:16:17.464552,AXISBANK,INCREASE POSITION,75.68769432040628,1233.7,14.781931,14.004,0.0,🟢 STRONG BUY (UNDERVALUED) (DIVERSIFIES),0,Financial Services
2025-11-03 16:16:17.481516,BANKBARODA,BOOK 30% PROFITS,91.67808068577408,291.2,7.8300624,13.079001000000002,0.0,🟢 STRONG BUY (UNDERVALUED) (DIVERSIFIES),0,Financial Services
2025-11-03 16:16:17.501225,INDUSTOWER,INCREASE POSITION,83.04292808043542,382.75,10.809093,29.018998,10.0,🟢 STRONG BUY (UNDERVALUED) (DIVERSIFIES),0,Communication Services
2025-11-03 16:16:17.520966,BANKINDIA,BOOK 50% PROFITS,90.70772664268212,142.13,6.710576,12.234,0.0,🟢 STRONG BUY (UNDERVALUED) (DIVERSIFIES),0,Financial Services
2025-11-03 16:16:17.535466,CENTRALBK,BOOK 30% PROFITS,95.77464602301254,39.95,7.7422485,12.716,0.0,🟢 STRONG BUY (UNDERVALUED) (DIVERSIFIES),0,Financial Services
2025-11-03 16:16:17.551619,ICICIBANK,INCREASE POSITION,71.34352086868668,1346.4,18.229082,17.599002,0.0,🟢 STRONG BUY (UNDERVALUED) (DIVERSIFIES),0,Financial Services
2025-11-03 16:16:17.567391,AUBANK,BOOK 30% PROFITS,68.38366385682276,866.95,29.833105,12.654000000000002,0.0,🟢 STRONG BUY (DIVERSIFIES),0,Financial Services
2025-11-03 16:16:17.583188,GICRE,INCREASE POSITION,86.8820435266843,379.55,7.7776637,9.172,0.0,🟢 STRONG BUY (UNDERVALUED) (DIVERSIFIES),0,Financial Services
2025-11-03 16:16:17.598724,KOTAKBANK,INCREASE POSITION,64.53249499081717,2113.5,22.643026,11.78,0.0,🟢 STRONG BUY (UNDERVALUED) (DIVERSIFIES),0,Financial Services
2025-11-03 16:16:17.616791,BAJAJFINSV,INCREASE POSITION,59.38999724661242,2081.6,35.22166,16.087,10.0,🟢 STRONG BUY (DIVERSIFIES),0,Financial Services
2025-11-03 16:16:17.631228,NESTLEIND,INCREASE POSITION,51.12519941592225,1266.7,83.00786,70.792,10.0,🟢 BUY (DIVERSIFIES),0,Consumer Defensive
2025-11-03 16:16:17.647514,HINDUNILVR,CONSIDER SELLING,45.97064136880898,2460.0,53.074436,21.819,3.611,🟠 WEAK SELL,0,Consumer Defensive
2025-11-03 16:22:20.708573,UJJIVANSFB,INCREASE POSITION,71.15043643744715,52.68,24.616821,6.832000000000001,0.0,🟢 STRONG BUY (UNDERVALUED) (DIVERSIFIES),0,Financial Services
2025-11-03 16:22:20.728925,INDIANB,INCREASE POSITION,87.8129092981237,880.35,10.5154085,15.754,0.0,🟢 STRONG BUY (UNDERVALUED) (DIVERSIFIES),0,Financial Services
2025-11-03 16:22:20.750942,IDBI,INCREASE POSITION,92.45189553483247,101.51,11.748842,15.128,0.0,🟢 STRONG BUY (UNDERVALUED) (DIVERSIFIES),0,Financial Services
2025-11-03 16:22:20.765158,SBIN,INCREASE POSITION,88.48359090008556,949.7,10.668389,16.584,0.0,🟢 STRONG BUY (UNDERVALUED) (DIVERSIFIES),0,Financial Services
2025-11-03 16:22:20.787325,KARURVYSYA,INCREASE POSITION,90.14723726289766,251.8,11.555759,17.764,0.0,🟢 STRONG BUY (UNDERVALUED) (DIVERSIFIES),0,Financial Services
2025-11-03 16:22:20.809538,CUB,INCREASE POSITION,88.6184151561238,236.04,15.092071,13.041,0.0,🟢 STRONG BUY (UNDERVALUED) (DIVERSIFIES),0,Financial Services
2025-11-03 16:22:20.830137,ICICIGI,INCREASE POSITION,69.08304361922438,2007.6,35.8372,17.802,0.0,🟢 STRONG BUY (DIVERSIFIES),0,Financial Services
2025-11-03 16:22:20.848639,UCOBANK,BOOK 30% PROFITS,81.26775784967086,33.58,16.300972,8.405,0.0,🟢 STRONG BUY (UNDERVALUED) (DIVERSIFIES),0,Financial Services
2025-11-03 16:22:20.866344,HDFCBANK,BOOK 70% PROFITS,78.80067897871328,992.65,22.69433,10.8430006,0.0,🟢 STRONG BUY (UNDERVALUED) (DIVERSIFIES),0,Financial Services
2025-11-03 16:22:20.885812,BANDHANBNK,INCREASE POSITION,56.61260757923411,157.6,20.682415,5.056,0.0,🟢 BUY (VALUE) (DIVERSIFIES),0,Financial Services
2025-11-03 16:22:20.903531,CANBK,BOOK 30% PROFITS,93.96202766757708,139.6,5.9102454,17.573999,0.0,🟢 STRONG BUY (UNDERVALUED) (DIVERSIFIES),0,Financial Services
2025-11-03 16:22:20.928998,FEDERALBNK,INCREASE POSITION,81.42954543261543,237.89,14.896055,11.451,0.0,🟢 STRONG BUY (UNDERVALUED) (DIVERSIFIES),0,Financial Services
2025-11-03 16:22:20.954625,PNB,BOOK 30% PROFITS,85.52228915219676,123.52,8.317844,12.666,0.0,🟢 STRONG BUY (UNDERVALUED) (DIVERSIFIES),0,Financial Services
2025-11-03 16:22:20.974541,UNIONBANK,INCREASE POSITION,86.7061790841633,150.88,6.2269917,15.831,0.0,🟢 STRONG BUY (UNDERVALUED) (DIVERSIFIES),0,Financial Services
2025-11-03 16:22:20.992328,MAHABANK,INCREASE POSITION,93.801568998365,59.94,7.558638,22.427,0.0,🟢 STRONG BUY (UNDERVALUED) (DIVERSIFIES),0,Financial Services
2025-11-03 16:22:21.011821,RECLTD,INCREASE POSITION,87.79682994115697,379.2,5.793736,21.997,10.0,🟢 STRONG BUY (UNDERVALUED) (DIVERSIFIES),0,Financial Services
2025-11-03 16:22:21.036102,AXISBANK,INCREASE POSITION,75.68769432040628,1233.7,14.781931,14.004,0.0,🟢 STRONG BUY (UNDERVALUED) (DIVERSIFIES),0,Financial Services
2025-11-03 16:22:21.050516,BANKBARODA,BOOK 30% PROFITS,91.67808068577408,291.2,7.8300624,13.079001000000002,0.0,🟢 STRONG BUY (UNDERVALUED) (DIVERSIFIES),0,Financial Services
2025-11-03 16:22:21.072136,INDUSTOWER,INCREASE POSITION,83.04292808043542,382.75,10.809093,29.018998,10.0,🟢 STRONG BUY (UNDERVALUED) (DIVERSIFIES),0,Communication Services
2025-11-03 16:22:21.090293,BANKINDIA,BOOK 50% PROFITS,90.70772664268212,142.13,6.710576,12.234,0.0,🟢 STRONG BUY (UNDERVALUED) (DIVERSIFIES),0,Financial Services
2025-11-03 16:22:21.117225,CENTRALBK,BOOK 30% PROFITS,95.77464602301254,39.95,7.7422485,12.716,0.0,🟢 STRONG BUY (UNDERVALUED) (DIVERSIFIES),0,Financial Services
2025-11-03 16:22:21.136639,ICICIBANK,INCREASE POSITION,71.34352086868668,1346.4,18.229082,17.599002,0.0,🟢 STRONG BUY (UNDERVALUED) (DIVERSIFIES),0,Financial Services
2025-11-03 16:22:21.156157,AUBANK,BOOK 30% PROFITS,68.38366385682276,866.95,29.833105,12.654000000000002,0.0,🟢 STRONG BUY (DIVERSIFIES),0,Financial Services
2025-11-03 16:22:21.169848,GICRE,INCREASE POSITION,86.8820435266843,379.55,7.7776637,9.172,0.0,🟢 STRONG BUY (UNDERVALUED) (DIVERSIFIES),0,Financial Services
2025-11-03 16:22:21.192728,KOTAKBANK,INCREASE POSITION,64.53249499081717,2113.5,22.643026,11.78,0.0,🟢 STRONG BUY (UNDERVALUED) (DIVERSIFIES),0,Financial Services
2025-11-03 16:22:21.217187,BAJAJFINSV,INCREASE POSITION,59.38999724661242,2081.6,35.22166,16.087,10.0,🟢 STRONG BUY (DIVERSIFIES),0,Financial Services
2025-11-03 16:22:21.238748,NESTLEIND,INCREASE POSITION,51.12519941592225,1266.7,83.00786,70.792,10.0,🟢 BUY (DIVERSIFIES),0,Consumer Defensive
2025-11-03 16:22:21.257033,HINDUNILVR,CONSIDER SELLING,45.97064136880898,2460.0,53.074436,21.819,3.611,🟠 WEAK SELL,0,Consumer Defensive
2025-11-03 16:22:21.281427,VEDL,NEW POSITION,,513.0,13.823767,35.051998,10.0,🟢 STRONG BUY (DIVERSIFIES),0,Basic Materials
2025-11-03 16:22:21.304454,SHRIRAMFIN,NEW POSITION,,796.45,15.213945,17.323999,10.0,🟢 STRONG BUY (UNDERVALUED) (DIVERSIFIES),0,Financial Services
2025-11-03 16:22:21.328870,ITC,NEW POSITION,,413.95,25.71118,27.811000000000003,0.507,🟢 STRONG BUY (DIVERSIFIES),0,Consumer Defensive
2025-11-03 16:22:21.348675,HINDALCO,NEW POSITION,,847.2,11.126872,14.729999,10.0,🟢 STRONG BUY (UNDERVALUED) (DIVERSIFIES),0,Basic Materials
2025-11-03 18:47:58.424765,UJJIVANSFB,INCREASE POSITION,71.15043643744715,52.68,24.616821,6.832000000000001,0.0,🟢 STRONG BUY (UNDERVALUED) (DIVERSIFIES),0,Financial Services
2025-11-03 18:47:58.457919,INDIANB,INCREASE POSITION,87.8129092981237,880.35,10.5154085,15.754,0.0,🟢 STRONG BUY (UNDERVALUED) (DIVERSIFIES),0,Financial Services
2025-11-03 18:47:58.477759,IDBI,INCREASE POSITION,92.45189553483247,101.51,11.748842,15.128,0.0,🟢 STRONG BUY (UNDERVALUED) (DIVERSIFIES),0,Financial Services
2025-11-03 18:47:58.514647,SBIN,INCREASE POSITION,88.48359090008556,949.7,10.668389,16.584,0.0,🟢 STRONG BUY (UNDERVALUED) (DIVERSIFIES),0,Financial Services
2025-11-03 18:47:58.548653,KARURVYSYA,INCREASE POSITION,90.14723726289766,251.8,11.555759,17.764,0.0,🟢 STRONG BUY (UNDERVALUED) (DIVERSIFIES),0,Financial Services
2025-11-03 18:47:58.570695,CUB,INCREASE POSITION,88.6184151561238,236.04,15.092071,13.041,0.0,🟢 STRONG BUY (UNDERVALUED) (DIVERSIFIES),0,Financial Services
2025-11-03 18:47:58.587505,ICICIGI,INCREASE POSITION,69.08304359294836,2007.6,35.8372,17.802,0.0,🟢 STRONG BUY (DIVERSIFIES),0,Financial Services
2025-11-03 18:47:58.604330,UCOBANK,BOOK 30% PROFITS,81.26775784967086,33.58,16.300972,8.405,0.0,🟢 STRONG BUY (UNDERVALUED) (DIVERSIFIES),0,Financial Services
2025-11-03 18:47:58.622084,HDFCBANK,BOOK 70% PROFITS,78.80067897871328,992.65,22.69433,10.8430006,0.0,🟢 STRONG BUY (UNDERVALUED) (DIVERSIFIES),0,Financial Services
2025-11-03 18:47:58.640692,BANDHANBNK,INCREASE POSITION,56.61260757923411,157.6,20.682415,5.056,0.0,🟢 BUY (VALUE) (DIVERSIFIES),0,Financial Services
2025-11-03 18:47:58.657874,CANBK,BOOK 30% PROFITS,93.96202766757708,139.6,5.9102454,17.573999,0.0,🟢 STRONG BUY (UNDERVALUED) (DIVERSIFIES),0,Financial Services
2025-11-03 18:47:58.675114,FEDERALBNK,INCREASE POSITION,81.42954543261543,237.89,14.896055,11.451,0.0,🟢 STRONG BUY (UNDERVALUED) (DIVERSIFIES),0,Financial Services
2025-11-03 18:47:58.692382,PNB,BOOK 30% PROFITS,85.52228915219676,123.52,8.317844,12.666,0.0,🟢 STRONG BUY (UNDERVALUED) (DIVERSIFIES),0,Financial Services
2025-11-03 18:47:58.708405,UNIONBANK,INCREASE POSITION,86.7061790841633,150.88,6.2269917,15.831,0.0,🟢 STRONG BUY (UNDERVALUED) (DIVERSIFIES),0,Financial Services
2025-11-03 18:47:58.729134,MAHABANK,INCREASE POSITION,93.801568998365,59.94,7.558638,22.427,0.0,🟢 STRONG BUY (UNDERVALUED) (DIVERSIFIES),0,Financial Services
2025-11-03 18:47:58.748169,RECLTD,INCREASE POSITION,87.79683026966282,379.2,5.793736,21.997,10.0,🟢 STRONG BUY (UNDERVALUED) (DIVERSIFIES),0,Financial Services
2025-11-03 18:47:58.762156,AXISBANK,INCREASE POSITION,75.68769432040628,1233.7,14.781931,14.004,0.0,🟢 STRONG BUY (UNDERVALUED) (DIVERSIFIES),0,Financial Services
2025-11-03 18:47:58.788425,BANKBARODA,BOOK 30% PROFITS,91.67808068577408,291.2,7.8300624,13.079001000000002,0.0,🟢 STRONG BUY (UNDERVALUED) (DIVERSIFIES),0,Financial Services
2025-11-03 18:47:58.807126,INDUSTOWER,INCREASE POSITION,83.04292808043542,382.75,10.809093,29.018998,10.0,🟢 STRONG BUY (UNDERVALUED) (DIVERSIFIES),0,Communication Services
2025-11-03 18:47:58.824038,BANKINDIA,BOOK 50% PROFITS,90.70772664268212,142.13,6.710576,12.234,0.0,🟢 STRONG BUY (UNDERVALUED) (DIVERSIFIES),0,Financial Services
2025-11-03 18:47:58.842985,CENTRALBK,BOOK 30% PROFITS,95.77464602301254,39.95,7.7422485,12.716,0.0,🟢 STRONG BUY (UNDERVALUED) (DIVERSIFIES),0,Financial Services
2025-11-03 18:47:58.859842,ICICIBANK,INCREASE POSITION,71.34352086868668,1346.4,18.229082,17.599002,0.0,🟢 STRONG BUY (UNDERVALUED) (DIVERSIFIES),0,Financial Services
2025-11-03 18:47:58.879505,AUBANK,BOOK 30% PROFITS,68.38366385682276,866.95,29.833105,12.654000000000002,0.0,🟢 STRONG BUY (DIVERSIFIES),0,Financial Services
2025-11-03 18:47:58.898851,GICRE,INCREASE POSITION,86.8820435266843,379.55,7.7776637,9.172,0.0,🟢 STRONG BUY (UNDERVALUED) (DIVERSIFIES),0,Financial Services
2025-11-03 18:47:58.919081,KOTAKBANK,INCREASE POSITION,64.53249499081717,2113.5,22.643026,11.78,0.0,🟢 STRONG BUY (UNDERVALUED) (DIVERSIFIES),0,Financial Services
2025-11-03 18:47:58.939460,BAJAJFINSV,INCREASE POSITION,59.38999724661242,2081.6,35.22166,16.087,10.0,🟢 STRONG BUY (DIVERSIFIES),0,Financial Services
2025-11-03 18:47:58.957487,NESTLEIND,INCREASE POSITION,51.12519941592225,1266.7,83.00786,70.792,10.0,🟢 BUY (DIVERSIFIES),0,Consumer Defensive
2025-11-03 18:47:58.974771,HINDUNILVR,CONSIDER SELLING,45.97064136880898,2460.0,53.074436,21.819,3.611,🟠 WEAK SELL,0,Consumer Defensive
2025-11-03 18:58:00.269639,AXISBANK,HOLD CURRENT,0.0,1233.0,0.0,0.0,0.0,HOLD (NOT ANALYZED),0,Unknown
2025-11-03 18:58:00.298438,BAJAJFINSV,HOLD CURRENT,0.0,2088.3,0.0,0.0,0.0,HOLD (NOT ANALYZED),0,Unknown
2025-11-03 18:58:00.318552,BANDHANBNK,HOLD CURRENT,0.0,156.56,0.0,0.0,0.0,HOLD (NOT ANALYZED),0,Unknown
2025-11-03 18:58:00.338440,BANKBARODA,HOLD CURRENT,0.0,278.4,0.0,0.0,0.0,HOLD (NOT ANALYZED),0,Unknown
2025-11-03 18:58:00.359402,CENTRALBK,HOLD CURRENT,0.0,39.49,0.0,0.0,0.0,HOLD (NOT ANALYZED),0,Unknown
2025-11-03 18:58:00.387080,CUB,HOLD CURRENT,0.0,229.1,0.0,0.0,0.0,HOLD (NOT ANALYZED),0,Unknown
2025-11-03 18:58:00.402704,FEDERALBNK,HOLD CURRENT,0.0,236.75,0.0,0.0,0.0,HOLD (NOT ANALYZED),0,Unknown
2025-11-03 18:58:00.418696,GICRE,HOLD CURRENT,0.0,374.5,0.0,0.0,0.0,HOLD (NOT ANALYZED),0,Unknown
2025-11-03 18:58:00.432101,HDFCBANK,HOLD CURRENT,0.0,987.65,0.0,0.0,0.0,HOLD (NOT ANALYZED),0,Unknown
2025-11-03 18:58:00.455036,HINDUNILVR,HOLD CURRENT,0.0,2466.65,0.0,0.0,0.0,HOLD (NOT ANALYZED),0,Unknown
2025-11-03 18:58:00.470812,ICICIBANK,HOLD CURRENT,0.0,1345.3,0.0,0.0,0.0,HOLD (NOT ANALYZED),0,Unknown
2025-11-03 18:58:00.488916,ICICIGI,HOLD CURRENT,0.0,1995.85,0.0,0.0,0.0,HOLD (NOT ANALYZED),0,Unknown
2025-11-03 18:58:00.503424,IDBI,HOLD CURRENT,0.0,103.8,0.0,0.0,0.0,HOLD (NOT ANALYZED),0,Unknown
2025-11-03 18:58:00.520296,INDIANB,HOLD CURRENT,0.0,859.9,0.0,0.0,0.0,HOLD (NOT ANALYZED),0,Unknown
2025-11-03 18:58:00.538971,INDUSTOWER,HOLD CURRENT,0.0,363.75,0.0,0.0,0.0,HOLD (NOT ANALYZED),0,Unknown
2025-11-03 18:58:00.555821,KARURVYSYA,HOLD CURRENT,0.0,243.15,0.0,0.0,0.0,HOLD (NOT ANALYZED),0,Unknown
2025-11-03 18:58:00.572359,KOTAKBANK,HOLD CURRENT,0.0,2102.2,0.0,0.0,0.0,HOLD (NOT ANALYZED),0,Unknown
2025-11-03 18:58:00.587273,MAHABANK,HOLD CURRENT,0.0,59.04,0.0,0.0,0.0,HOLD (NOT ANALYZED),0,Unknown
2025-11-03 18:58:00.616582,NESTLEIND,HOLD CURRENT,0.0,1271.6,0.0,0.0,0.0,HOLD (NOT ANALYZED),0,Unknown
2025-11-03 18:58:00.640699,PNB,HOLD CURRENT,0.0,122.9,0.0,0.0,0.0,HOLD (NOT ANALYZED),0,Unknown
2025-11-03 18:58:00.655891,RECLTD,HOLD CURRENT,0.0,375.0,0.0,0.0,0.0,HOLD (NOT ANALYZED),0,Unknown
2025-11-03 18:58:00.662934,SBIN,HOLD CURRENT,0.0,937.0,0.0,0.0,0.0,HOLD (NOT ANALYZED),0,Unknown
2025-11-03 18:58:00.678994,UCOBANK,HOLD CURRENT,0.0,33.21,0.0,0.0,0.0,HOLD (NOT ANALYZED),0,Unknown
2025-11-03 18:58:00.697822,UJJIVANSFB,HOLD CURRENT,0.0,51.8,0.0,0.0,0.0,HOLD (NOT ANALYZED),0,Unknown
2025-11-03 18:58:00.720097,UNIONBANK,HOLD CURRENT,0.0,148.67,0.0,0.0,0.0,HOLD (NOT ANALYZED),0,Unknown
2025-11-03 18:58:00.731700,AUBANK,HOLD CURRENT,0.0,878.1,0.0,0.0,0.0,HOLD (NOT ANALYZED),0,Unknown
2025-11-03 18:58:00.753532,BANKINDIA,HOLD CURRENT,0.0,139.88,0.0,0.0,0.0,HOLD (NOT ANALYZED),0,Unknown
2025-11-03 18:58:00.770661,CANBK,HOLD CURRENT,0.0,136.99,0.0,0.0,0.0,HOLD (NOT ANALYZED),0,Unknown
2025-11-03 18:58:00.790998,RELIANCE,NEW POSITION,,1484.7,24.184721,9.717,10.0,🟢 BUY (DIVERSIFIES),0,Energy
2025-11-03 18:58:56.938679,AXISBANK,HOLD CURRENT,0.0,1233.0,0.0,0.0,0.0,HOLD (NOT ANALYZED),0,Unknown
2025-11-03 18:58:56.962497,BAJAJFINSV,HOLD CURRENT,0.0,2088.3,0.0,0.0,0.0,HOLD (NOT ANALYZED),0,Unknown
2025-11-03 18:58:56.980994,BANDHANBNK,HOLD CURRENT,0.0,156.56,0.0,0.0,0.0,HOLD (NOT ANALYZED),0,Unknown
2025-11-03 18:58:57.001319,BANKBARODA,HOLD CURRENT,0.0,278.4,0.0,0.0,0.0,HOLD (NOT ANALYZED),0,Unknown
2025-11-03 18:58:57.023699,CENTRALBK,HOLD CURRENT,0.0,39.49,0.0,0.0,0.0,HOLD (NOT ANALYZED),0,Unknown
2025-11-03 18:58:57.041794,CUB,HOLD CURRENT,0.0,229.1,0.0,0.0,0.0,HOLD (NOT ANALYZED),0,Unknown
2025-11-03 18:58:57.056870,FEDERALBNK,HOLD CURRENT,0.0,236.75,0.0,0.0,0.0,HOLD (NOT ANALYZED),0,Unknown
2025-11-03 18:58:57.070775,GICRE,HOLD CURRENT,0.0,374.5,0.0,0.0,0.0,HOLD (NOT ANALYZED),0,Unknown
2025-11-03 18:58:57.092030,HDFCBANK,HOLD CURRENT,0.0,987.65,0.0,0.0,0.0,HOLD (NOT ANALYZED),0,Unknown
2025-11-03 18:58:57.103032,HINDUNILVR,HOLD CURRENT,0.0,2466.65,0.0,0.0,0.0,HOLD (NOT ANALYZED),0,Unknown
2025-11-03 18:58:57.113624,ICICIBANK,HOLD CURRENT,0.0,1345.3,0.0,0.0,0.0,HOLD (NOT ANALYZED),0,Unknown
2025-11-03 18:58:57.134466,ICICIGI,HOLD CURRENT,0.0,1995.85,0.0,0.0,0.0,HOLD (NOT ANALYZED),0,Unknown
2025-11-03 18:58:57.149784,IDBI,HOLD CURRENT,0.0,103.8,0.0,0.0,0.0,HOLD (NOT ANALYZED),0,Unknown
2025-11-03 18:58:57.167855,INDIANB,HOLD CURRENT,0.0,859.9,0.0,0.0,0.0,HOLD (NOT ANALYZED),0,Unknown
2025-11-03 18:58:57.184236,INDUSTOWER,HOLD CURRENT,0.0,363.75,0.0,0.0,0.0,HOLD (NOT ANALYZED),0,Unknown
2025-11-03 18:58:57.199662,KARURVYSYA,HOLD CURRENT,0.0,243.15,0.0,0.0,0.0,HOLD (NOT ANALYZED),0,Unknown
2025-11-03 18:58:57.217123,KOTAKBANK,HOLD CURRENT,0.0,2102.2,0.0,0.0,0.0,HOLD (NOT ANALYZED),0,Unknown
2025-11-03 18:58:57.228758,MAHABANK,HOLD CURRENT,0.0,59.04,0.0,0.0,0.0,HOLD (NOT ANALYZED),0,Unknown
2025-11-03 18:58:57.250999,NESTLEIND,HOLD CURRENT,0.0,1271.6,0.0,0.0,0.0,HOLD (NOT ANALYZED),0,Unknown
2025-11-03 18:58:57.261867,PNB,HOLD CURRENT,0.0,122.9,0.0,0.0,0.0,HOLD (NOT ANALYZED),0,Unknown
2025-11-03 18:58:57.278851,RECLTD,HOLD CURRENT,0.0,375.0,0.0,0.0,0.0,HOLD (NOT ANALYZED),0,Unknown
2025-11-03 18:58:57.299034,SBIN,HOLD CURRENT,0.0,937.0,0.0,0.0,0.0,HOLD (NOT ANALYZED),0,Unknown
2025-11-03 18:58:57.316651,UCOBANK,HOLD CURRENT,0.0,33.21,0.0,0.0,0.0,HOLD (NOT ANALYZED),0,Unknown
2025-11-03 18:58:57.335273,UJJIVANSFB,HOLD CURRENT,0.0,51.8,0.0,0.0,0.0,HOLD (NOT ANALYZED),0,Unknown
2025-11-03 18:58:57.353502,UNIONBANK,HOLD CURRENT,0.0,148.67,0.0,0.0,0.0,HOLD (NOT ANALYZED),0,Unknown
2025-11-03 18:58:57.381785,AUBANK,HOLD CURRENT,0.0,878.1,0.0,0.0,0.0,HOLD (NOT ANALYZED),0,Unknown
2025-11-03 18:58:57.412073,BANKINDIA,HOLD CURRENT,0.0,139.88,0.0,0.0,0.0,HOLD (NOT ANALYZED),0,Unknown
2025-11-03 18:58:57.429854,CANBK,HOLD CURRENT,0.0,136.99,0.0,0.0,0.0,HOLD (NOT ANALYZED),0,Unknown
2025-11-03 19:15:04.572646,UJJIVANSFB,INCREASE POSITION,71.15043643744715,52.68,24.616821,6.832000000000001,0.0,🟢 STRONG BUY (UNDERVALUED) (DIVERSIFIES),0,Financial Services
2025-11-03 19:15:04.601643,INDIANB,INCREASE POSITION,87.8129092981237,880.35,10.5154085,15.754,0.0,🟢 STRONG BUY (UNDERVALUED) (DIVERSIFIES),0,Financial Services
2025-11-03 19:15:04.625968,IDBI,INCREASE POSITION,92.45189553483247,101.51,11.748842,15.128,0.0,🟢 STRONG BUY (UNDERVALUED) (DIVERSIFIES),0,Financial Services
2025-11-03 19:15:04.637431,SBIN,INCREASE POSITION,88.48359090008556,949.7,10.668389,16.584,0.0,🟢 STRONG BUY (UNDERVALUED) (DIVERSIFIES),0,Financial Services
2025-11-03 19:15:04.668272,KARURVYSYA,INCREASE POSITION,90.14723726289766,251.8,11.555759,17.764,0.0,🟢 STRONG BUY (UNDERVALUED) (DIVERSIFIES),0,Financial Services
2025-11-03 19:15:04.684791,CUB,INCREASE POSITION,88.6184151561238,236.04,15.092071,13.041,0.0,🟢 STRONG BUY (UNDERVALUED) (DIVERSIFIES),0,Financial Services
2025-11-03 19:15:04.709489,ICICIGI,INCREASE POSITION,69.08304359294836,2007.6,35.8372,17.802,0.0,🟢 STRONG BUY (DIVERSIFIES),0,Financial Services
2025-11-03 19:15:04.743625,UCOBANK,BOOK 30% PROFITS,81.26775784967086,33.58,16.300972,8.405,0.0,🟢 STRONG BUY (UNDERVALUED) (DIVERSIFIES),0,Financial Services
2025-11-03 19:15:04.770265,HDFCBANK,BOOK 70% PROFITS,78.80067897871328,992.65,22.69433,10.8430006,0.0,🟢 STRONG BUY (UNDERVALUED) (DIVERSIFIES),0,Financial Services
2025-11-03 19:15:04.789859,BANDHANBNK,INCREASE POSITION,56.61260757923411,157.6,20.682415,5.056,0.0,🟢 STRONG BUY (UNDERVALUED) (DIVERSIFIES),0,Financial Services
2025-11-03 19:15:04.809616,CANBK,BOOK 30% PROFITS,93.96202766757708,139.6,5.9102454,17.573999,0.0,🟢 STRONG BUY (UNDERVALUED) (DIVERSIFIES),0,Financial Services
2025-11-03 19:15:04.834683,FEDERALBNK,INCREASE POSITION,81.42954543261543,237.89,14.896055,11.451,0.0,🟢 STRONG BUY (UNDERVALUED) (DIVERSIFIES),0,Financial Services
2025-11-03 19:15:04.852044,PNB,BOOK 30% PROFITS,85.52228915219676,123.52,8.317844,12.666,0.0,🟢 STRONG BUY (UNDERVALUED) (DIVERSIFIES),0,Financial Services
2025-11-03 19:15:04.873080,UNIONBANK,INCREASE POSITION,86.7061790841633,150.88,6.2269917,15.831,0.0,🟢 STRONG BUY (UNDERVALUED) (DIVERSIFIES),0,Financial Services
2025-11-03 19:15:04.889458,MAHABANK,INCREASE POSITION,93.801568998365,59.94,7.558638,22.427,0.0,🟢 STRONG BUY (UNDERVALUED) (DIVERSIFIES),0,Financial Services
2025-11-03 19:15:04.906046,RECLTD,INCREASE POSITION,87.79683026966282,379.2,5.793736,21.997,10.0,🟢 STRONG BUY (UNDERVALUED) (DIVERSIFIES),0,Financial Services
2025-11-03 19:15:04.938721,AXISBANK,INCREASE POSITION,75.68769432040628,1233.7,14.781931,14.004,0.0,🟢 STRONG BUY (UNDERVALUED) (DIVERSIFIES),0,Financial Services
2025-11-03 19:15:04.956105,BANKBARODA,BOOK 30% PROFITS,91.67808068577408,291.2,7.8300624,13.079001000000002,0.0,🟢 STRONG BUY (UNDERVALUED) (DIVERSIFIES),0,Financial Services
2025-11-03 19:15:04.981486,INDUSTOWER,INCREASE POSITION,83.04292808043542,382.75,10.809093,29.018998,10.0,🟢 STRONG BUY (UNDERVALUED) (DIVERSIFIES),0,Communication Services
2025-11-03 19:15:05.012458,BANKINDIA,BOOK 50% PROFITS,90.70772664268212,142.13,6.710576,12.234,0.0,🟢 STRONG BUY (UNDERVALUED) (DIVERSIFIES),0,Financial Services
2025-11-03 19:15:05.031606,CENTRALBK,BOOK 30% PROFITS,95.77464602301254,39.95,7.7422485,12.716,0.0,🟢 STRONG BUY (UNDERVALUED) (DIVERSIFIES),0,Financial Services
2025-11-03 19:15:05.051789,ICICIBANK,INCREASE POSITION,71.34352086868668,1346.4,18.229082,17.599002,0.0,🟢 STRONG BUY (UNDERVALUED) (DIVERSIFIES),0,Financial Services
2025-11-03 19:15:05.081461,AUBANK,BOOK 30% PROFITS,68.38366385682276,866.95,29.833105,12.654000000000002,0.0,🟢 STRONG BUY (DIVERSIFIES),0,Financial Services
2025-11-03 19:15:05.109659,GICRE,INCREASE POSITION,86.8820435266843,379.55,7.7776637,9.172,0.0,🟢 STRONG BUY (UNDERVALUED) (DIVERSIFIES),0,Financial Services
2025-11-03 19:15:05.123838,KOTAKBANK,INCREASE POSITION,64.53249499081717,2113.5,22.643026,11.78,0.0,🟢 STRONG BUY (UNDERVALUED) (DIVERSIFIES),0,Financial Services
2025-11-03 19:15:05.139926,BAJAJFINSV,INCREASE POSITION,59.38999724661242,2081.6,35.22166,16.087,10.0,🟢 STRONG BUY (DIVERSIFIES),0,Financial Services
2025-11-03 19:15:05.165220,NESTLEIND,INCREASE POSITION,51.12519941592225,1266.7,83.00786,70.792,10.0,🟢 BUY (DIVERSIFIES),0,Consumer Defensive
2025-11-03 19:15:05.186168,HINDUNILVR,INCREASE POSITION,45.97064136880898,2460.0,53.074436,21.819,3.611,🟢 BUY (DIVERSIFIES),0,Consumer Defensive
2025-11-03 19:15:05.204331,VEDL,NEW POSITION,,513.0,13.823767,35.051998,10.0,🟢 STRONG BUY (DIVERSIFIES),0,Basic Materials
2025-11-03 19:15:05.223112,SHRIRAMFIN,NEW POSITION,,796.45,15.213945,17.323999,10.0,🟢 STRONG BUY (UNDERVALUED) (DIVERSIFIES),0,Financial Services
2025-11-03 19:15:05.240265,ITC,NEW POSITION,,413.95,25.71118,27.811000000000003,0.507,🟢 BUY (DIVERSIFIES),0,Consumer Defensive
2025-11-03 19:15:05.259791,HINDALCO,NEW POSITION,,847.2,11.126872,14.729999,10.0,🟢 STRONG BUY (UNDERVALUED) (DIVERSIFIES),0,Basic Materials
2025-11-03 19:23:41.757670,UJJIVANSFB,INCREASE POSITION,71.15043643744715,52.68,24.616821,6.832000000000001,0.0,🟢 STRONG BUY (UNDERVALUED) (DIVERSIFIES),0,Financial Services
2025-11-03 19:23:41.775154,INDIANB,INCREASE POSITION,87.8129092981237,880.35,10.5154085,15.754,0.0,🟢 STRONG BUY (UNDERVALUED) (DIVERSIFIES),0,Financial Services
2025-11-03 19:23:41.791238,IDBI,INCREASE POSITION,92.45189553483247,101.51,11.748842,15.128,0.0,🟢 STRONG BUY (UNDERVALUED) (DIVERSIFIES),0,Financial Services
2025-11-03 19:23:41.805409,SBIN,INCREASE POSITION,88.48359090008556,949.7,10.668389,16.584,0.0,🟢 STRONG BUY (UNDERVALUED) (DIVERSIFIES),0,Financial Services
2025-11-03 19:23:41.819953,KARURVYSYA,INCREASE POSITION,90.14723726289766,251.8,11.555759,17.764,0.0,🟢 STRONG BUY (UNDERVALUED) (DIVERSIFIES),0,Financial Services
2025-11-03 19:23:41.834898,CUB,INCREASE POSITION,88.6184151561238,236.04,15.092071,13.041,0.0,🟢 STRONG BUY (UNDERVALUED) (DIVERSIFIES),0,Financial Services
2025-11-03 19:23:41.850730,ICICIGI,INCREASE POSITION,69.08304361922438,2007.6,35.8372,17.802,0.0,🟢 STRONG BUY (DIVERSIFIES),0,Financial Services
2025-11-03 19:23:41.865476,UCOBANK,BOOK 30% PROFITS,81.26775784967086,33.58,16.300972,8.405,0.0,🟢 STRONG BUY (UNDERVALUED) (DIVERSIFIES),0,Financial Services
2025-11-03 19:23:41.879893,HDFCBANK,BOOK 70% PROFITS,78.80067892651728,992.65,22.69433,10.8430006,0.0,🟢 STRONG BUY (UNDERVALUED) (DIVERSIFIES),0,Financial Services
2025-11-03 19:23:41.887726,BANDHANBNK,INCREASE POSITION,56.61260757923411,157.6,20.682415,5.056,0.0,🟢 STRONG BUY (UNDERVALUED) (DIVERSIFIES),0,Financial Services
2025-11-03 19:23:41.904436,CANBK,BOOK 30% PROFITS,93.96202766757708,139.6,5.9102454,17.573999,0.0,🟢 STRONG BUY (UNDERVALUED) (DIVERSIFIES),0,Financial Services
2025-11-03 19:23:41.920686,FEDERALBNK,INCREASE POSITION,81.42954543261543,237.89,14.896055,11.451,0.0,🟢 STRONG BUY (UNDERVALUED) (DIVERSIFIES),0,Financial Services
2025-11-03 19:23:41.938497,PNB,BOOK 30% PROFITS,85.52228915219676,123.52,8.317844,12.666,0.0,🟢 STRONG BUY (UNDERVALUED) (DIVERSIFIES),0,Financial Services
2025-11-03 19:23:41.952965,UNIONBANK,INCREASE POSITION,86.7061790841633,150.88,6.2269917,15.831,0.0,🟢 STRONG BUY (UNDERVALUED) (DIVERSIFIES),0,Financial Services
2025-11-03 19:23:41.967473,MAHABANK,INCREASE POSITION,93.801568998365,59.94,7.558638,22.427,0.0,🟢 STRONG BUY (UNDERVALUED) (DIVERSIFIES),0,Financial Services
2025-11-03 19:23:41.981887,RECLTD,INCREASE POSITION,87.79683059816892,379.2,5.793736,21.997,10.0,🟢 STRONG BUY (UNDERVALUED) (DIVERSIFIES),0,Financial Services
2025-11-03 19:23:41.996981,AXISBANK,INCREASE POSITION,75.68769432040628,1233.7,14.781931,14.004,0.0,🟢 STRONG BUY (UNDERVALUED) (DIVERSIFIES),0,Financial Services
2025-11-03 19:23:42.011849,BANKBARODA,BOOK 30% PROFITS,91.67808068577408,291.2,7.8300624,13.079001000000002,0.0,🟢 STRONG BUY (UNDERVALUED) (DIVERSIFIES),0,Financial Services
2025-11-03 19:23:42.020424,INDUSTOWER,INCREASE POSITION,83.04292808043542,382.75,10.809093,29.018998,10.0,🟢 STRONG BUY (UNDERVALUED) (DIVERSIFIES),0,Communication Services
2025-11-03 19:23:42.037704,BANKINDIA,BOOK 50% PROFITS,90.70772664268212,142.13,6.710576,12.234,0.0,🟢 STRONG BUY (UNDERVALUED) (DIVERSIFIES),0,Financial Services
2025-11-03 19:23:42.056460,CENTRALBK,BOOK 30% PROFITS,95.77464602301254,39.95,7.7422485,12.716,0.0,🟢 STRONG BUY (UNDERVALUED) (DIVERSIFIES),0,Financial Services
2025-11-03 19:23:42.069585,ICICIBANK,INCREASE POSITION,71.34352086868668,1346.4,18.229082,17.599002,0.0,🟢 STRONG BUY (UNDERVALUED) (DIVERSIFIES),0,Financial Services
2025-11-03 19:23:42.086967,AUBANK,BOOK 30% PROFITS,68.38366385682276,866.95,29.833105,12.654000000000002,0.0,🟢 STRONG BUY (DIVERSIFIES),0,Financial Services
2025-11-03 19:23:42.100890,GICRE,INCREASE POSITION,86.8820435266843,379.55,7.7776637,9.172,0.0,🟢 STRONG BUY (UNDERVALUED) (DIVERSIFIES),0,Financial Services
2025-11-03 19:23:42.117300,KOTAKBANK,INCREASE POSITION,64.53249499081717,2113.5,22.643026,11.78,0.0,🟢 STRONG BUY (UNDERVALUED) (DIVERSIFIES),0,Financial Services
2025-11-03 19:23:42.132858,BAJAJFINSV,INCREASE POSITION,59.38999724661242,2081.6,35.22166,16.087,10.0,🟢 STRONG BUY (DIVERSIFIES),0,Financial Services
2025-11-03 19:23:42.147938,NESTLEIND,INCREASE POSITION,51.12519941592225,1266.7,83.00786,70.792,10.0,🟢 BUY (DIVERSIFIES),0,Consumer Defensive
2025-11-03 19:23:42.161493,HINDUNILVR,INCREASE POSITION,45.97064136880898,2460.0,53.074436,21.819,3.611,🟢 BUY (DIVERSIFIES),0,Consumer Defensive
2025-11-03 19:23:42.169866,VEDL,NEW POSITION,,513.0,13.823767,35.051998,10.0,🟢 STRONG BUY (DIVERSIFIES),0,Basic Materials
2025-11-03 19:23:42.190290,SHRIRAMFIN,NEW POSITION,,796.45,15.213945,17.323999,10.0,🟢 STRONG BUY (UNDERVALUED) (DIVERSIFIES),0,Financial Services
2025-11-03 19:23:42.205977,ITC,NEW POSITION,,413.95,25.71118,27.811000000000003,0.507,🟢 BUY (DIVERSIFIES),0,Consumer Defensive
2025-11-03 19:23:42.220517,HINDALCO,NEW POSITION,,847.2,11.126872,14.729999,10.0,🟢 STRONG BUY (UNDERVALUED) (DIVERSIFIES),0,Basic Materials
2025-11-03 19:24:24.425612,AXISBANK,HOLD CURRENT,0.0,1233.0,0.0,0.0,0.0,HOLD (NOT ANALYZED),0,Unknown
2025-11-03 19:24:24.437529,BAJAJFINSV,HOLD CURRENT,0.0,2088.3,0.0,0.0,0.0,HOLD (NOT ANALYZED),0,Unknown
2025-11-03 19:24:24.452820,BANDHANBNK,HOLD CURRENT,0.0,156.56,0.0,0.0,0.0,HOLD (NOT ANALYZED),0,Unknown
2025-11-03 19:24:24.469928,BANKBARODA,HOLD CURRENT,0.0,278.4,0.0,0.0,0.0,HOLD (NOT ANALYZED),0,Unknown
2025-11-03 19:24:24.483475,CENTRALBK,HOLD CURRENT,0.0,39.49,0.0,0.0,0.0,HOLD (NOT ANALYZED),0,Unknown
2025-11-03 19:24:24.497036,CUB,HOLD CURRENT,0.0,229.1,0.0,0.0,0.0,HOLD (NOT ANALYZED),0,Unknown
2025-11-03 19:24:24.502971,FEDERALBNK,HOLD CURRENT,0.0,236.75,0.0,0.0,0.0,HOLD (NOT ANALYZED),0,Unknown
2025-11-03 19:24:24.521584,GICRE,HOLD CURRENT,0.0,374.5,0.0,0.0,0.0,HOLD (NOT ANALYZED),0,Unknown
2025-11-03 19:24:24.534866,HDFCBANK,HOLD CURRENT,0.0,987.65,0.0,0.0,0.0,HOLD (NOT ANALYZED),0,Unknown
2025-11-03 19:24:24.547351,HINDUNILVR,HOLD CURRENT,0.0,2466.65,0.0,0.0,0.0,HOLD (NOT ANALYZED),0,Unknown
2025-11-03 19:24:24.552045,ICICIBANK,HOLD CURRENT,0.0,1345.3,0.0,0.0,0.0,HOLD (NOT ANALYZED),0,Unknown
2025-11-03 19:24:24.566024,ICICIGI,HOLD CURRENT,0.0,1995.85,0.0,0.0,0.0,HOLD (NOT ANALYZED),0,Unknown
2025-11-03 19:24:24.585920,IDBI,HOLD CURRENT,0.0,103.8,0.0,0.0,0.0,HOLD (NOT ANALYZED),0,Unknown
2025-11-03 19:24:24.598791,INDIANB,HOLD CURRENT,0.0,859.9,0.0,0.0,0.0,HOLD (NOT ANALYZED),0,Unknown
2025-11-03 19:24:24.611023,INDUSTOWER,HOLD CURRENT,0.0,363.75,0.0,0.0,0.0,HOLD (NOT ANALYZED),0,Unknown
2025-11-03 19:24:24.622966,KARURVYSYA,HOLD CURRENT,0.0,243.15,0.0,0.0,0.0,HOLD (NOT ANALYZED),0,Unknown
2025-11-03 19:24:24.636462,KOTAKBANK,HOLD CURRENT,0.0,2102.2,0.0,0.0,0.0,HOLD (NOT ANALYZED),0,Unknown
2025-11-03 19:24:24.650067,MAHABANK,HOLD CURRENT,0.0,59.04,0.0,0.0,0.0,HOLD (NOT ANALYZED),0,Unknown
2025-11-03 19:24:24.664552,NESTLEIND,HOLD CURRENT,0.0,1271.6,0.0,0.0,0.0,HOLD (NOT ANALYZED),0,Unknown
2025-11-03 19:24:24.669573,PNB,HOLD CURRENT,0.0,122.9,0.0,0.0,0.0,HOLD (NOT ANALYZED),0,Unknown
2025-11-03 19:24:24.681267,RECLTD,HOLD CURRENT,0.0,375.0,0.0,0.0,0.0,HOLD (NOT ANALYZED),0,Unknown
2025-11-03 19:24:24.702551,SBIN,HOLD CURRENT,0.0,937.0,0.0,0.0,0.0,HOLD (NOT ANALYZED),0,Unknown
2025-11-03 19:24:24.714852,UCOBANK,HOLD CURRENT,0.0,33.21,0.0,0.0,0.0,HOLD (NOT ANALYZED),0,Unknown
2025-11-03 19:24:24.727388,UJJIVANSFB,HOLD CURRENT,0.0,51.8,0.0,0.0,0.0,HOLD (NOT ANALYZED),0,Unknown
2025-11-03 19:24:24.736176,UNIONBANK,HOLD CURRENT,0.0,148.67,0.0,0.0,0.0,HOLD (NOT ANALYZED),0,Unknown
2025-11-03 19:24:24.752767,AUBANK,HOLD CURRENT,0.0,878.1,0.0,0.0,0.0,HOLD (NOT ANALYZED),0,Unknown
2025-11-03 19:24:24.768142,BANKINDIA,HOLD CURRENT,0.0,139.88,0.0,0.0,0.0,HOLD (NOT ANALYZED),0,Unknown
2025-11-03 19:24:24.781160,CANBK,HOLD CURRENT,0.0,136.99,0.0,0.0,0.0,HOLD (NOT ANALYZED),0,Unknown
2025-11-03 19:24:24.798043,RELIANCE,NEW POSITION,,1484.7,24.184721,9.717,10.0,🟢 STRONG BUY (DIVERSIFIES),0,Energy
2025-11-03 19:32:03.536809,AXISBANK,HOLD CURRENT,0.0,1233.0,0.0,0.0,0.0,HOLD (NOT ANALYZED),0,Unknown
2025-11-03 19:32:03.551815,BAJAJFINSV,HOLD CURRENT,0.0,2088.3,0.0,0.0,0.0,HOLD (NOT ANALYZED),0,Unknown
2025-11-03 19:32:03.567566,BANDHANBNK,HOLD CURRENT,0.0,156.56,0.0,0.0,0.0,HOLD (NOT ANALYZED),0,Unknown
2025-11-03 19:32:03.584434,BANKBARODA,HOLD CURRENT,0.0,278.4,0.0,0.0,0.0,HOLD (NOT ANALYZED),0,Unknown
2025-11-03 19:32:03.599408,CENTRALBK,HOLD CURRENT,0.0,39.49,0.0,0.0,0.0,HOLD (NOT ANALYZED),0,Unknown
2025-11-03 19:32:03.612919,CUB,HOLD CURRENT,0.0,229.1,0.0,0.0,0.0,HOLD (NOT ANALYZED),0,Unknown
2025-11-03 19:32:03.631406,FEDERALBNK,HOLD CURRENT,0.0,236.75,0.0,0.0,0.0,HOLD (NOT ANALYZED),0,Unknown
2025-11-03 19:32:03.644696,GICRE,HOLD CURRENT,0.0,374.5,0.0,0.0,0.0,HOLD (NOT ANALYZED),0,Unknown
2025-11-03 19:32:03.658953,HDFCBANK,HOLD CURRENT,0.0,987.65,0.0,0.0,0.0,HOLD (NOT ANALYZED),0,Unknown
2025-11-03 19:32:03.670746,HINDUNILVR,HOLD CURRENT,0.0,2466.65,0.0,0.0,0.0,HOLD (NOT ANALYZED),0,Unknown
2025-11-03 19:32:03.685961,ICICIBANK,HOLD CURRENT,0.0,1345.3,0.0,0.0,0.0,HOLD (NOT ANALYZED),0,Unknown
2025-11-03 19:32:03.702567,ICICIGI,HOLD CURRENT,0.0,1995.85,0.0,0.0,0.0,HOLD (NOT ANALYZED),0,Unknown
2025-11-03 19:32:03.715507,IDBI,HOLD CURRENT,0.0,103.8,0.0,0.0,0.0,HOLD (NOT ANALYZED),0,Unknown
2025-11-03 19:32:03.729793,INDIANB,HOLD CURRENT,0.0,859.9,0.0,0.0,0.0,HOLD (NOT ANALYZED),0,Unknown
2025-11-03 19:32:03.743337,INDUSTOWER,HOLD CURRENT,0.0,363.75,0.0,0.0,0.0,HOLD (NOT ANALYZED),0,Unknown
2025-11-03 19:32:03.756635,KARURVYSYA,HOLD CURRENT,0.0,243.15,0.0,0.0,0.0,HOLD (NOT ANALYZED),0,Unknown
2025-11-03 19:32:03.769260,KOTAKBANK,HOLD CURRENT,0.0,2102.2,0.0,0.0,0.0,HOLD (NOT ANALYZED),0,Unknown
2025-11-03 19:32:03.784662,MAHABANK,HOLD CURRENT,0.0,59.04,0.0,0.0,0.0,HOLD (NOT ANALYZED),0,Unknown
2025-11-03 19:32:03.797052,NESTLEIND,HOLD CURRENT,0.0,1271.6,0.0,0.0,0.0,HOLD (NOT ANALYZED),0,Unknown
2025-11-03 19:32:03.811891,PNB,HOLD CURRENT,0.0,122.9,0.0,0.0,0.0,HOLD (NOT ANALYZED),0,Unknown
2025-11-03 19:32:03.817763,RECLTD,HOLD CURRENT,0.0,375.0,0.0,0.0,0.0,HOLD (NOT ANALYZED),0,Unknown
2025-11-03 19:32:03.830368,SBIN,HOLD CURRENT,0.0,937.0,0.0,0.0,0.0,HOLD (NOT ANALYZED),0,Unknown
2025-11-03 19:32:03.850562,UCOBANK,HOLD CURRENT,0.0,33.21,0.0,0.0,0.0,HOLD (NOT ANALYZED),0,Unknown
2025-11-03 19:32:03.866888,UJJIVANSFB,HOLD CURRENT,0.0,51.8,0.0,0.0,0.0,HOLD (NOT ANALYZED),0,Unknown
2025-11-03 19:32:03.881819,UNIONBANK,HOLD CURRENT,0.0,148.67,0.0,0.0,0.0,HOLD (NOT ANALYZED),0,Unknown
2025-11-03 19:32:03.897347,AUBANK,HOLD CURRENT,0.0,878.1,0.0,0.0,0.0,HOLD (NOT ANALYZED),0,Unknown
2025-11-03 19:32:03.910923,BANKINDIA,HOLD CURRENT,0.0,139.88,0.0,0.0,0.0,HOLD (NOT ANALYZED),0,Unknown
2025-11-03 19:32:03.926185,CANBK,HOLD CURRENT,0.0,136.99,0.0,0.0,0.0,HOLD (NOT ANALYZED),0,Unknown
2025-11-03 19:32:22.896182,AXISBANK,HOLD CURRENT,0.0,1233.0,0.0,0.0,0.0,HOLD (NOT ANALYZED),0,Unknown
2025-11-03 19:32:22.917304,BAJAJFINSV,HOLD CURRENT,0.0,2088.3,0.0,0.0,0.0,HOLD (NOT ANALYZED),0,Unknown
2025-11-03 19:32:22.932356,BANDHANBNK,HOLD CURRENT,0.0,156.56,0.0,0.0,0.0,HOLD (NOT ANALYZED),0,Unknown
2025-11-03 19:32:22.945956,BANKBARODA,HOLD CURRENT,0.0,278.4,0.0,0.0,0.0,HOLD (NOT ANALYZED),0,Unknown
2025-11-03 19:32:22.960411,CENTRALBK,HOLD CURRENT,0.0,39.49,0.0,0.0,0.0,HOLD (NOT ANALYZED),0,Unknown
2025-11-03 19:32:22.967633,CUB,HOLD CURRENT,0.0,229.1,0.0,0.0,0.0,HOLD (NOT ANALYZED),0,Unknown
2025-11-03 19:32:22.988077,FEDERALBNK,HOLD CURRENT,0.0,236.75,0.0,0.0,0.0,HOLD (NOT ANALYZED),0,Unknown
2025-11-03 19:32:23.000773,GICRE,HOLD CURRENT,0.0,374.5,0.0,0.0,0.0,HOLD (NOT ANALYZED),0,Unknown
2025-11-03 19:32:23.015016,HDFCBANK,HOLD CURRENT,0.0,987.65,0.0,0.0,0.0,HOLD (NOT ANALYZED),0,Unknown
2025-11-03 19:32:23.028619,HINDUNILVR,HOLD CURRENT,0.0,2466.65,0.0,0.0,0.0,HOLD (NOT ANALYZED),0,Unknown
2025-11-03 19:32:23.033642,ICICIBANK,HOLD CURRENT,0.0,1345.3,0.0,0.0,0.0,HOLD (NOT ANALYZED),0,Unknown
2025-11-03 19:32:23.047646,ICICIGI,HOLD CURRENT,0.0,1995.85,0.0,0.0,0.0,HOLD (NOT ANALYZED),0,Unknown
2025-11-03 19:32:23.069166,IDBI,HOLD CURRENT,0.0,103.8,0.0,0.0,0.0,HOLD (NOT ANALYZED),0,Unknown
2025-11-03 19:32:23.084191,INDIANB,HOLD CURRENT,0.0,859.9,0.0,0.0,0.0,HOLD (NOT ANALYZED),0,Unknown
2025-11-03 19:32:23.098624,INDUSTOWER,HOLD CURRENT,0.0,363.75,0.0,0.0,0.0,HOLD (NOT ANALYZED),0,Unknown
2025-11-03 19:32:23.113463,KARURVYSYA,HOLD CURRENT,0.0,243.15,0.0,0.0,0.0,HOLD (NOT ANALYZED),0,Unknown
2025-11-03 19:32:23.128485,KOTAKBANK,HOLD CURRENT,0.0,2102.2,0.0,0.0,0.0,HOLD (NOT ANALYZED),0,Unknown
2025-11-03 19:32:23.142106,MAHABANK,HOLD CURRENT,0.0,59.04,0.0,0.0,0.0,HOLD (NOT ANALYZED),0,Unknown
2025-11-03 19:32:23.150239,NESTLEIND,HOLD CURRENT,0.0,1271.6,0.0,0.0,0.0,HOLD (NOT ANALYZED),0,Unknown
2025-11-03 19:32:23.168584,PNB,HOLD CURRENT,0.0,122.9,0.0,0.0,0.0,HOLD (NOT ANALYZED),0,Unknown
2025-11-03 19:32:23.183829,RECLTD,HOLD CURRENT,0.0,375.0,0.0,0.0,0.0,HOLD (NOT ANALYZED),0,Unknown
2025-11-03 19:32:23.201030,SBIN,HOLD CURRENT,0.0,937.0,0.0,0.0,0.0,HOLD (NOT ANALYZED),0,Unknown
2025-11-03 19:32:23.214633,UCOBANK,HOLD CURRENT,0.0,33.21,0.0,0.0,0.0,HOLD (NOT ANALYZED),0,Unknown
2025-11-03 19:32:23.230247,UJJIVANSFB,HOLD CURRENT,0.0,51.8,0.0,0.0,0.0,HOLD (NOT ANALYZED),0,Unknown
2025-11-03 19:32:23.245083,UNIONBANK,HOLD CURRENT,0.0,148.67,0.0,0.0,0.0,HOLD (NOT ANALYZED),0,Unknown
2025-11-03 19:32:23.259991,AUBANK,HOLD CURRENT,0.0,878.1,0.0,0.0,0.0,HOLD (NOT ANALYZED),0,Unknown
2025-11-03 19:32:23.275743,BANKINDIA,HOLD CURRENT,0.0,139.88,0.0,0.0,0.0,HOLD (NOT ANALYZED),0,Unknown
2025-11-03 19:32:23.292211,CANBK,HOLD CURRENT,0.0,136.99,0.0,0.0,0.0,HOLD (NOT ANALYZED),0,Unknown
2025-11-03 19:32:23.311650,VEDL,NEW POSITION,,513.0,13.823767,35.051998,10.0,🟢 STRONG BUY (DIVERSIFIES),0,Basic Materials
2025-11-03 19:37:30.224060,UJJIVANSFB,INCREASE POSITION,71.15043643744715,52.68,24.616821,6.832000000000001,0.0,🟢 STRONG BUY (UNDERVALUED) (DIVERSIFIES),0,Financial Services
2025-11-03 19:37:30.240973,INDIANB,INCREASE POSITION,87.8129092981237,880.35,10.5154085,15.754,0.0,🟢 STRONG BUY (UNDERVALUED) (DIVERSIFIES),0,Financial Services
2025-11-03 19:37:30.257001,IDBI,INCREASE POSITION,92.45189553483247,101.51,11.748842,15.128,0.0,🟢 STRONG BUY (UNDERVALUED) (DIVERSIFIES),0,Financial Services
2025-11-03 19:37:30.272567,SBIN,INCREASE POSITION,88.48359090008556,949.7,10.668389,16.584,0.0,🟢 STRONG BUY (UNDERVALUED) (DIVERSIFIES),0,Financial Services
2025-11-03 19:37:30.287777,KARURVYSYA,INCREASE POSITION,90.14723726289766,251.8,11.555759,17.764,0.0,🟢 STRONG BUY (UNDERVALUED) (DIVERSIFIES),0,Financial Services
2025-11-03 19:37:30.301885,CUB,INCREASE POSITION,88.6184151561238,236.04,15.092071,13.041,0.0,🟢 STRONG BUY (UNDERVALUED) (DIVERSIFIES),0,Financial Services
2025-11-03 19:37:30.317447,ICICIGI,INCREASE POSITION,69.08304361922438,2007.6,35.8372,17.802,0.0,🟢 STRONG BUY (DIVERSIFIES),0,Financial Services
2025-11-03 19:37:30.320819,UCOBANK,BOOK 30% PROFITS,81.26775784967086,33.58,16.300972,8.405,0.0,🟢 STRONG BUY (UNDERVALUED) (DIVERSIFIES),0,Financial Services
2025-11-03 19:37:30.348605,HDFCBANK,BOOK 70% PROFITS,78.80067892651728,992.65,22.69433,10.8430006,0.0,🟢 STRONG BUY (UNDERVALUED) (DIVERSIFIES),0,Financial Services
2025-11-03 19:37:30.364938,BANDHANBNK,INCREASE POSITION,56.61260757923411,157.6,20.682415,5.056,0.0,🟢 STRONG BUY (UNDERVALUED) (DIVERSIFIES),0,Financial Services
2025-11-03 19:37:30.383499,CANBK,BOOK 30% PROFITS,93.96202766757708,139.6,5.9102454,17.573999,0.0,🟢 STRONG BUY (UNDERVALUED) (DIVERSIFIES),0,Financial Services
2025-11-03 19:37:30.400344,FEDERALBNK,INCREASE POSITION,81.42954543261543,237.89,14.896055,11.451,0.0,🟢 STRONG BUY (UNDERVALUED) (DIVERSIFIES),0,Financial Services
2025-11-03 19:37:30.416068,PNB,BOOK 30% PROFITS,85.52228915219676,123.52,8.317844,12.666,0.0,🟢 STRONG BUY (UNDERVALUED) (DIVERSIFIES),0,Financial Services
2025-11-03 19:37:30.432169,UNIONBANK,INCREASE POSITION,86.7061790841633,150.88,6.2269917,15.831,0.0,🟢 STRONG BUY (UNDERVALUED) (DIVERSIFIES),0,Financial Services
2025-11-03 19:37:30.449496,MAHABANK,INCREASE POSITION,93.801568998365,59.94,7.558638,22.427,0.0,🟢 STRONG BUY (UNDERVALUED) (DIVERSIFIES),0,Financial Services
2025-11-03 19:37:30.464096,RECLTD,INCREASE POSITION,87.79682994115697,379.2,5.793736,21.997,10.0,🟢 STRONG BUY (UNDERVALUED) (DIVERSIFIES),0,Financial Services
2025-11-03 19:37:30.480032,AXISBANK,INCREASE POSITION,75.68769432040628,1233.7,14.781931,14.004,0.0,🟢 STRONG BUY (UNDERVALUED) (DIVERSIFIES),0,Financial Services
2025-11-03 19:37:30.496669,BANKBARODA,BOOK 30% PROFITS,91.67808068577408,291.2,7.8300624,13.079001000000002,0.0,🟢 STRONG BUY (UNDERVALUED) (DIVERSIFIES),0,Financial Services
2025-11-03 19:37:30.511842,INDUSTOWER,INCREASE POSITION,83.04292808043542,382.75,10.809093,29.018998,10.0,🟢 STRONG BUY (UNDERVALUED) (DIVERSIFIES),0,Communication Services
2025-11-03 19:37:30.527511,BANKINDIA,BOOK 50% PROFITS,90.70772664268212,142.13,6.710576,12.234,0.0,🟢 STRONG BUY (UNDERVALUED) (DIVERSIFIES),0,Financial Services
2025-11-03 19:37:30.543610,CENTRALBK,BOOK 30% PROFITS,95.77464602301254,39.95,7.7422485,12.716,0.0,🟢 STRONG BUY (UNDERVALUED) (DIVERSIFIES),0,Financial Services
2025-11-03 19:37:30.559165,ICICIBANK,INCREASE POSITION,71.34352086868668,1346.4,18.229082,17.599002,0.0,🟢 STRONG BUY (UNDERVALUED) (DIVERSIFIES),0,Financial Services
2025-11-03 19:37:30.574532,AUBANK,BOOK 30% PROFITS,68.38366385682276,866.95,29.833105,12.654000000000002,0.0,🟢 STRONG BUY (DIVERSIFIES),0,Financial Services
2025-11-03 19:37:30.592044,GICRE,INCREASE POSITION,86.8820435266843,379.55,7.7776637,9.172,0.0,🟢 STRONG BUY (UNDERVALUED) (DIVERSIFIES),0,Financial Services
2025-11-03 19:37:30.608212,KOTAKBANK,INCREASE POSITION,64.53249499081717,2113.5,22.643026,11.78,0.0,🟢 STRONG BUY (UNDERVALUED) (DIVERSIFIES),0,Financial Services
2025-11-03 19:37:30.624796,BAJAJFINSV,INCREASE POSITION,59.38999724661242,2081.6,35.22166,16.087,10.0,🟢 STRONG BUY (DIVERSIFIES),0,Financial Services
2025-11-03 19:37:30.639803,NESTLEIND,INCREASE POSITION,51.12519941592225,1266.7,83.00786,70.792,10.0,🟢 BUY (DIVERSIFIES),0,Consumer Defensive
2025-11-03 19:37:30.654916,HINDUNILVR,INCREASE POSITION,45.97064136880898,2460.0,53.074436,21.819,3.611,🟢 BUY (DIVERSIFIES),0,Consumer Defensive
2025-11-03 19:37:30.670513,ABCAPITAL,NEW POSITION,,334.25,26.999191,10.341,10.0,🟢 BUY (DIVERSIFIES),0,Financial Services
2025-11-03 19:37:30.686476,ACC,NEW POSITION,,1870.5,14.5768385,0.0,2.316,🟢 BUY (VALUE) (DIVERSIFIES),0,Basic Materials
2025-11-03 19:37:30.702285,AUROPHARMA,NEW POSITION,,1158.6,19.869661,0.0,10.0,🟢 STRONG BUY (UNDERVALUED) (ML: 76%),0,Healthcare
2025-11-04 13:53:46.528126,UJJIVANSFB,INCREASE POSITION,67.81042040369655,52.14,24.364485,6.832000000000001,0.0,🟢 STRONG BUY (UNDERVALUED) (DIVERSIFIES),0,Financial Services
2025-11-04 13:53:46.574026,IDBI,INCREASE POSITION,92.5320330441758,100.27,11.605323,15.128,0.0,🟢 STRONG BUY (UNDERVALUED) (DIVERSIFIES),0,Financial Services
2025-11-04 13:53:46.597223,SBIN,BOOK 30% PROFITS,88.47509877560064,955.2,10.73379,16.584,0.0,🟢 STRONG BUY (UNDERVALUED) (DIVERSIFIES),0,Financial Services
2025-11-04 13:53:46.620181,CUB,BOOK 30% PROFITS,86.66545972854442,253.97,15.65783,13.041,0.0,🟢 STRONG BUY (UNDERVALUED) (ML: 75%),0,Financial Services
2025-11-04 13:53:46.648051,KARURVYSYA,INCREASE POSITION,89.1437297131433,252.8,11.606978,17.764,0.0,🟢 STRONG BUY (UNDERVALUED) (DIVERSIFIES),0,Financial Services
2025-11-04 13:53:46.673093,INDIANB,BOOK 30% PROFITS,86.49333452484724,880.05,10.511825,15.754,0.0,🟢 STRONG BUY (UNDERVALUED) (DIVERSIFIES),0,Financial Services
2025-11-04 13:53:46.699224,FEDERALBNK,INCREASE POSITION,81.40167995592566,236.51,14.79112,11.451,0.0,🟢 STRONG BUY (UNDERVALUED) (DIVERSIFIES),0,Financial Services
2025-11-04 13:53:46.731388,UCOBANK,BOOK 30% PROFITS,78.81969660274841,33.03,16.033981,8.405,0.0,🟢 STRONG BUY (UNDERVALUED) (DIVERSIFIES),0,Financial Services
2025-11-04 13:53:46.758275,PNB,BOOK 30% PROFITS,83.12807502683457,123.4,8.3209715,12.666,0.0,🟢 STRONG BUY (UNDERVALUED) (DIVERSIFIES),0,Financial Services
2025-11-04 13:53:46.779992,HDFCBANK,BOOK 71% PROFITS,78.60061399269703,990.75,22.532408,10.8430006,0.0,🟢 STRONG BUY (UNDERVALUED) (DIVERSIFIES),0,Financial Services
2025-11-04 13:53:46.803964,IREDA,INCREASE POSITION,76.3365276174317,151.5,23.93365,15.483,10.0,🟢 BUY (DIVERSIFIES),0,Financial Services
2025-11-04 13:53:46.835709,IRFC,INCREASE POSITION,67.73753431703486,122.42,23.362597,12.698,10.0,🟢 STRONG BUY (UNDERVALUED) (DIVERSIFIES),0,Financial Services
2025-11-04 13:53:46.860147,CANBK,BOOK 50% PROFITS,93.2791704537645,139.8,5.92122,17.573999,0.0,🟢 STRONG BUY (UNDERVALUED) (DIVERSIFIES),0,Financial Services
2025-11-04 13:53:46.884831,UNIONBANK,INCREASE POSITION,83.37129572468652,152.26,6.2839456,15.831,0.0,🟢 STRONG BUY (UNDERVALUED) (DIVERSIFIES),0,Financial Services
2025-11-04 13:53:46.915218,MAHABANK,INCREASE POSITION,87.65321252717143,58.79,7.4136195,22.427,0.0,🟢 STRONG BUY (UNDERVALUED) (DIVERSIFIES),0,Financial Services
2025-11-04 13:53:46.943027,INDUSTOWER,INCREASE POSITION,81.84133291303382,393.25,11.108757,29.018998,10.0,🟢 STRONG BUY (UNDERVALUED) (DIVERSIFIES),0,Communication Services
2025-11-04 13:53:46.973580,AXISBANK,INCREASE POSITION,74.33166038925935,1229.7,14.723419,14.004,0.0,🟢 STRONG BUY (UNDERVALUED) (DIVERSIFIES),0,Financial Services
2025-11-04 13:53:46.999002,BANKBARODA,BOOK 30% PROFITS,88.2657557627668,288.45,7.756118,13.079001000000002,0.0,🟢 STRONG BUY (UNDERVALUED) (DIVERSIFIES),0,Financial Services
2025-11-04 13:53:47.025603,BANKINDIA,BOOK 50% PROFITS,91.16241337040952,142.47,6.726629,12.234,0.0,🟢 STRONG BUY (UNDERVALUED) (DIVERSIFIES),0,Financial Services
2025-11-04 13:53:47.049656,CENTRALBK,BOOK 30% PROFITS,94.211372013811,39.33,7.6220937,12.716,0.0,🟢 STRONG BUY (UNDERVALUED) (DIVERSIFIES),0,Financial Services
2025-11-04 13:53:47.077816,RECLTD,INCREASE POSITION,85.41903464309264,372.85,5.6967154,21.997,10.0,🟢 STRONG BUY (UNDERVALUED) (DIVERSIFIES),0,Financial Services
2025-11-04 13:53:47.105439,GICRE,INCREASE POSITION,86.57762451566258,379.5,7.775046,9.172,0.0,🟢 STRONG BUY (UNDERVALUED) (DIVERSIFIES),0,Financial Services
2025-11-04 13:53:47.135697,AUBANK,BOOK 30% PROFITS,64.3308709138011,878.55,30.15963,12.654000000000002,0.0,🟢 STRONG BUY (DIVERSIFIES),0,Financial Services
2025-11-04 13:53:47.164073,ICICIBANK,INCREASE POSITION,71.02357384835827,1337.9,18.099297,17.599002,0.0,🟢 STRONG BUY (UNDERVALUED) (DIVERSIFIES),0,Financial Services
2025-11-04 13:53:47.187225,KOTAKBANK,INCREASE POSITION,64.15422873833447,2101.8,22.498396,11.78,0.0,🟢 STRONG BUY (UNDERVALUED) (DIVERSIFIES),0,Financial Services
2025-11-04 13:53:47.215792,TCS,INCREASE POSITION,63.94563515116924,2992.6,21.898142,47.355998,10.0,🟢 STRONG BUY (DIVERSIFIES),0,Technology
2025-11-04 13:53:47.237476,INFY,INCREASE POSITION,63.575456354152166,1472.3,21.041876,29.026000000000003,8.437,🟢 STRONG BUY (DIVERSIFIES),0,Technology
2025-11-04 13:53:47.269986,WIPRO,INCREASE POSITION,65.61166048618824,238.21,18.552181,16.108998999999997,10.0,🟢 STRONG BUY (UNDERVALUED) (DIVERSIFIES),0,Technology
2025-11-04 13:53:47.294232,NESTLEIND,INCREASE POSITION,46.92671766406952,1265.1,82.52446,70.792,10.0,🟢 BUY (DIVERSIFIES),0,Consumer Defensive
2025-11-04 13:53:47.320815,HINDUNILVR,INCREASE POSITION,43.380029398636566,2455.1,53.083244,21.819,3.611,🟢 BUY (DIVERSIFIES),0,Consumer Defensive
2025-11-04 13:53:47.348454,ICICIGI,NEW POSITION,,2052.0,36.636314,17.802,0.0,🟢 STRONG BUY (DIVERSIFIES),0,Financial Services
2025-11-04 13:53:47.372532,ITC,NEW POSITION,,409.8,25.453415,27.811000000000003,0.507,🟢 BUY (DIVERSIFIES),0,Consumer Defensive
2025-11-04 13:53:47.403798,M&MFIN,NEW POSITION,,319.0,16.824896,10.9919995,10.0,🟢 STRONG BUY (UNDERVALUED) (DIVERSIFIES),0,Financial Services
2025-11-04 13:53:47.427401,VEDL,NEW POSITION,,506.8,16.632753,35.051998,10.0,🟢 STRONG BUY (DIVERSIFIES),0,Basic Materials
2025-11-04 13:53:47.458084,SHRIRAMFIN,NEW POSITION,,799.65,15.28091,17.323999,10.0,🟢 STRONG BUY (UNDERVALUED) (DIVERSIFIES),0,Financial Services
2025-11-04 13:53:47.479171,HINDALCO,NEW POSITION,,836.6,10.996319,14.729999,10.0,🟢 STRONG BUY (UNDERVALUED) (DIVERSIFIES),0,Basic Materials
2025-11-06 11:40:33.317149,KARURVYSYA,INCREASE POSITION,87.28409777028003,247.55,11.3659315,17.764,0.0,🟢 STRONG BUY (UNDERVALUED) (DIVERSIFIES),0,Financial Services
2025-11-06 11:40:33.387736,SBIN,BOOK 30% PROFITS,87.38416044884545,956.0,10.631673,16.584,0.0,🟢 STRONG BUY (UNDERVALUED) (DIVERSIFIES),0,Financial Services
2025-11-06 11:40:33.431507,INDIANB,BOOK 30% PROFITS,86.91403893200565,867.45,10.357612,15.754,0.0,🟢 STRONG BUY (UNDERVALUED) (DIVERSIFIES),0,Financial Services
2025-11-06 11:40:33.475512,IDBI,INCREASE POSITION,90.22283883576364,97.61,11.297453,15.128,0.0,🟢 STRONG BUY (UNDERVALUED) (DIVERSIFIES),0,Financial Services
2025-11-06 11:40:33.516878,FEDERALBNK,INCREASE POSITION,81.0724861795383,235.9,14.762203,11.451,0.0,🟢 STRONG BUY (UNDERVALUED) (DIVERSIFIES),0,Financial Services
2025-11-06 11:40:33.559862,CUB,BOOK 30% PROFITS,85.58248714917133,260.0,16.029594,13.041,0.0,🟢 STRONG BUY (UNDERVALUED) (ML: 66%),0,Financial Services
2025-11-06 11:40:33.600026,PNB,BOOK 30% PROFITS,85.73627616619194,121.29,8.173181,12.666,0.0,🟢 STRONG BUY (UNDERVALUED) (DIVERSIFIES),0,Financial Services
2025-11-06 11:40:33.637087,UNIONBANK,INCREASE POSITION,85.57542308309363,149.9,6.1865454,15.831,0.0,🟢 STRONG BUY (UNDERVALUED) (DIVERSIFIES),0,Financial Services
2025-11-06 11:40:33.671491,HDFCBANK,BOOK 71% PROFITS,76.03018695436738,983.0,22.46857,10.8430006,0.0,🟢 STRONG BUY (UNDERVALUED) (DIVERSIFIES),0,Financial Services
2025-11-06 11:40:33.708032,WIPRO,INCREASE POSITION,65.70818389676126,239.15,18.610893,16.108998999999997,10.0,🟢 STRONG BUY (UNDERVALUED) (ML: 67%),0,Technology
2025-11-06 11:40:33.739946,TCS,INCREASE POSITION,62.37398779651972,3011.5,22.038054,47.355998,10.0,🟢 STRONG BUY (DIVERSIFIES),0,Technology
2025-11-06 11:40:33.778729,IREDA,INCREASE POSITION,73.68202374713303,149.03,23.543444,15.483,10.0,🟢 BUY (DIVERSIFIES),0,Financial Services
2025-11-06 11:40:33.805506,IRFC,INCREASE POSITION,65.29621357056692,120.65,23.032444,12.698,10.0,🟢 STRONG BUY (UNDERVALUED) (DIVERSIFIES),0,Financial Services
2025-11-06 11:40:33.837003,CANBK,BOOK 50% PROFITS,93.09501255636089,139.04,5.8890295,17.573999,0.0,🟢 STRONG BUY (UNDERVALUED) (DIVERSIFIES),0,Financial Services
2025-11-06 11:40:33.881454,UJJIVANSFB,INCREASE POSITION,64.85745727231736,51.09,23.87383,6.832000000000001,0.0,🟢 STRONG BUY (UNDERVALUED) (DIVERSIFIES),0,Financial Services
2025-11-06 11:40:33.910110,AXISBANK,INCREASE POSITION,72.65334947855416,1228.5,14.728449,14.004,0.0,🟢 STRONG BUY (UNDERVALUED) (DIVERSIFIES),0,Financial Services
2025-11-06 11:40:33.951790,BANKBARODA,BOOK 30% PROFITS,90.52236365678694,285.0,7.6633506,13.079001000000002,0.0,🟢 STRONG BUY (UNDERVALUED) (DIVERSIFIES),0,Financial Services
2025-11-06 11:40:33.987078,BANKINDIA,BOOK 50% PROFITS,89.67528548900509,140.1,6.614731,12.234,0.0,🟢 STRONG BUY (UNDERVALUED) (DIVERSIFIES),0,Financial Services
2025-11-06 11:40:34.025031,INDUSTOWER,INCREASE POSITION,81.03328998896887,395.6,11.171986,29.018998,10.0,🟢 STRONG BUY (UNDERVALUED) (DIVERSIFIES),0,Communication Services
2025-11-06 11:40:34.054459,UCOBANK,BOOK 30% PROFITS,72.57941807297068,32.05,15.558252,8.405,0.0,🟢 STRONG BUY (UNDERVALUED) (DIVERSIFIES),0,Financial Services
2025-11-06 11:40:34.087273,AUBANK,BOOK 30% PROFITS,65.56343870774404,887.95,30.566267,12.654000000000002,0.0,🟢 STRONG BUY (DIVERSIFIES),0,Financial Services
2025-11-06 11:40:34.139878,MAHABANK,INCREASE POSITION,86.4231540141934,57.99,7.312737,22.427,0.0,🟢 STRONG BUY (UNDERVALUED) (DIVERSIFIES),0,Financial Services
2025-11-06 11:40:34.171704,GICRE,INCREASE POSITION,83.24635142107704,373.8,7.6614056,9.172,0.0,🟢 BUY (VALUE) (DIVERSIFIES),0,Financial Services
2025-11-06 11:40:34.210612,KOTAKBANK,INCREASE POSITION,64.08412609654616,2094.8,22.401882,11.78,0.0,🟢 STRONG BUY (UNDERVALUED) (DIVERSIFIES),0,Financial Services
2025-11-06 11:40:34.254796,CENTRALBK,BOOK 30% PROFITS,87.78016223725807,38.19,7.4011626,12.716,0.0,🟢 STRONG BUY (UNDERVALUED) (DIVERSIFIES),0,Financial Services
2025-11-06 11:40:34.290360,ICICIBANK,INCREASE POSITION,68.48647306023045,1322.5,17.888544,17.599002,0.0,🟢 STRONG BUY (UNDERVALUED) (DIVERSIFIES),0,Financial Services
2025-11-06 11:40:34.332751,RECLTD,INCREASE POSITION,79.80331553956059,364.3,5.5652304,21.997,10.0,🟢 STRONG BUY (UNDERVALUED) (DIVERSIFIES),0,Financial Services
2025-11-06 11:40:34.373295,INFY,INCREASE POSITION,60.59254454451842,1475.1,21.02038,29.026000000000003,8.437,🟢 STRONG BUY (DIVERSIFIES),0,Technology
2025-11-06 11:40:34.402845,NESTLEIND,INCREASE POSITION,49.62444324092096,1270.1,82.95885,70.792,10.0,🟢 BUY (DIVERSIFIES),0,Consumer Defensive
2025-11-06 11:40:34.442960,HINDUNILVR,INCREASE POSITION,43.75683583815665,2457.2,53.16313,21.819,3.611,🟢 BUY (DIVERSIFIES),0,Consumer Defensive
2025-11-06 11:40:34.480221,ICICIGI,NEW POSITION,,2002.0,35.813953,17.802,0.0,🟢 STRONG BUY (DIVERSIFIES),0,Financial Services
2025-11-06 11:40:34.505979,M&MFIN,NEW POSITION,,311.2,16.413504,10.9919995,10.0,🟢 STRONG BUY (UNDERVALUED) (DIVERSIFIES),0,Financial Services
2025-11-06 11:40:34.547983,VEDL,NEW POSITION,,505.15,16.567726,35.051998,10.0,🟢 STRONG BUY (DIVERSIFIES),0,Basic Materials
2025-11-06 11:40:34.581476,SHRIRAMFIN,NEW POSITION,,787.3,15.044907,17.323999,10.0,🟢 STRONG BUY (UNDERVALUED) (DIVERSIFIES),0,Financial Services
2025-11-06 11:40:34.619805,INDUSINDBK,NEW POSITION,,780.45,8.080866,-1.161,0.0,🟢 BUY (VALUE) (DIVERSIFIES),0,Financial Services
2025-11-06 11:40:34.657585,BPCL,NEW POSITION,,369.95,7.4466586,24.822001,10.0,🟢 STRONG BUY (UNDERVALUED) (DIVERSIFIES),0,Energy
2025-11-10 11:48:26.599319,SBIN,BOOK 30% PROFITS,89.10400552813951,954.5,10.611451,15.675999,0.0,🟢 STRONG BUY (UNDERVALUED) (DIVERSIFIES),0,Financial Services
2025-11-10 11:48:26.638802,CUB,BOOK 30% PROFITS,88.26046254201017,253.4,15.622688,13.041,0.0,🟢 STRONG BUY (UNDERVALUED) (DIVERSIFIES),0,Financial Services
2025-11-10 11:48:26.655546,IDBI,INCREASE POSITION,90.66577698481382,99.25,11.487268,15.128,0.0,🟢 STRONG BUY (UNDERVALUED) (DIVERSIFIES),0,Financial Services
2025-11-10 11:48:26.670464,UNIONBANK,INCREASE POSITION,83.4728373634765,154.04,6.3547854,15.831,0.0,🟢 STRONG BUY (UNDERVALUED) (DIVERSIFIES),0,Financial Services
2025-11-10 11:48:26.687066,INDIANB,BOOK 30% PROFITS,83.2960702155235,874.4,10.444339,15.754,0.0,🟢 STRONG BUY (UNDERVALUED) (DIVERSIFIES),0,Financial Services
2025-11-10 11:48:26.695506,UJJIVANSFB,INCREASE POSITION,64.54150132676733,52.07,24.331774,6.832000000000001,0.0,🟢 STRONG BUY (UNDERVALUED) (DIVERSIFIES),0,Financial Services
2025-11-10 11:48:26.721556,FEDERALBNK,INCREASE POSITION,76.80692751029936,238.27,14.919849,11.451,0.0,🟢 STRONG BUY (UNDERVALUED) (DIVERSIFIES),0,Financial Services
2025-11-10 11:48:26.738963,KARURVYSYA,INCREASE POSITION,85.94053472935965,245.92,11.296279,17.764,0.0,🟢 STRONG BUY (UNDERVALUED) (DIVERSIFIES),0,Financial Services
2025-11-10 11:48:26.754410,HDFCBANK,BOOK 71% PROFITS,78.63301975026691,989.6,22.640127,10.8430006,0.0,🟢 STRONG BUY (UNDERVALUED) (DIVERSIFIES),0,Financial Services
2025-11-10 11:48:26.770207,BANKINDIA,BOOK 50% PROFITS,90.2076096135677,146.05,6.895656,12.234,0.0,🟢 STRONG BUY (UNDERVALUED) (DIVERSIFIES),0,Financial Services
2025-11-10 11:48:26.786164,WIPRO,INCREASE POSITION,65.38980832871847,240.52,18.732088,16.108998999999997,10.0,🟢 STRONG BUY (UNDERVALUED) (DIVERSIFIES),0,Technology
2025-11-10 11:48:26.802283,TCS,INCREASE POSITION,65.17350443704387,3036.9,22.210926,47.355998,10.0,🟢 STRONG BUY (DIVERSIFIES),0,Technology
2025-11-10 11:48:26.818296,IREDA,INCREASE POSITION,74.35348639067789,149.12,23.557661,15.483,10.0,🟢 STRONG BUY (DIVERSIFIES),0,Financial Services
2025-11-10 11:48:26.835959,IRFC,INCREASE POSITION,67.50748996546989,121.52,23.19084,12.698,10.0,🟢 STRONG BUY (UNDERVALUED) (ML: 65%),0,Financial Services
2025-11-10 11:48:26.846257,CANBK,BOOK 50% PROFITS,93.1156778131808,140.89,5.969915,17.573999,0.0,🟢 STRONG BUY (UNDERVALUED) (DIVERSIFIES),0,Financial Services
2025-11-10 11:48:26.868979,BANKBARODA,BOOK 30% PROFITS,90.77276146637207,287.6,7.7311826,13.079001000000002,0.0,🟢 STRONG BUY (UNDERVALUED) (DIVERSIFIES),0,Financial Services
2025-11-10 11:48:26.886015,INDUSTOWER,INCREASE POSITION,80.96201778344225,399.4,11.272932,29.018998,10.0,🟢 STRONG BUY (UNDERVALUED) (DIVERSIFIES),0,Communication Services
2025-11-10 11:48:26.896110,PNB,BOOK 30% PROFITS,82.6023329245299,121.9,8.214286,12.666,0.0,🟢 STRONG BUY (UNDERVALUED) (DIVERSIFIES),0,Financial Services
2025-11-10 11:48:26.918072,AXISBANK,INCREASE POSITION,72.2494003655011,1221.4,14.64684,14.004,0.0,🟢 STRONG BUY (UNDERVALUED) (DIVERSIFIES),0,Financial Services
2025-11-10 11:48:26.935791,UCOBANK,BOOK 30% PROFITS,71.96796774282434,32.23,15.645631,8.405,0.0,🟢 STRONG BUY (UNDERVALUED) (DIVERSIFIES),0,Financial Services
2025-11-10 11:48:26.952223,AUBANK,BOOK 50% PROFITS,66.06805696137316,916.5,31.516506,12.654000000000002,0.0,🟢 STRONG BUY (DIVERSIFIES),0,Financial Services
2025-11-10 11:48:26.965528,MAHABANK,INCREASE POSITION,86.66327952277382,58.27,7.348046,22.427,0.0,🟢 STRONG BUY (UNDERVALUED) (DIVERSIFIES),0,Financial Services
2025-11-10 11:48:26.988120,CENTRALBK,INCREASE POSITION,86.34534716545116,38.71,7.501938,12.716,0.0,🟢 STRONG BUY (UNDERVALUED) (DIVERSIFIES),0,Financial Services
2025-11-10 11:48:27.003749,ICICIBANK,INCREASE POSITION,68.37156401295489,1343.3,18.184649,17.599002,0.0,🟢 STRONG BUY (UNDERVALUED) (ML: 61%),0,Financial Services
2025-11-10 11:48:27.019627,GICRE,INCREASE POSITION,87.10844007249548,379.0,7.7663937,9.172,0.0,🟢 STRONG BUY (UNDERVALUED) (DIVERSIFIES),0,Financial Services
2025-11-10 11:48:27.035658,RECLTD,INCREASE POSITION,77.40718493246004,364.0,5.5597982,21.997,10.0,🟢 STRONG BUY (UNDERVALUED) (DIVERSIFIES),0,Financial Services
2025-11-10 11:48:27.052420,INFY,INCREASE POSITION,69.3034415693114,1516.4,21.662857,29.026000000000003,8.437,🟢 STRONG BUY (DIVERSIFIES),0,Technology
2025-11-10 11:48:27.069164,KOTAKBANK,INCREASE POSITION,66.06569881905531,2098.3,22.477774,11.78,0.0,🟢 STRONG BUY (UNDERVALUED) (DIVERSIFIES),0,Financial Services
2025-11-10 11:48:27.085397,NESTLEIND,INCREASE POSITION,50.8563528973625,1270.7,83.16754,70.792,10.0,🟢 BUY (DIVERSIFIES),0,Consumer Defensive
2025-11-10 11:48:27.101959,HINDUNILVR,INCREASE POSITION,44.96446636830242,2418.0,52.168285,21.819,3.611,🟢 BUY (DIVERSIFIES),0,Consumer Defensive
2025-11-10 11:48:27.118367,NATIONALUM,NEW POSITION,,251.75,7.564604,34.459,0.282,🟢 STRONG BUY (UNDERVALUED) (DIVERSIFIES),0,Basic Materials
2025-11-10 11:48:27.135029,ICICIGI,NEW POSITION,,2022.9,36.149036,17.802,0.0,🟢 STRONG BUY (DIVERSIFIES),0,Financial Services
2025-11-10 11:48:27.153408,SHRIRAMFIN,NEW POSITION,,825.7,15.778711,17.323999,10.0,🟢 STRONG BUY (UNDERVALUED) (DIVERSIFIES),0,Financial Services
2025-11-10 11:48:27.169361,AUROPHARMA,NEW POSITION,,1141.9,19.39039,10.379,10.0,🟢 STRONG BUY (UNDERVALUED) (DIVERSIFIES),0,Healthcare
2025-11-10 11:48:27.187605,LUPIN,NEW POSITION,,2024.1,21.430387,24.529,10.0,🟢 STRONG BUY (DIVERSIFIES),0,Healthcare
2025-11-11 11:26:43.861069,SBIN,INCREASE POSITION,83.67952369974486,948.95,10.557966,15.675999,0.0,🟢 STRONG BUY (UNDERVALUED) (DIVERSIFIES),0,Financial Services
2025-11-11 11:26:43.915830,CUB,BOOK 30% PROFITS,88.26418341848759,255.5,15.752158,13.041,0.0,🟢 STRONG BUY (UNDERVALUED) (DIVERSIFIES),0,Financial Services
2025-11-11 11:26:43.937493,UNIONBANK,INCREASE POSITION,85.40631729563746,151.14,6.2351484,15.831,0.0,🟢 STRONG BUY (UNDERVALUED) (DIVERSIFIES),0,Financial Services
2025-11-11 11:26:43.965724,INDIANB,INCREASE POSITION,83.43722163087511,864.75,10.329073,15.754,0.0,🟢 STRONG BUY (UNDERVALUED) (DIVERSIFIES),0,Financial Services
2025-11-11 11:26:43.991465,UJJIVANSFB,INCREASE POSITION,62.76005778026973,50.97,23.817757,6.832000000000001,0.0,🟢 STRONG BUY (UNDERVALUED) (DIVERSIFIES),0,Financial Services
2025-11-11 11:26:44.011597,FEDERALBNK,INCREASE POSITION,75.87841193077492,235.98,14.767209,11.451,0.0,🟢 STRONG BUY (UNDERVALUED) (DIVERSIFIES),0,Financial Services
2025-11-11 11:26:44.033512,HDFCBANK,BOOK 70% PROFITS,74.5085589469075,979.15,22.401052,10.8430006,0.0,🟢 STRONG BUY (UNDERVALUED) (DIVERSIFIES),0,Financial Services
2025-11-11 11:26:44.058153,WIPRO,INCREASE POSITION,65.96760569948758,239.5,18.62364,16.108998999999997,10.0,🟢 STRONG BUY (UNDERVALUED) (DIVERSIFIES),0,Technology
2025-11-11 11:26:44.078304,TCS,INCREASE POSITION,66.99875254077551,3028.0,22.145836,47.355998,10.0,🟢 STRONG BUY (DIVERSIFIES),0,Technology
2025-11-11 11:26:44.104801,CANBK,BOOK 50% PROFITS,92.44942445513216,139.0,5.8898306,17.573999,0.0,🟢 STRONG BUY (UNDERVALUED) (DIVERSIFIES),0,Financial Services
2025-11-11 11:26:44.124199,BANKBARODA,BOOK 30% PROFITS,88.77023722332413,282.35,7.5900536,13.079001000000002,0.0,🟢 STRONG BUY (UNDERVALUED) (DIVERSIFIES),0,Financial Services
2025-11-11 11:26:44.149989,BANKINDIA,BOOK 50% PROFITS,87.66945389962137,143.15,6.758734,12.234,0.0,🟢 STRONG BUY (UNDERVALUED) (DIVERSIFIES),0,Financial Services
2025-11-11 11:26:44.177142,IDBI,INCREASE POSITION,83.99106836551351,97.76,11.314815,15.128,0.0,🟢 STRONG BUY (UNDERVALUED) (DIVERSIFIES),0,Financial Services
2025-11-11 11:26:44.194389,INDUSTOWER,INCREASE POSITION,82.13596606065039,396.2,11.182614,29.018998,10.0,🟢 STRONG BUY (UNDERVALUED) (DIVERSIFIES),0,Communication Services
2025-11-11 11:26:44.221279,KARURVYSYA,INCREASE POSITION,84.4358282635418,244.68,11.23932,17.764,0.0,🟢 STRONG BUY (UNDERVALUED) (DIVERSIFIES),0,Financial Services
2025-11-11 11:26:44.245712,AUROPHARMA,INCREASE POSITION,76.5668587057403,1167.0,19.816607,10.379,10.0,🟢 STRONG BUY (UNDERVALUED) (DIVERSIFIES),0,Healthcare
2025-11-11 11:26:44.264417,PNB,BOOK 30% PROFITS,83.0620980260702,120.58,8.125337,12.666,0.0,🟢 STRONG BUY (UNDERVALUED) (DIVERSIFIES),0,Financial Services
2025-11-11 11:26:44.287798,AXISBANK,INCREASE POSITION,70.23057492324274,1215.8,14.562224,14.004,0.0,🟢 STRONG BUY (UNDERVALUED) (DIVERSIFIES),0,Financial Services
2025-11-11 11:26:44.309777,GICRE,INCREASE POSITION,86.99058389342204,379.0,7.7663937,9.172,0.0,🟢 BUY (VALUE) (DIVERSIFIES),0,Financial Services
2025-11-11 11:26:44.332032,UCOBANK,INCREASE POSITION,67.53463330995616,31.44,15.262136,8.405,0.0,🟢 STRONG BUY (UNDERVALUED) (DIVERSIFIES),0,Financial Services
2025-11-11 11:26:44.359094,LUPIN,INCREASE POSITION,81.25388677582094,1977.9,20.965656,24.529,10.0,🟢 STRONG BUY (UNDERVALUED) (DIVERSIFIES),0,Healthcare
2025-11-11 11:26:44.378239,ICICIBANK,INCREASE POSITION,69.03900520064455,1350.8,18.219585,17.599002,0.0,🟢 STRONG BUY (UNDERVALUED) (DIVERSIFIES),0,Financial Services
2025-11-11 11:26:44.402330,MAHABANK,INCREASE POSITION,86.86479799537564,56.94,7.180328,22.427,0.0,🟢 STRONG BUY (UNDERVALUED) (DIVERSIFIES),0,Financial Services
2025-11-11 11:26:44.427276,INFY,INCREASE POSITION,69.42933017604031,1519.4,21.680935,29.026000000000003,8.437,🟢 STRONG BUY (DIVERSIFIES),0,Technology
2025-11-11 11:26:44.446696,AUBANK,BOOK 30% PROFITS,62.62906165824114,892.25,30.6826,12.654000000000002,0.0,🟢 STRONG BUY (DIVERSIFIES),0,Financial Services
2025-11-11 11:26:44.468330,CENTRALBK,INCREASE POSITION,83.3462699272504,37.75,7.3158917,12.716,0.0,🟢 BUY (VALUE) (DIVERSIFIES),0,Financial Services
2025-11-11 11:26:44.498023,RECLTD,INCREASE POSITION,75.88362090682585,357.25,5.4566975,21.997,10.0,🟢 STRONG BUY (UNDERVALUED) (DIVERSIFIES),0,Financial Services
2025-11-11 11:26:44.526054,KOTAKBANK,INCREASE POSITION,62.8101680506887,2079.1,22.276867,11.78,0.0,🟢 STRONG BUY (UNDERVALUED) (DIVERSIFIES),0,Financial Services
2025-11-11 11:26:44.555495,NESTLEIND,INCREASE POSITION,50.99252370318428,1262.6,82.63089,70.792,10.0,🟢 BUY (DIVERSIFIES),0,Consumer Defensive
2025-11-11 11:26:44.577643,HINDUNILVR,INCREASE POSITION,45.647545548046864,2414.5,52.205406,21.819,3.611,🟢 STRONG BUY (DIVERSIFIES),0,Consumer Defensive
2025-11-11 11:26:44.596213,NATIONALUM,NEW POSITION,,262.84,7.8978367,34.459,0.282,🟢 STRONG BUY (UNDERVALUED) (DIVERSIFIES),0,Basic Materials
2025-11-11 11:26:44.623249,MUTHOOTFIN,NEW POSITION,,3319.4,21.54475,21.574,10.0,🟢 STRONG BUY (UNDERVALUED) (DIVERSIFIES),0,Financial Services
2025-11-11 11:26:44.645778,SHRIRAMFIN,NEW POSITION,,809.35,15.475143,17.323999,10.0,🟢 STRONG BUY (UNDERVALUED) (DIVERSIFIES),0,Financial Services
2025-11-11 11:26:44.670421,INDUSINDBK,NEW POSITION,,825.35,8.545765,-1.161,0.0,🟢 BUY (VALUE) (DIVERSIFIES),0,Financial Services
2025-11-11 11:26:44.693591,ICICIGI,NEW POSITION,,1990.8,35.575413,17.802,0.0,🟢 STRONG BUY (DIVERSIFIES),0,Financial Services
2025-11-11 11:26:44.719318,CUMMINSIND,NEW POSITION,,4308.6,51.600002,31.142,0.308,🟢 BUY (DIVERSIFIES),0,Industrials
2025-11-11 11:26:44.745746,VEDL,NEW POSITION,,516.4,16.931149,35.051998,10.0,🟢 STRONG BUY (DIVERSIFIES),0,Basic Materials
2025-11-12 16:13:02.386185,NATIONALUM,INCREASE POSITION,93.29253349326297,266.95,8.018925,34.459,0.282,🟢 STRONG BUY (UNDERVALUED) (DIVERSIFIES),0,Basic Materials
2025-11-12 16:13:02.424063,CUB,BOOK 30% PROFITS,88.49113437417671,251.69,15.536419,12.852,0.0,🟢 STRONG BUY (UNDERVALUED) (DIVERSIFIES),0,Financial Services
2025-11-12 16:13:02.456793,UNIONBANK,INCREASE POSITION,86.26116722198348,156.29,6.447607,15.831,0.0,🟢 STRONG BUY (UNDERVALUED) (DIVERSIFIES),0,Financial Services
2025-11-12 16:13:02.486631,FEDERALBNK,INCREASE POSITION,76.53165672719045,238.94,14.961803,11.451,0.0,🟢 STRONG BUY (UNDERVALUED) (DIVERSIFIES),0,Financial Services
2025-11-12 16:13:02.519524,SBIN,BOOK 30% PROFITS,83.44753927742977,957.15,10.64683,15.675999,0.0,🟢 STRONG BUY (UNDERVALUED) (DIVERSIFIES),0,Financial Services
2025-11-12 16:13:02.543084,INDIANB,INCREASE POSITION,81.8315084097237,867.5,10.358209,15.754,0.0,🟢 STRONG BUY (UNDERVALUED) (DIVERSIFIES),0,Financial Services
2025-11-12 16:13:02.589534,ICICIBANK,INCREASE POSITION,73.70115767927047,1358.9,18.390852,17.599002,0.0,🟢 STRONG BUY (UNDERVALUED) (DIVERSIFIES),0,Financial Services
2025-11-12 16:13:02.617780,KARURVYSYA,INCREASE POSITION,86.13404535714196,250.02,11.479339,17.764,0.0,🟢 STRONG BUY (UNDERVALUED) (DIVERSIFIES),0,Financial Services
2025-11-12 16:13:02.652322,HDFCBANK,BOOK 71% PROFITS,78.85532932432407,989.5,22.627487,10.8430006,0.0,🟢 STRONG BUY (UNDERVALUED) (DIVERSIFIES),0,Financial Services
2025-11-12 16:13:02.676308,BANKINDIA,BOOK 50% PROFITS,90.2453561315852,146.66,6.9211893,12.234,0.0,🟢 STRONG BUY (UNDERVALUED) (DIVERSIFIES),0,Financial Services
2025-11-12 16:13:02.700574,CENTRALBK,INCREASE POSITION,84.22607454614857,37.78,7.3217053,12.716,0.0,🟢 STRONG BUY (UNDERVALUED) (DIVERSIFIES),0,Financial Services
2025-11-12 16:13:02.735047,CANBK,BOOK 50% PROFITS,93.7060898860291,143.57,6.0808983,17.573999,0.0,🟢 STRONG BUY (UNDERVALUED) (DIVERSIFIES),0,Financial Services
2025-11-12 16:13:02.763094,IDBI,INCREASE POSITION,86.66421673012945,99.97,11.570601,15.128,0.0,🟢 STRONG BUY (UNDERVALUED) (DIVERSIFIES),0,Financial Services
2025-11-12 16:13:02.792753,UJJIVANSFB,INCREASE POSITION,62.49340145056853,51.0,23.831774,6.832000000000001,0.0,🟢 STRONG BUY (UNDERVALUED) (DIVERSIFIES),0,Financial Services
2025-11-12 16:13:02.827218,PNB,BOOK 30% PROFITS,81.32677208799122,122.45,8.251348,12.666,0.0,🟢 STRONG BUY (UNDERVALUED) (DIVERSIFIES),0,Financial Services
2025-11-12 16:13:02.860514,GICRE,INCREASE POSITION,86.89375403636507,386.9,7.9299035,9.172,0.0,🟢 STRONG BUY (UNDERVALUED) (ML: 69%),0,Financial Services
2025-11-12 16:13:02.890174,INDUSTOWER,INCREASE POSITION,79.62203490564234,406.95,11.4925165,29.018998,10.0,🟢 STRONG BUY (UNDERVALUED) (ML: 62%),0,Communication Services
2025-11-12 16:13:02.915968,LUPIN,INCREASE POSITION,83.82435247208656,2033.9,21.534145,24.529,10.0,🟢 STRONG BUY (DIVERSIFIES),0,Healthcare
2025-11-12 16:13:02.947785,INDUSINDBK,INCREASE POSITION,71.08420553424011,864.4,8.950093,-1.161,0.0,🟢 BUY (VALUE) (DIVERSIFIES),0,Financial Services
2025-11-12 16:13:02.978047,BANKBARODA,BOOK 30% PROFITS,87.36614103310951,285.0,7.6633506,13.079001000000002,0.0,🟢 STRONG BUY (UNDERVALUED) (DIVERSIFIES),0,Financial Services
2025-11-12 16:13:03.008545,MAHABANK,INCREASE POSITION,87.02997645075793,57.57,7.2597733,22.427,0.0,🟢 STRONG BUY (UNDERVALUED) (DIVERSIFIES),0,Financial Services
2025-11-12 16:13:03.042444,WIPRO,INCREASE POSITION,72.42091233648736,245.22,19.06843,16.108998999999997,10.0,🟢 STRONG BUY (UNDERVALUED) (DIVERSIFIES),0,Technology
2025-11-12 16:13:03.071775,AUROPHARMA,INCREASE POSITION,73.71043903172853,1183.6,20.101902,10.379,10.0,🟢 STRONG BUY (UNDERVALUED) (DIVERSIFIES),0,Healthcare
2025-11-12 16:13:03.096771,UCOBANK,INCREASE POSITION,69.27541079891559,31.13,15.11165,8.405,0.0,🟢 STRONG BUY (UNDERVALUED) (DIVERSIFIES),0,Financial Services
2025-11-12 16:13:03.127642,INFY,🚀 MOMENTUM PLAY - INCREASE,74.67117967347058,1551.7,22.13868,29.026000000000003,8.437,🟢 STRONG BUY (DIVERSIFIES),0,Technology
2025-11-12 16:13:03.167795,AXISBANK,INCREASE POSITION,75.13454078910695,1221.6,14.62994,14.004,0.0,🟢 STRONG BUY (UNDERVALUED) (DIVERSIFIES),0,Financial Services
2025-11-12 16:13:03.199834,RECLTD,INCREASE POSITION,79.0651793719353,362.25,5.533914,21.997,10.0,🟢 STRONG BUY (UNDERVALUED) (DIVERSIFIES),0,Financial Services
2025-11-12 16:13:03.232675,TCS,INCREASE POSITION,74.2854179667699,3131.8,22.94191,47.355998,10.0,🟢 STRONG BUY (DIVERSIFIES),0,Technology
2025-11-12 16:13:03.271786,AUBANK,BOOK 30% PROFITS,62.43709481989338,882.05,30.331842,12.654000000000002,0.0,🟢 STRONG BUY (DIVERSIFIES),0,Financial Services
2025-11-12 16:13:03.305545,KOTAKBANK,INCREASE POSITION,63.87682722041802,2084.5,22.296503,11.78,0.0,🟢 STRONG BUY (UNDERVALUED) (DIVERSIFIES),0,Financial Services
2025-11-12 16:13:03.338937,NESTLEIND,INCREASE POSITION,52.640877745336354,1278.2,83.32464,70.792,10.0,🟢 BUY (DIVERSIFIES),0,Consumer Defensive
2025-11-12 16:13:03.365726,HINDUNILVR,INCREASE POSITION,48.22875241358783,2424.5,52.28596,21.819,3.611,🟢 STRONG BUY (ML: 63%),0,Consumer Defensive
2025-11-12 16:13:03.393806,MUTHOOTFIN,NEW POSITION,,3324.9,21.560858,21.574,10.0,🟢 STRONG BUY (UNDERVALUED) (DIVERSIFIES),0,Financial Services
2025-11-12 16:13:03.421889,NMDC,NEW POSITION,,77.18,9.6595745,23.085,10.0,🟢 STRONG BUY (UNDERVALUED) (DIVERSIFIES),0,Basic Materials
2025-11-12 16:13:03.454368,ICICIGI,NEW POSITION,,2028.6,36.296295,17.802,0.0,🟢 STRONG BUY (DIVERSIFIES),0,Financial Services
2025-11-12 16:13:03.481815,SHRIRAMFIN,NEW POSITION,,822.5,15.711557,17.323999,10.0,🟢 STRONG BUY (UNDERVALUED) (DIVERSIFIES),0,Financial Services
2025-11-12 16:13:03.518641,CUMMINSIND,NEW POSITION,,4395.4,52.683685,31.142,0.308,🟢 BUY (DIVERSIFIES),0,Industrials
2025-11-12 16:13:03.545154,VEDL,NEW POSITION,,520.6,17.07445,35.051998,10.0,🟢 STRONG BUY (DIVERSIFIES),0,Basic Materials
2025-11-12 16:13:03.571413,HINDPETRO,NEW POSITION,,484.9,7.405314,27.104,10.0,🟢 STRONG BUY (UNDERVALUED) (DIVERSIFIES),0,Energy
2025-11-12 16:13:03.601779,IOC,NEW POSITION,,172.3,9.545707,13.166,10.0,🟢 STRONG BUY (UNDERVALUED) (DIVERSIFIES),0,Energy
2025-11-13 13:44:42.331798,NATIONALUM,INCREASE POSITION,92.3238793695921,270.0,8.110543,34.459,0.282,🟢 STRONG BUY (UNDERVALUED) (DIVERSIFIES),0,Basic Materials
2025-11-13 13:44:42.402896,CUB,BOOK 30% PROFITS,86.54366704959354,256.79,15.841457,12.852,0.0,🟢 STRONG BUY (UNDERVALUED) (DIVERSIFIES),0,Financial Services
2025-11-13 13:44:42.449879,GICRE,INCREASE POSITION,91.56384570266944,389.35,7.132259,9.172,0.0,🟢 STRONG BUY (UNDERVALUED) (DIVERSIFIES),0,Financial Services
2025-11-13 13:44:42.494930,ICICIBANK,INCREASE POSITION,76.04642513052022,1390.1,18.805466,17.599002,0.0,🟢 STRONG BUY (UNDERVALUED) (DIVERSIFIES),0,Financial Services
2025-11-13 13:44:42.526994,KARURVYSYA,INCREASE POSITION,88.12511659293365,252.83,11.608356,17.764,0.0,🟢 STRONG BUY (UNDERVALUED) (DIVERSIFIES),0,Financial Services
2025-11-13 13:44:42.580026,UNIONBANK,INCREASE POSITION,83.06801315597085,155.15,6.405863,15.831,0.0,🟢 STRONG BUY (UNDERVALUED) (DIVERSIFIES),0,Financial Services
2025-11-13 13:44:42.628679,SBIN,BOOK 30% PROFITS,85.25489055312117,958.95,10.669226,15.675999,0.0,🟢 STRONG BUY (UNDERVALUED) (DIVERSIFIES),0,Financial Services
2025-11-13 13:44:42.673480,INDIANB,BOOK 30% PROFITS,81.84405082928009,869.5,10.387051,15.754,0.0,🟢 STRONG BUY (UNDERVALUED) (DIVERSIFIES),0,Financial Services
2025-11-13 13:44:42.722898,FEDERALBNK,INCREASE POSITION,78.1593533861043,236.59,14.796123,11.451,0.0,🟢 STRONG BUY (UNDERVALUED) (DIVERSIFIES),0,Financial Services
2025-11-13 13:44:42.765279,IDBI,INCREASE POSITION,86.48172186138319,99.35,11.498842,15.128,0.0,🟢 STRONG BUY (UNDERVALUED) (DIVERSIFIES),0,Financial Services
2025-11-13 13:44:42.794118,HDFCBANK,BOOK 70% PROFITS,78.8285409095006,989.85,22.630314,10.8430006,0.0,🟢 STRONG BUY (UNDERVALUED) (DIVERSIFIES),0,Financial Services
2025-11-13 13:44:42.831963,RECLTD,INCREASE POSITION,77.84006780996768,362.35,5.535442,21.997,10.0,🟢 STRONG BUY (UNDERVALUED) (DIVERSIFIES),0,Financial Services
2025-11-13 13:44:42.865964,BANKINDIA,BOOK 50% PROFITS,90.24888902889268,146.35,6.9098206,12.234,0.0,🟢 STRONG BUY (UNDERVALUED) (DIVERSIFIES),0,Financial Services
2025-11-13 13:44:42.894007,CANBK,BOOK 50% PROFITS,92.06380271039126,143.98,6.095681,17.573999,0.0,🟢 STRONG BUY (UNDERVALUED) (DIVERSIFIES),0,Financial Services
2025-11-13 13:44:42.914468,UJJIVANSFB,INCREASE POSITION,64.71614666499552,51.96,24.280373,6.832000000000001,0.0,🟢 STRONG BUY (UNDERVALUED) (DIVERSIFIES),0,Financial Services
2025-11-13 13:44:42.961661,PNB,BOOK 30% PROFITS,81.28183356480066,121.98,8.219677,12.666,0.0,🟢 STRONG BUY (UNDERVALUED) (DIVERSIFIES),0,Financial Services
2025-11-13 13:44:42.998288,AXISBANK,INCREASE POSITION,73.60665146941668,1229.4,14.73394,14.004,0.0,🟢 STRONG BUY (UNDERVALUED) (DIVERSIFIES),0,Financial Services
2025-11-13 13:44:43.029105,INDUSTOWER,INCREASE POSITION,76.86688182642249,411.4,11.621469,29.018998,10.0,🟢 STRONG BUY (UNDERVALUED) (DIVERSIFIES),0,Communication Services
2025-11-13 13:44:43.056792,LUPIN,INCREASE POSITION,80.94809103562785,2059.2,21.820492,24.529,10.0,🟢 STRONG BUY (DIVERSIFIES),0,Healthcare
2025-11-13 13:44:43.093687,INDUSINDBK,INCREASE POSITION,71.2850353393785,872.4,9.03189,-1.161,0.0,🟢 BUY (VALUE) (DIVERSIFIES),0,Financial Services
2025-11-13 13:44:43.125766,BANKBARODA,BOOK 30% PROFITS,86.87186898129275,283.7,7.6283956,13.079001000000002,0.0,🟢 STRONG BUY (UNDERVALUED) (DIVERSIFIES),0,Financial Services
2025-11-13 13:44:43.151684,WIPRO,INCREASE POSITION,70.22786362497499,245.87,19.133852,16.108998999999997,10.0,🟢 STRONG BUY (UNDERVALUED) (DIVERSIFIES),0,Technology
2025-11-13 13:44:43.185206,INFY,INCREASE POSITION,74.54940902682762,1554.0,22.15569,29.026000000000003,8.437,🟢 STRONG BUY (DIVERSIFIES),0,Technology
2025-11-13 13:44:43.214725,AUROPHARMA,INCREASE POSITION,73.13093809239656,1213.3,20.585342,10.379,10.0,🟢 STRONG BUY (DIVERSIFIES),0,Healthcare
2025-11-13 13:44:43.257188,AUBANK,BOOK 30% PROFITS,62.28224680744113,890.35,30.585709,12.654000000000002,0.0,🟢 STRONG BUY (DIVERSIFIES),0,Financial Services
2025-11-13 13:44:43.287358,UCOBANK,INCREASE POSITION,68.80010484781344,30.91,15.004855,8.405,0.0,🟢 STRONG BUY (UNDERVALUED) (DIVERSIFIES),0,Financial Services
2025-11-13 13:44:43.310079,MAHABANK,INCREASE POSITION,86.87671547644743,57.19,7.2118535,22.427,0.0,🟢 STRONG BUY (UNDERVALUED) (DIVERSIFIES),0,Financial Services
2025-11-13 13:44:43.352174,TCS,INCREASE POSITION,72.28465374398291,3123.0,22.870743,47.355998,10.0,🟢 STRONG BUY (DIVERSIFIES),0,Technology
2025-11-13 13:44:43.373787,CENTRALBK,INCREASE POSITION,83.78434678498374,37.65,7.296512,12.716,0.0,🟢 STRONG BUY (UNDERVALUED) (DIVERSIFIES),0,Financial Services
2025-11-13 13:44:43.405505,KOTAKBANK,INCREASE POSITION,63.2982104111626,2081.1,22.283972,11.78,0.0,🟢 STRONG BUY (UNDERVALUED) (DIVERSIFIES),0,Financial Services
2025-11-13 13:44:43.441341,NESTLEIND,INCREASE POSITION,53.27712761683706,1284.0,83.702736,70.792,10.0,🟢 BUY (DIVERSIFIES),0,Consumer Defensive
2025-11-13 13:44:43.472963,HINDUNILVR,INCREASE POSITION,46.876786857413066,2418.9,52.232777,21.819,3.611,🟢 STRONG BUY (ML: 61%),0,Consumer Defensive
2025-11-13 13:44:43.512731,MUTHOOTFIN,NEW POSITION,,3397.2,22.068338,21.574,10.0,🟢 STRONG BUY (UNDERVALUED) (DIVERSIFIES),0,Financial Services
2025-11-13 13:44:43.543656,NMDC,NEW POSITION,,78.18,9.784731,23.085,10.0,🟢 STRONG BUY (UNDERVALUED) (DIVERSIFIES),0,Basic Materials
2025-11-13 13:44:43.573371,SHRIRAMFIN,NEW POSITION,,815.3,15.585929,17.323999,10.0,🟢 STRONG BUY (UNDERVALUED) (DIVERSIFIES),0,Financial Services
2025-11-13 13:44:43.597243,ICICIGI,NEW POSITION,,2044.0,36.50652,17.802,0.0,🟢 STRONG BUY (DIVERSIFIES),0,Financial Services
2025-11-13 13:44:43.639264,VEDL,NEW POSITION,,532.45,17.480303,35.051998,10.0,🟢 STRONG BUY (DIVERSIFIES),0,Basic Materials
2025-11-13 13:44:43.659497,CUMMINSIND,NEW POSITION,,4399.5,52.682312,31.142,0.308,🟢 BUY (DIVERSIFIES),0,Industrials
2025-11-13 13:44:43.690636,BPCL,NEW POSITION,,375.5,7.5598955,24.822001,10.0,🟢 STRONG BUY (UNDERVALUED) (DIVERSIFIES),0,Energy
2025-11-17 15:59:56.923169,GICRE,INCREASE POSITION,93.40819797813202,395.1,7.2375894,9.172,0.0,🟢 STRONG BUY (UNDERVALUED) (DIVERSIFIES),0,Financial Services
2025-11-17 15:59:56.970680,IDBI,INCREASE POSITION,91.94318458434662,102.28,11.837962,15.128,0.0,🟢 STRONG BUY (UNDERVALUED) (DIVERSIFIES),0,Financial Services
2025-11-17 15:59:56.989416,MUTHOOTFIN,INCREASE POSITION,85.5944121491026,3760.5,20.599834,23.806,10.0,🟢 STRONG BUY (UNDERVALUED) (DIVERSIFIES),0,Financial Services
2025-11-17 15:59:57.010645,INDIANB,BOOK 30% PROFITS,84.49274865854122,890.15,10.632465,15.754,0.0,🟢 STRONG BUY (UNDERVALUED) (DIVERSIFIES),0,Financial Services
2025-11-17 15:59:57.033653,UNIONBANK,INCREASE POSITION,85.0239048105642,154.08,6.3590593,15.831,0.0,🟢 STRONG BUY (UNDERVALUED) (DIVERSIFIES),0,Financial Services
2025-11-17 15:59:57.052513,SBIN,BOOK 30% PROFITS,84.26344622343153,973.35,10.825825,15.675999,0.0,🟢 STRONG BUY (UNDERVALUED) (DIVERSIFIES),0,Financial Services
2025-11-17 15:59:57.072578,NATIONALUM,INCREASE POSITION,91.57325275004968,260.76,7.837692,34.459,0.282,🟢 STRONG BUY (UNDERVALUED) (DIVERSIFIES),0,Basic Materials
2025-11-17 15:59:57.091589,ICICIBANK,INCREASE POSITION,77.59158585422367,1379.0,18.667929,17.599002,0.0,🟢 STRONG BUY (UNDERVALUED) (ML: 63%),0,Financial Services
2025-11-17 15:59:57.109922,HDFCBANK,BOOK 71% PROFITS,77.52591940076609,996.55,22.783493,10.8430006,0.0,🟢 STRONG BUY (UNDERVALUED) (DIVERSIFIES),0,Financial Services
2025-11-17 15:59:57.128983,RECLTD,INCREASE POSITION,77.5566608340077,361.4,5.5217724,21.997,10.0,🟢 STRONG BUY (UNDERVALUED) (DIVERSIFIES),0,Financial Services
2025-11-17 15:59:57.147017,BANKINDIA,BOOK 50% PROFITS,89.20203119621527,147.35,6.953752,12.234,0.0,🟢 STRONG BUY (UNDERVALUED) (DIVERSIFIES),0,Financial Services
2025-11-17 15:59:57.157306,INFY,INCREASE POSITION,66.21633221609024,1507.6,21.527916,29.026000000000003,8.437,🟢 STRONG BUY (DIVERSIFIES),0,Technology
2025-11-17 15:59:57.185575,CUB,BOOK 30% PROFITS,86.186424756903,277.94,17.146208,12.852,0.0,🟢 STRONG BUY (UNDERVALUED) (ML: 65%),0,Financial Services
2025-11-17 15:59:57.206579,CANBK,BOOK 50% PROFITS,92.65552325901868,149.12,6.3186436,17.573999,0.0,🟢 STRONG BUY (UNDERVALUED) (DIVERSIFIES),0,Financial Services
2025-11-17 15:59:57.226409,KARURVYSYA,INCREASE POSITION,86.14832876159132,252.78,11.600734,17.764,0.0,🟢 STRONG BUY (UNDERVALUED) (DIVERSIFIES),0,Financial Services
2025-11-17 15:59:57.247391,UJJIVANSFB,INCREASE POSITION,63.49977220688925,53.78,25.130838,6.832000000000001,0.0,🟢 STRONG BUY (UNDERVALUED) (DIVERSIFIES),0,Financial Services
2025-11-17 15:59:57.269180,FEDERALBNK,INCREASE POSITION,77.78193886084688,239.06,14.969317,11.451,0.0,🟢 STRONG BUY (UNDERVALUED) (DIVERSIFIES),0,Financial Services
2025-11-17 15:59:57.291815,AXISBANK,INCREASE POSITION,73.59197085937059,1249.6,14.97603,14.004,0.0,🟢 STRONG BUY (UNDERVALUED) (DIVERSIFIES),0,Financial Services
2025-11-17 15:59:57.313430,INDUSTOWER,INCREASE POSITION,82.20809879121651,410.15,11.579617,29.018998,10.0,🟢 STRONG BUY (UNDERVALUED) (DIVERSIFIES),0,Communication Services
2025-11-17 15:59:57.330822,PNB,BOOK 30% PROFITS,80.72471308158482,123.0,8.288409,12.666,0.0,🟢 STRONG BUY (UNDERVALUED) (DIVERSIFIES),0,Financial Services
2025-11-17 15:59:57.348397,BANKBARODA,BOOK 30% PROFITS,84.9149156031398,287.95,7.7426734,13.079001000000002,0.0,🟢 STRONG BUY (UNDERVALUED) (DIVERSIFIES),0,Financial Services
2025-11-17 15:59:57.368200,MAHABANK,INCREASE POSITION,88.78697274787386,59.91,7.5548553,22.427,0.0,🟢 STRONG BUY (UNDERVALUED) (ML: 61%),0,Financial Services
2025-11-17 15:59:57.386247,LUPIN,INCREASE POSITION,79.48982765047258,2052.1,21.752174,24.529,10.0,🟢 STRONG BUY (DIVERSIFIES),0,Healthcare
2025-11-17 15:59:57.406602,INDUSINDBK,INCREASE POSITION,70.140282175241,854.05,8.842928,-1.161,0.0,🟢 BUY (VALUE) (DIVERSIFIES),0,Financial Services
2025-11-17 15:59:57.427624,WIPRO,INCREASE POSITION,70.01936184410692,244.05,18.992218,16.108998999999997,10.0,🟢 STRONG BUY (UNDERVALUED) (DIVERSIFIES),0,Technology
2025-11-17 15:59:57.447401,UCOBANK,INCREASE POSITION,69.92226563994268,31.28,15.184466,8.405,0.0,🟢 STRONG BUY (UNDERVALUED) (DIVERSIFIES),0,Financial Services
2025-11-17 15:59:57.466735,AUROPHARMA,INCREASE POSITION,72.19640345704634,1236.9,20.992872,10.379,10.0,🟢 STRONG BUY (DIVERSIFIES),0,Healthcare
2025-11-17 15:59:57.486599,AUBANK,BOOK 50% PROFITS,63.71746933768755,912.7,31.34272,12.654000000000002,0.0,🟢 STRONG BUY (DIVERSIFIES),0,Financial Services
2025-11-17 15:59:57.506477,NESTLEIND,INCREASE POSITION,51.68877700101562,1270.3,83.243774,70.792,10.0,🟢 BUY (DIVERSIFIES),0,Consumer Defensive
2025-11-17 15:59:57.526881,HINDUNILVR,INCREASE POSITION,47.40287385059116,2425.0,52.296745,21.819,3.611,🟢 BUY (DIVERSIFIES),0,Consumer Defensive
2025-11-17 15:59:57.546465,LICI,NEW POSITION,,915.35,11.3342,44.623002,0.0,🟢 STRONG BUY (UNDERVALUED) (DIVERSIFIES),0,Financial Services
2025-11-17 15:59:57.563118,NMDC,NEW POSITION,,76.54,9.579474,23.085,10.0,🟢 STRONG BUY (UNDERVALUED) (DIVERSIFIES),0,Basic Materials
2025-11-17 15:59:57.587541,ICICIGI,NEW POSITION,,2042.9,36.519485,17.802,0.0,🟢 STRONG BUY (DIVERSIFIES),0,Financial Services
2025-11-17 15:59:57.606373,OIL,NEW POSITION,,436.25,11.873979,11.196,10.0,🟢 STRONG BUY (UNDERVALUED) (DIVERSIFIES),0,Energy
2025-11-17 15:59:57.628129,PETRONET,NEW POSITION,,276.05,11.285772,18.330999,10.0,🟢 STRONG BUY (UNDERVALUED) (DIVERSIFIES),0,Energy
2025-11-18 21:56:39.684348,IDBI,INCREASE POSITION,92.95780149952228,102.52,11.86574,15.128,0.0,🟢 STRONG BUY (UNDERVALUED) (DIVERSIFIES),0,Financial Services
2025-11-18 21:56:39.733286,GICRE,INCREASE POSITION,92.73295982530716,393.45,7.206044,10.281,0.0,🟢 STRONG BUY (UNDERVALUED) (DIVERSIFIES),0,Financial Services
2025-11-18 21:56:39.756831,MUTHOOTFIN,INCREASE POSITION,84.65557831022254,3695.9,20.222696,23.806,10.0,🟢 STRONG BUY (UNDERVALUED) (DIVERSIFIES),0,Financial Services
2025-11-18 21:56:39.776051,ICICIBANK,INCREASE POSITION,76.91792475889972,1373.4,18.582058,17.599002,0.0,🟢 STRONG BUY (UNDERVALUED) (DIVERSIFIES),0,Financial Services
2025-11-18 21:56:39.800004,MAHABANK,INCREASE POSITION,93.87230252926108,60.43,7.620429,22.427,0.0,🟢 STRONG BUY (UNDERVALUED) (DIVERSIFIES),0,Financial Services
2025-11-18 21:56:39.821621,FEDERALBNK,INCREASE POSITION,77.47483402480815,244.51,15.310582,11.451,0.0,🟢 STRONG BUY (UNDERVALUED) (ML: 67%),0,Financial Services
2025-11-18 21:56:39.843620,SBIN,BOOK 30% PROFITS,82.62233387021072,972.45,10.812208,15.675999,0.0,🟢 STRONG BUY (UNDERVALUED) (DIVERSIFIES),0,Financial Services
2025-11-18 21:56:39.862407,INDIANB,BOOK 30% PROFITS,86.8177898711911,886.9,10.599977,15.754,0.0,🟢 STRONG BUY (UNDERVALUED) (DIVERSIFIES),0,Financial Services
2025-11-18 21:56:39.884313,HDFCBANK,BOOK 71% PROFITS,78.47709561011123,992.45,22.684572,10.8430006,0.0,🟢 STRONG BUY (UNDERVALUED) (DIVERSIFIES),0,Financial Services
2025-11-18 21:56:39.903687,RECLTD,INCREASE POSITION,77.93686320978807,359.05,5.485867,21.997,10.0,🟢 STRONG BUY (UNDERVALUED) (DIVERSIFIES),0,Financial Services
2025-11-18 21:56:39.923161,BANKINDIA,BOOK 50% PROFITS,89.33442902748082,146.49,6.9196978,12.234,0.0,🟢 STRONG BUY (UNDERVALUED) (DIVERSIFIES),0,Financial Services
2025-11-18 21:56:39.943282,INFY,INCREASE POSITION,65.30702558322831,1486.4,21.203995,29.026000000000003,8.437,🟢 STRONG BUY (DIVERSIFIES),0,Technology
2025-11-18 21:56:39.963983,HINDUNILVR,INCREASE POSITION,47.14886998652384,2404.0,51.899826,21.819,3.611,🟢 BUY (DIVERSIFIES),0,Consumer Defensive
2025-11-18 21:56:39.984511,CUB,BOOK 30% PROFITS,85.22125635953475,278.76,17.207407,12.852,0.0,🟢 STRONG BUY (UNDERVALUED) (ML: 63%),0,Financial Services
2025-11-18 21:56:40.003932,CANBK,BOOK 50% PROFITS,92.12739023567808,149.0,6.310885,17.573999,0.0,🟢 STRONG BUY (UNDERVALUED) (DIVERSIFIES),0,Financial Services
2025-11-18 21:56:40.023692,UJJIVANSFB,INCREASE POSITION,65.14986286560269,52.97,24.752337,6.832000000000001,0.0,🟢 STRONG BUY (UNDERVALUED) (DIVERSIFIES),0,Financial Services
2025-11-18 21:56:40.044332,NATIONALUM,INCREASE POSITION,93.71548024514934,257.3,7.7336936,34.459,0.282,🟢 STRONG BUY (UNDERVALUED) (DIVERSIFIES),0,Basic Materials
2025-11-18 21:56:40.064302,INDUSTOWER,INCREASE POSITION,81.6375071462542,402.2,11.34876,29.018998,10.0,🟢 STRONG BUY (UNDERVALUED) (DIVERSIFIES),0,Communication Services
2025-11-18 21:56:40.085410,KARURVYSYA,INCREASE POSITION,86.10482045080151,253.39,11.628728,17.764,0.0,🟢 STRONG BUY (UNDERVALUED) (DIVERSIFIES),0,Financial Services
2025-11-18 21:56:40.105573,AXISBANK,INCREASE POSITION,72.93493719692613,1265.4,15.159938,14.004,0.0,🟢 STRONG BUY (UNDERVALUED) (DIVERSIFIES),0,Financial Services
2025-11-18 21:56:40.128479,UNIONBANK,INCREASE POSITION,79.04002001601803,153.11,6.316419,15.831,0.0,🟢 STRONG BUY (UNDERVALUED) (DIVERSIFIES),0,Financial Services
2025-11-18 21:56:40.148187,PNB,BOOK 30% PROFITS,81.34087374640914,122.38,8.241077,12.666,0.0,🟢 STRONG BUY (UNDERVALUED) (DIVERSIFIES),0,Financial Services
2025-11-18 21:56:40.174753,LUPIN,INCREASE POSITION,82.41255120844434,2047.4,21.688559,24.529,10.0,🟢 STRONG BUY (DIVERSIFIES),0,Healthcare
2025-11-18 21:56:40.195011,INDUSINDBK,INCREASE POSITION,72.54993959490868,847.95,8.779768,-1.161,0.0,🟢 BUY (VALUE) (DIVERSIFIES),0,Financial Services
2025-11-18 21:56:40.216758,BANKBARODA,BOOK 30% PROFITS,84.63768582590404,288.45,7.7540326,13.079001000000002,0.0,🟢 STRONG BUY (UNDERVALUED) (DIVERSIFIES),0,Financial Services
2025-11-18 21:56:40.231268,AUROPHARMA,INCREASE POSITION,73.15892600907233,1239.3,21.047894,10.379,10.0,🟢 STRONG BUY (DIVERSIFIES),0,Healthcare
2025-11-18 21:56:40.257829,AUBANK,BOOK 50% PROFITS,65.31179203213628,920.15,31.598558,12.654000000000002,0.0,🟢 STRONG BUY (DIVERSIFIES),0,Financial Services
2025-11-18 21:56:40.278744,WIPRO,INCREASE POSITION,72.24865585645662,240.9,18.732504,16.108998999999997,10.0,🟢 STRONG BUY (UNDERVALUED) (DIVERSIFIES),0,Technology
2025-11-18 21:56:40.298175,UCOBANK,INCREASE POSITION,67.69352628485053,31.55,15.315534,8.405,0.0,🟢 STRONG BUY (UNDERVALUED) (DIVERSIFIES),0,Financial Services
2025-11-18 21:56:40.320044,NESTLEIND,INCREASE POSITION,52.04474856210828,1265.1,83.01181,70.792,10.0,🟢 BUY (DIVERSIFIES),0,Consumer Defensive
2025-11-18 21:56:40.339839,LICI,NEW POSITION,,915.5,11.32624,44.623002,0.0,🟢 STRONG BUY (UNDERVALUED) (DIVERSIFIES),0,Financial Services
2025-11-18 21:56:40.360619,HUDCO,NEW POSITION,,243.93,17.436026,15.944,10.0,🟢 STRONG BUY (UNDERVALUED) (DIVERSIFIES),0,Financial Services
2025-11-18 21:56:40.381313,NMDC,NEW POSITION,,75.72,9.476847,23.085,10.0,🟢 STRONG BUY (UNDERVALUED) (DIVERSIFIES),0,Basic Materials
2025-11-18 21:56:40.403535,HAL,NEW POSITION,,4807.9,37.980095,24.792999,0.031,🟢 BUY (DIVERSIFIES),0,Industrials
2025-11-18 21:56:40.421998,ICICIGI,NEW POSITION,,2025.8,36.187927,17.802,0.0,🟢 STRONG BUY (DIVERSIFIES),0,Financial Services
2025-11-18 21:56:40.442616,HEROMOTOCO,NEW POSITION,,5799.5,21.981958,26.332,3.395,🟢 STRONG BUY (DIVERSIFIES),0,Consumer Cyclical
2025-11-18 21:56:40.463570,IOC,NEW POSITION,,171.59,9.501107,13.166,10.0,🟢 STRONG BUY (UNDERVALUED) (DIVERSIFIES),0,Energy
2025-11-18 21:56:40.484571,BPCL,NEW POSITION,,371.85,7.487918,24.822001,10.0,🟢 STRONG BUY (UNDERVALUED) (DIVERSIFIES),0,Energy
2025-11-18 22:18:37.661775,UNIONBANK,INCREASE POSITION,79.04002001601803,153.11,6.316419,15.831,0.0,🟢 STRONG BUY (UNDERVALUED) (DIVERSIFIES),0,Financial Services
2025-11-18 22:18:37.727918,RECLTD,INCREASE POSITION,77.93686320978807,359.05,5.485867,21.997,10.0,🟢 STRONG BUY (UNDERVALUED) (DIVERSIFIES),0,Financial Services
2025-11-18 22:18:37.765708,GICRE,INCREASE POSITION,92.73295982530716,393.45,7.206044,10.281,0.0,🟢 STRONG BUY (UNDERVALUED) (DIVERSIFIES),0,Financial Services
2025-11-18 22:18:37.803602,PNB,BOOK 30% PROFITS,81.34087374640914,122.38,8.241077,12.666,0.0,🟢 STRONG BUY (UNDERVALUED) (DIVERSIFIES),0,Financial Services
2025-11-18 22:18:37.843302,INDUSINDBK,INCREASE POSITION,72.54993959490868,847.95,8.779768,-1.161,0.0,🟢 BUY (VALUE) (DIVERSIFIES),0,Financial Services
2025-11-18 22:18:37.881153,MAHABANK,INCREASE POSITION,93.87230252926108,60.43,7.620429,22.427,0.0,🟢 STRONG BUY (UNDERVALUED) (DIVERSIFIES),0,Financial Services
2025-11-18 22:18:37.918503,HDFCBANK,BOOK 71% PROFITS,78.47709561011123,992.45,22.684572,10.8430006,0.0,🟢 STRONG BUY (UNDERVALUED) (DIVERSIFIES),0,Financial Services
2025-11-18 22:18:37.956446,BANKINDIA,BOOK 50% PROFITS,89.33442902748082,146.49,6.9196978,12.234,0.0,🟢 STRONG BUY (UNDERVALUED) (DIVERSIFIES),0,Financial Services
2025-11-18 22:18:37.994350,LUPIN,INCREASE POSITION,82.41255120844434,2047.4,21.688559,24.529,10.0,🟢 STRONG BUY (DIVERSIFIES),0,Healthcare
2025-11-18 22:18:38.030164,INFY,INCREASE POSITION,65.30702558322831,1486.4,21.203995,29.026000000000003,8.437,🟢 STRONG BUY (DIVERSIFIES),0,Technology
2025-11-18 22:18:38.067924,HINDUNILVR,INCREASE POSITION,47.14886998652384,2404.0,51.899826,21.819,3.611,🟢 BUY (DIVERSIFIES),0,Consumer Defensive
2025-11-18 22:18:38.104626,CANBK,BOOK 50% PROFITS,92.12739023567808,149.0,6.310885,17.573999,0.0,🟢 STRONG BUY (UNDERVALUED) (DIVERSIFIES),0,Financial Services
2025-11-18 22:18:38.144609,BANKBARODA,BOOK 30% PROFITS,84.63768582590404,288.45,7.7540326,13.079001000000002,0.0,🟢 STRONG BUY (UNDERVALUED) (DIVERSIFIES),0,Financial Services
2025-11-18 22:18:38.179606,NATIONALUM,INCREASE POSITION,93.71548024514934,257.3,7.7336936,34.459,0.282,🟢 STRONG BUY (UNDERVALUED) (DIVERSIFIES),0,Basic Materials
2025-11-18 22:18:38.217973,IDBI,INCREASE POSITION,92.95780149952228,102.52,11.86574,15.128,0.0,🟢 STRONG BUY (UNDERVALUED) (DIVERSIFIES),0,Financial Services
2025-11-18 22:18:38.255037,KARURVYSYA,INCREASE POSITION,86.10482045080151,253.39,11.628728,17.764,0.0,🟢 STRONG BUY (UNDERVALUED) (DIVERSIFIES),0,Financial Services
2025-11-18 22:18:38.301082,INDIANB,BOOK 30% PROFITS,86.8177898711911,886.9,10.599977,15.754,0.0,🟢 STRONG BUY (UNDERVALUED) (DIVERSIFIES),0,Financial Services
2025-11-18 22:18:38.340305,INDUSTOWER,INCREASE POSITION,81.6375071462542,402.2,11.34876,29.018998,10.0,🟢 STRONG BUY (UNDERVALUED) (DIVERSIFIES),0,Communication Services
2025-11-18 22:18:38.382249,SBIN,BOOK 30% PROFITS,82.62233387021072,972.45,10.812208,15.675999,0.0,🟢 STRONG BUY (UNDERVALUED) (DIVERSIFIES),0,Financial Services
2025-11-18 22:18:38.419296,UCOBANK,INCREASE POSITION,67.69352628485053,31.55,15.315534,8.405,0.0,🟢 STRONG BUY (UNDERVALUED) (DIVERSIFIES),0,Financial Services
2025-11-18 22:18:38.455396,CUB,BOOK 30% PROFITS,85.22125635953475,278.76,17.207407,12.852,0.0,🟢 STRONG BUY (UNDERVALUED) (ML: 63%),0,Financial Services
2025-11-18 22:18:38.494726,AXISBANK,INCREASE POSITION,72.93493719692613,1265.4,15.159938,14.004,0.0,🟢 STRONG BUY (UNDERVALUED) (DIVERSIFIES),0,Financial Services
2025-11-18 22:18:38.533209,FEDERALBNK,INCREASE POSITION,77.47483402480815,244.51,15.310582,11.451,0.0,🟢 STRONG BUY (UNDERVALUED) (ML: 67%),0,Financial Services
2025-11-18 22:18:38.571681,WIPRO,INCREASE POSITION,72.24865585645662,240.9,18.732504,16.108998999999997,10.0,🟢 STRONG BUY (UNDERVALUED) (DIVERSIFIES),0,Technology
2025-11-18 22:18:38.611416,UJJIVANSFB,INCREASE POSITION,65.14986286560269,52.97,24.752337,6.832000000000001,0.0,🟢 STRONG BUY (UNDERVALUED) (DIVERSIFIES),0,Financial Services
2025-11-18 22:18:38.650865,ICICIBANK,INCREASE POSITION,76.91792475889972,1373.4,18.582058,17.599002,0.0,🟢 STRONG BUY (UNDERVALUED) (DIVERSIFIES),0,Financial Services
2025-11-18 22:18:38.688287,AUROPHARMA,INCREASE POSITION,73.15892600907233,1239.3,21.047894,10.379,10.0,🟢 STRONG BUY (DIVERSIFIES),0,Healthcare
2025-11-18 22:18:38.726415,MUTHOOTFIN,INCREASE POSITION,84.65557831022254,3695.9,20.222696,23.806,10.0,🟢 STRONG BUY (UNDERVALUED) (DIVERSIFIES),0,Financial Services
2025-11-18 22:18:38.765388,AUBANK,BOOK 50% PROFITS,65.31179203213628,920.15,31.598558,12.654000000000002,0.0,🟢 STRONG BUY (DIVERSIFIES),0,Financial Services
2025-11-18 22:18:38.807547,NESTLEIND,INCREASE POSITION,52.04474851962235,1265.1,83.01181,70.792,10.0,🟢 BUY (DIVERSIFIES),0,Consumer Defensive
2025-11-18 22:39:32.150713,IDBI,INCREASE POSITION,92.95780149952228,102.52,11.86574,15.128,0.0,🟢 STRONG BUY (UNDERVALUED) (DIVERSIFIES),0,Financial Services
2025-11-18 22:39:32.180292,GICRE,INCREASE POSITION,92.73295982530716,393.45,7.206044,10.281,0.0,🟢 STRONG BUY (UNDERVALUED) (DIVERSIFIES),0,Financial Services
2025-11-18 22:39:32.201914,MUTHOOTFIN,INCREASE POSITION,84.65557831022254,3695.9,20.222696,23.806,10.0,🟢 STRONG BUY (UNDERVALUED) (DIVERSIFIES),0,Financial Services
2025-11-18 22:39:32.218794,ICICIBANK,INCREASE POSITION,76.91792475889972,1373.4,18.582058,17.599002,0.0,🟢 STRONG BUY (UNDERVALUED) (DIVERSIFIES),0,Financial Services
2025-11-18 22:39:32.243741,MAHABANK,INCREASE POSITION,93.87230252926108,60.43,7.620429,22.427,0.0,🟢 STRONG BUY (UNDERVALUED) (DIVERSIFIES),0,Financial Services
2025-11-18 22:39:32.265301,FEDERALBNK,INCREASE POSITION,77.47483402480815,244.51,15.310582,11.451,0.0,🟢 STRONG BUY (UNDERVALUED) (ML: 67%),0,Financial Services
2025-11-18 22:39:32.284377,SBIN,BOOK 30% PROFITS,82.62233387021072,972.45,10.812208,15.675999,0.0,🟢 STRONG BUY (UNDERVALUED) (DIVERSIFIES),0,Financial Services
2025-11-18 22:39:32.300412,INDIANB,BOOK 30% PROFITS,86.8177898711911,886.9,10.599977,15.754,0.0,🟢 STRONG BUY (UNDERVALUED) (DIVERSIFIES),0,Financial Services
2025-11-18 22:39:32.327145,HDFCBANK,BOOK 71% PROFITS,78.47709561011123,992.45,22.684572,10.8430006,0.0,🟢 STRONG BUY (UNDERVALUED) (DIVERSIFIES),0,Financial Services
2025-11-18 22:39:32.348141,RECLTD,INCREASE POSITION,77.93686320978807,359.05,5.485867,21.997,10.0,🟢 STRONG BUY (UNDERVALUED) (DIVERSIFIES),0,Financial Services
2025-11-18 22:39:32.369723,BANKINDIA,BOOK 50% PROFITS,89.33442902748082,146.49,6.9196978,12.234,0.0,🟢 STRONG BUY (UNDERVALUED) (DIVERSIFIES),0,Financial Services
2025-11-18 22:39:32.392920,INFY,INCREASE POSITION,65.30702558322831,1486.4,21.203995,29.026000000000003,8.437,🟢 STRONG BUY (DIVERSIFIES),0,Technology
2025-11-18 22:39:32.411925,HINDUNILVR,INCREASE POSITION,47.14887002754911,2404.0,51.899826,21.819,3.611,🟢 BUY (DIVERSIFIES),0,Consumer Defensive
2025-11-18 22:39:32.436221,CUB,BOOK 30% PROFITS,85.22125635953475,278.76,17.207407,12.852,0.0,🟢 STRONG BUY (UNDERVALUED) (ML: 63%),0,Financial Services
2025-11-18 22:39:32.456264,CANBK,BOOK 50% PROFITS,92.12739023567808,149.0,6.310885,17.573999,0.0,🟢 STRONG BUY (UNDERVALUED) (DIVERSIFIES),0,Financial Services
2025-11-18 22:39:32.477543,UJJIVANSFB,INCREASE POSITION,65.14986286560269,52.97,24.752337,6.832000000000001,0.0,🟢 STRONG BUY (UNDERVALUED) (DIVERSIFIES),0,Financial Services
2025-11-18 22:39:32.498144,NATIONALUM,INCREASE POSITION,93.71548024514934,257.3,7.7336936,34.459,0.282,🟢 STRONG BUY (UNDERVALUED) (DIVERSIFIES),0,Basic Materials
2025-11-18 22:39:32.519450,INDUSTOWER,INCREASE POSITION,81.6375071462542,402.2,11.34876,29.018998,10.0,🟢 STRONG BUY (UNDERVALUED) (DIVERSIFIES),0,Communication Services
2025-11-18 22:39:32.534749,KARURVYSYA,INCREASE POSITION,86.10482045080151,253.39,11.628728,17.764,0.0,🟢 STRONG BUY (UNDERVALUED) (DIVERSIFIES),0,Financial Services
2025-11-18 22:39:32.560416,AXISBANK,INCREASE POSITION,72.93493719692613,1265.4,15.159938,14.004,0.0,🟢 STRONG BUY (UNDERVALUED) (DIVERSIFIES),0,Financial Services
2025-11-18 22:39:32.581895,UNIONBANK,INCREASE POSITION,79.04002001601803,153.11,6.316419,15.831,0.0,🟢 STRONG BUY (UNDERVALUED) (DIVERSIFIES),0,Financial Services
2025-11-18 22:39:32.603833,PNB,BOOK 30% PROFITS,81.34087374640914,122.38,8.241077,12.666,0.0,🟢 STRONG BUY (UNDERVALUED) (DIVERSIFIES),0,Financial Services
2025-11-18 22:39:32.625068,LUPIN,INCREASE POSITION,82.41255120844434,2047.4,21.688559,24.529,10.0,🟢 STRONG BUY (DIVERSIFIES),0,Healthcare
2025-11-18 22:39:32.645076,INDUSINDBK,INCREASE POSITION,72.54993959490868,847.95,8.779768,-1.161,0.0,🟢 BUY (VALUE) (DIVERSIFIES),0,Financial Services
2025-11-18 22:39:32.668052,BANKBARODA,BOOK 30% PROFITS,84.63768582590404,288.45,7.7540326,13.079001000000002,0.0,🟢 STRONG BUY (UNDERVALUED) (DIVERSIFIES),0,Financial Services
2025-11-18 22:39:32.688252,AUROPHARMA,INCREASE POSITION,73.15892600907233,1239.3,21.047894,10.379,10.0,🟢 STRONG BUY (DIVERSIFIES),0,Healthcare
2025-11-18 22:39:32.711901,WIPRO,INCREASE POSITION,72.24865585645662,240.9,18.732504,16.108998999999997,10.0,🟢 STRONG BUY (UNDERVALUED) (DIVERSIFIES),0,Technology
2025-11-18 22:39:32.735158,UCOBANK,INCREASE POSITION,67.69352628485053,31.55,15.315534,8.405,0.0,🟢 STRONG BUY (UNDERVALUED) (DIVERSIFIES),0,Financial Services
2025-11-18 22:39:32.756995,AUBANK,BOOK 50% PROFITS,65.32179203213629,0.0,0.0,0.0,0.0,🟡 HOLD (LOW DATA QUALITY),0,Unknown
2025-11-18 22:39:32.778414,NESTLEIND,INCREASE POSITION,52.04474856210828,1265.1,83.01181,70.792,10.0,🟢 BUY (DIVERSIFIES),0,Consumer Defensive
2025-11-18 22:39:32.799622,LICI,NEW POSITION,,915.5,11.32624,44.623002,0.0,🟢 STRONG BUY (UNDERVALUED) (DIVERSIFIES),0,Financial Services
2025-11-18 22:39:32.820773,FINCABLES,NEW POSITION,,785.15,18.066038,12.194,0.377,🟢 STRONG BUY (UNDERVALUED) (DIVERSIFIES),0,Industrials
2025-11-18 22:39:32.833636,REDINGTON,NEW POSITION,,290.4,13.134328,22.066,10.0,🟢 STRONG BUY (UNDERVALUED) (DIVERSIFIES),0,Technology
2025-11-18 22:39:32.861913,GPPL,NEW POSITION,,174.94,17.760406,20.214,2.111,🟢 STRONG BUY (UNDERVALUED) (DIVERSIFIES),0,Industrials
2025-11-18 22:39:32.884465,RITES,NEW POSITION,,251.39,29.367989,16.570999,0.285,🟢 BUY (DIVERSIFIES),0,Industrials
2025-11-18 22:39:32.906084,MAHSEAMLES,NEW POSITION,,565.2,9.664843,12.531999999999998,0.151,🟢 BUY (VALUE) (DIVERSIFIES),0,Basic Materials
2025-11-19 23:59:24.283450,IDBI,INCREASE POSITION,92.0375891896768,104.62,12.108796,15.128,0.0,🟢 STRONG BUY (UNDERVALUED) (DIVERSIFIES),0,Financial Services
2025-11-19 23:59:24.369598,SBIN,BOOK 30% PROFITS,87.09029446746774,982.75,10.9376745,15.675999,0.0,🟢 STRONG BUY (UNDERVALUED) (DIVERSIFIES),0,Financial Services
2025-11-19 23:59:24.407182,AXISBANK,INCREASE POSITION,75.01197943232566,1270.4,15.234441,14.004,0.0,🟢 STRONG BUY (UNDERVALUED) (DIVERSIFIES),0,Financial Services
2025-11-19 23:59:24.439442,GICRE,INCREASE POSITION,89.19681793355798,388.05,7.105841,10.281,0.0,🟢 BUY (VALUE) (DIVERSIFIES),0,Financial Services
2025-11-19 23:59:24.471436,MUTHOOTFIN,INCREASE POSITION,85.03739944975199,3701.7,20.2744,23.806,10.0,🟢 STRONG BUY (UNDERVALUED) (ML: 63%),0,Financial Services
2025-11-19 23:59:24.508858,ICICIBANK,INCREASE POSITION,77.9149325351861,1383.1,18.718365,17.599002,0.0,🟢 STRONG BUY (UNDERVALUED) (DIVERSIFIES),0,Financial Services
2025-11-19 23:59:24.540475,BANKINDIA,BOOK 50% PROFITS,85.87538975350556,148.59,7.0155807,12.234,0.0,🟢 STRONG BUY (UNDERVALUED) (DIVERSIFIES),0,Financial Services
2025-11-19 23:59:24.570000,CUB,BOOK 30% PROFITS,85.81906594313975,274.35,16.914305,12.852,0.0,🟢 STRONG BUY (UNDERVALUED) (DIVERSIFIES),0,Financial Services
2025-11-19 23:59:24.600221,MAHABANK,INCREASE POSITION,94.68963936802184,61.14,7.7099624,22.427,0.0,🟢 STRONG BUY (UNDERVALUED) (DIVERSIFIES),0,Financial Services
2025-11-19 23:59:24.618570,NATIONALUM,INCREASE POSITION,93.23458689795788,256.6,7.712654,34.459,0.282,🟢 STRONG BUY (UNDERVALUED) (DIVERSIFIES),0,Basic Materials
2025-11-19 23:59:24.654281,FEDERALBNK,INCREASE POSITION,75.42800131782491,246.02,15.405134,11.451,0.0,🟢 STRONG BUY (UNDERVALUED) (DIVERSIFIES),0,Financial Services
2025-11-19 23:59:24.688903,KARURVYSYA,INCREASE POSITION,85.86140571082097,253.7,11.642955,17.764,0.0,🟢 STRONG BUY (UNDERVALUED) (DIVERSIFIES),0,Financial Services
2025-11-19 23:59:24.714203,INDIANB,BOOK 30% PROFITS,86.54447188476308,885.55,10.57752,15.754,0.0,🟢 STRONG BUY (UNDERVALUED) (DIVERSIFIES),0,Financial Services
2025-11-19 23:59:24.741393,CANBK,BOOK 50% PROFITS,91.85173546973031,150.38,6.3666387,17.573999,0.0,🟢 STRONG BUY (UNDERVALUED) (DIVERSIFIES),0,Financial Services
2025-11-19 23:59:24.766922,PNB,BOOK 30% PROFITS,78.36320402528963,125.06,8.427223,12.666,0.0,🟢 STRONG BUY (UNDERVALUED) (DIVERSIFIES),0,Financial Services
2025-11-19 23:59:24.799598,UJJIVANSFB,INCREASE POSITION,62.31144059115201,54.11,25.285046,6.832000000000001,0.0,🟢 STRONG BUY (UNDERVALUED) (DIVERSIFIES),0,Financial Services
2025-11-19 23:59:24.821417,INDUSTOWER,INCREASE POSITION,79.111073250589,403.25,11.3815975,29.018998,10.0,🟢 STRONG BUY (UNDERVALUED) (DIVERSIFIES),0,Communication Services
2025-11-19 23:59:24.853167,UNIONBANK,INCREASE POSITION,76.68453333981157,154.48,6.372937,15.831,0.0,🟢 STRONG BUY (UNDERVALUED) (DIVERSIFIES),0,Financial Services
2025-11-19 23:59:24.877327,BANKBARODA,BOOK 50% PROFITS,82.62592454523977,293.3,7.8822894,13.079001000000002,0.0,🟢 STRONG BUY (UNDERVALUED) (DIVERSIFIES),0,Financial Services
2025-11-19 23:59:24.908008,INDUSINDBK,INCREASE POSITION,69.0795942009879,839.6,8.693311,-1.161,0.0,🟢 BUY (VALUE) (DIVERSIFIES),0,Financial Services
2025-11-19 23:59:24.933750,LUPIN,INCREASE POSITION,79.59573885170602,2025.4,21.457783,24.529,10.0,🟢 STRONG BUY (UNDERVALUED) (DIVERSIFIES),0,Healthcare
2025-11-19 23:59:24.955484,AUBANK,BOOK 50% PROFITS,65.65968656084937,925.65,31.831156,12.654000000000002,0.0,🟢 STRONG BUY (DIVERSIFIES),0,Financial Services
2025-11-19 23:59:24.987212,AUROPHARMA,INCREASE POSITION,71.93420724913769,1235.8,20.949314,10.379,10.0,🟢 STRONG BUY (DIVERSIFIES),0,Healthcare
2025-11-19 23:59:25.019438,NESTLEIND,INCREASE POSITION,52.611565808329104,1279.0,83.54017,70.792,10.0,🟢 BUY (DIVERSIFIES),0,Consumer Defensive
2025-11-20 23:11:36.540732,GICRE,INCREASE POSITION,90.26660275392648,385.1,7.053114,10.281,0.0,🟢 BUY (VALUE) (DIVERSIFIES),0,Financial Services
2025-11-20 23:11:36.602165,SBIN,BOOK 30% PROFITS,86.89877651903257,981.55,10.915814,15.675999,0.0,🟢 STRONG BUY (UNDERVALUED) (DIVERSIFIES),0,Financial Services
2025-11-20 23:11:36.659429,AXISBANK,INCREASE POSITION,72.84736124673665,1285.2,15.397148,14.004,0.0,🟢 STRONG BUY (UNDERVALUED) (DIVERSIFIES),0,Financial Services
2025-11-20 23:11:36.729519,ICICIBANK,INCREASE POSITION,77.97379462361606,1383.0,18.724613,17.599002,0.0,🟢 STRONG BUY (UNDERVALUED) (DIVERSIFIES),0,Financial Services
2025-11-20 23:11:36.790019,UJJIVANSFB,INCREASE POSITION,66.07843529154304,54.03,25.247662,6.832000000000001,0.0,🟢 STRONG BUY (UNDERVALUED) (DIVERSIFIES),0,Financial Services
2025-11-20 23:11:36.923382,CUB,BOOK 30% PROFITS,88.58242439271096,265.44,16.375078,12.852,0.0,🟢 STRONG BUY (UNDERVALUED) (DIVERSIFIES),0,Financial Services
2025-11-20 23:11:36.975855,NATIONALUM,INCREASE POSITION,91.46192332161402,257.62,7.740986,34.459,0.282,🟢 STRONG BUY (UNDERVALUED) (DIVERSIFIES),0,Basic Materials
2025-11-20 23:11:37.030446,LICI,INCREASE POSITION,81.23891873235918,908.3,11.241336,44.623002,0.0,🟢 STRONG BUY (UNDERVALUED) (DIVERSIFIES),0,Financial Services
2025-11-20 23:11:37.071029,IDBI,INCREASE POSITION,92.2625006975635,102.8,11.898148,15.128,0.0,🟢 STRONG BUY (UNDERVALUED) (DIVERSIFIES),0,Financial Services
2025-11-20 23:11:37.112234,INDIANB,BOOK 30% PROFITS,86.98476733213373,882.35,10.544335,15.754,0.0,🟢 STRONG BUY (UNDERVALUED) (DIVERSIFIES),0,Financial Services
2025-11-20 23:11:37.162211,BANKINDIA,BOOK 50% PROFITS,89.42945497603708,147.72,6.977799,12.234,0.0,🟢 STRONG BUY (UNDERVALUED) (DIVERSIFIES),0,Financial Services
2025-11-20 23:11:37.204613,CANBK,BOOK 50% PROFITS,91.48121988625776,147.94,6.265989,17.573999,0.0,🟢 STRONG BUY (UNDERVALUED) (DIVERSIFIES),0,Financial Services
2025-11-20 23:11:37.245337,MUTHOOTFIN,INCREASE POSITION,85.07346092752006,3697.5,20.220387,23.806,10.0,🟢 STRONG BUY (UNDERVALUED) (ML: 85%),0,Financial Services
2025-11-20 23:11:37.288600,FEDERALBNK,INCREASE POSITION,76.60256304559756,244.93,15.336881,11.451,0.0,🟢 STRONG BUY (UNDERVALUED) (DIVERSIFIES),0,Financial Services
2025-11-20 23:11:37.339800,MAHABANK,INCREASE POSITION,93.9322838960527,59.77,7.537201,22.427,0.0,🟢 STRONG BUY (UNDERVALUED) (DIVERSIFIES),0,Financial Services
2025-11-20 23:11:37.388524,MAHSEAMLES,INCREASE POSITION,86.02372637009331,571.0,9.765692,12.531999999999998,0.151,🟢 BUY (VALUE) (DIVERSIFIES),0,Basic Materials
2025-11-20 23:11:37.434639,GPPL,INCREASE POSITION,84.8834026987836,177.31,17.98276,20.214,2.111,🟢 STRONG BUY (UNDERVALUED) (DIVERSIFIES),0,Industrials
2025-11-20 23:11:37.482042,KARURVYSYA,INCREASE POSITION,86.94716339288219,248.03,11.393202,17.764,0.0,🟢 STRONG BUY (UNDERVALUED) (DIVERSIFIES),0,Financial Services
2025-11-20 23:11:37.545448,FINCABLES,INCREASE POSITION,76.2119104492776,767.45,17.666897,12.194,0.377,🟢 STRONG BUY (UNDERVALUED) (DIVERSIFIES),0,Industrials
2025-11-20 23:11:37.598777,PNB,BOOK 30% PROFITS,78.7877538760188,123.86,8.346361,12.666,0.0,🟢 STRONG BUY (UNDERVALUED) (DIVERSIFIES),0,Financial Services
2025-11-20 23:11:37.657891,RITES,INCREASE POSITION,76.34811230286647,247.61,28.926401,16.570999,0.285,🟢 BUY (DIVERSIFIES),0,Industrials
2025-11-20 23:11:37.803093,INDUSINDBK,INCREASE POSITION,72.8386719601968,829.4,8.587699,-1.161,0.0,🟢 BUY (VALUE) (DIVERSIFIES),0,Financial Services
2025-11-20 23:11:37.864271,UNIONBANK,INCREASE POSITION,80.6421194236553,153.19,6.3249383,15.831,0.0,🟢 STRONG BUY (UNDERVALUED) (DIVERSIFIES),0,Financial Services
2025-11-20 23:11:37.920159,HAL,INCREASE POSITION,75.1449707771017,4716.6,37.235336,24.792999,0.031,🟢 BUY (DIVERSIFIES),0,Industrials
2025-11-20 23:11:37.971503,LUPIN,INCREASE POSITION,80.90795478254121,2030.8,21.517271,24.529,10.0,🟢 STRONG BUY (DIVERSIFIES),0,Healthcare
2025-11-20 23:11:38.015961,BANKBARODA,BOOK 30% PROFITS,84.599485087494,288.25,7.7507396,13.079001000000002,0.0,🟢 STRONG BUY (UNDERVALUED) (DIVERSIFIES),0,Financial Services
2025-11-20 23:11:38.061266,INDUSTOWER,INCREASE POSITION,74.08185029521002,400.5,11.310365,29.018998,10.0,🟢 STRONG BUY (UNDERVALUED) (DIVERSIFIES),0,Communication Services
2025-11-20 23:11:38.117793,AUROPHARMA,INCREASE POSITION,74.3619103743941,1207.7,20.486853,10.379,10.0,🟢 STRONG BUY (DIVERSIFIES),0,Healthcare
2025-11-20 23:11:38.173767,AUBANK,BOOK 50% PROFITS,64.39831555116521,919.3,31.623667,12.654000000000002,0.0,🟢 STRONG BUY (DIVERSIFIES),0,Financial Services
2025-11-20 23:11:38.220729,NESTLEIND,INCREASE POSITION,52.44661886307114,1279.2,83.3355,70.792,10.0,🟢 BUY (DIVERSIFIES),0,Consumer Defensive
2025-11-20 23:11:38.282014,HDFCBANK,NEW POSITION,,1008.85,23.05416,10.8430006,0.0,🟢 STRONG BUY (UNDERVALUED) (DIVERSIFIES),0,Financial Services
2025-11-20 23:11:38.336661,ICICIGI,NEW POSITION,,2037.6,36.42474,17.802,0.0,🟢 STRONG BUY (DIVERSIFIES),0,Financial Services
2025-11-20 23:11:38.383370,M&MFIN,NEW POSITION,,346.6,18.270956,10.9919995,10.0,🟢 STRONG BUY (UNDERVALUED) (DIVERSIFIES),0,Financial Services
2025-11-20 23:11:38.435799,WIPRO,NEW POSITION,,246.26,19.179127,16.108998999999997,10.0,🟢 STRONG BUY (UNDERVALUED) (DIVERSIFIES),0,Technology
2025-11-21 09:57:34.876605,AXISBANK,INCREASE POSITION,72.4308559464024,1278.5,15.327898,14.004,0.0,🟢 STRONG BUY (UNDERVALUED) (DIVERSIFIES),0,Financial Services
2025-11-21 09:57:34.911931,CUB,BOOK 30% PROFITS,88.41919281381017,264.46,16.304562,12.852,0.0,🟢 STRONG BUY (UNDERVALUED) (DIVERSIFIES),0,Financial Services
2025-11-21 09:57:34.944919,ICICIBANK,INCREASE POSITION,74.95777233774088,1366.5,18.503725,17.599002,0.0,🟢 STRONG BUY (UNDERVALUED) (DIVERSIFIES),0,Financial Services
2025-11-21 09:57:34.970176,UJJIVANSFB,INCREASE POSITION,65.71841015485452,53.83,25.154205,6.832000000000001,0.0,🟢 BUY (VALUE) (DIVERSIFIES),0,Financial Services
2025-11-21 09:57:35.002067,IDBI,INCREASE POSITION,89.45566005107071,100.62,11.645833,15.128,0.0,🟢 STRONG BUY (UNDERVALUED) (DIVERSIFIES),0,Financial Services
2025-11-21 09:57:35.035496,SBIN,BOOK 30% PROFITS,83.34951146176513,978.55,10.883661,15.675999,0.0,🟢 STRONG BUY (UNDERVALUED) (DIVERSIFIES),0,Financial Services
2025-11-21 09:57:35.070230,MUTHOOTFIN,INCREASE POSITION,84.85864403286153,3677.5,20.133034,23.806,10.0,🟢 STRONG BUY (UNDERVALUED) (DIVERSIFIES),0,Financial Services
2025-11-21 09:57:35.108644,FEDERALBNK,INCREASE POSITION,76.72441508032217,246.33,15.424546,11.451,0.0,🟢 STRONG BUY (UNDERVALUED) (DIVERSIFIES),0,Financial Services
2025-11-21 09:57:35.139849,RITES,INCREASE POSITION,83.56368868362856,255.43,29.805134,16.570999,0.285,🟢 BUY (DIVERSIFIES),0,Industrials
2025-11-21 09:57:35.172351,GICRE,INCREASE POSITION,83.69101366028374,380.3,6.963926,10.281,0.0,🟢 BUY (VALUE) (DIVERSIFIES),0,Financial Services
2025-11-21 09:57:35.203683,BANKINDIA,BOOK 50% PROFITS,87.0937772279883,146.37,6.9084044,12.234,0.0,🟢 STRONG BUY (UNDERVALUED) (DIVERSIFIES),0,Financial Services
2025-11-21 09:57:35.229658,INDUSINDBK,INCREASE POSITION,74.73249999999999,835.1,8.646717,-1.161,0.0,🟢 BUY (VALUE) (DIVERSIFIES),0,Financial Services
2025-11-21 09:57:35.264429,FINCABLES,INCREASE POSITION,72.32736145387476,760.5,17.506907,12.194,0.377,🟢 STRONG BUY (UNDERVALUED) (DIVERSIFIES),0,Industrials
2025-11-21 09:57:35.294864,HAL,INCREASE POSITION,70.58239720403274,4661.0,36.875,24.792999,0.031,🟢 BUY (DIVERSIFIES),0,Industrials
2025-11-21 09:57:35.329181,CANBK,BOOK 30% PROFITS,91.30379174090304,146.23,6.1935616,17.573999,0.0,🟢 STRONG BUY (UNDERVALUED) (DIVERSIFIES),0,Financial Services
2025-11-21 09:57:35.366238,MAHABANK,INCREASE POSITION,91.44404121725398,59.14,7.4577556,22.427,0.0,🟢 STRONG BUY (UNDERVALUED) (DIVERSIFIES),0,Financial Services
2025-11-21 09:57:35.402872,NATIONALUM,INCREASE POSITION,90.03714510342067,254.72,7.6538463,34.459,0.282,🟢 STRONG BUY (UNDERVALUED) (DIVERSIFIES),0,Basic Materials
2025-11-21 09:57:35.430602,INDIANB,BOOK 30% PROFITS,86.23341980355401,873.1,10.426319,15.754,0.0,🟢 STRONG BUY (UNDERVALUED) (DIVERSIFIES),0,Financial Services
2025-11-21 09:57:35.461488,GPPL,INCREASE POSITION,83.18599418919828,180.01,18.256592,20.214,2.111,🟢 STRONG BUY (UNDERVALUED) (DIVERSIFIES),0,Industrials
2025-11-21 09:57:35.490779,KARURVYSYA,INCREASE POSITION,86.90036914267182,247.22,11.3507805,17.764,0.0,🟢 STRONG BUY (UNDERVALUED) (DIVERSIFIES),0,Financial Services
2025-11-21 09:57:35.526185,UNIONBANK,INCREASE POSITION,78.24462205185043,150.94,6.229468,15.831,0.0,🟢 STRONG BUY (UNDERVALUED) (DIVERSIFIES),0,Financial Services
2025-11-21 09:57:35.555673,LICI,INCREASE POSITION,78.55387319473476,902.0,11.157844,44.623002,0.0,🟢 STRONG BUY (UNDERVALUED) (DIVERSIFIES),0,Financial Services
2025-11-21 09:57:35.586712,MAHSEAMLES,INCREASE POSITION,83.99502554168322,565.95,9.679323,12.531999999999998,0.151,🟢 BUY (VALUE) (DIVERSIFIES),0,Basic Materials
2025-11-21 09:57:35.614292,INDUSTOWER,INCREASE POSITION,74.88019444054903,398.25,11.249999,29.018998,10.0,🟢 STRONG BUY (UNDERVALUED) (DIVERSIFIES),0,Communication Services
2025-11-21 09:57:35.643943,PNB,BOOK 30% PROFITS,80.13679571072406,123.05,8.2917795,12.666,0.0,🟢 STRONG BUY (UNDERVALUED) (DIVERSIFIES),0,Financial Services
2025-11-21 09:57:35.673301,AUROPHARMA,INCREASE POSITION,75.21507635808476,1203.7,20.422462,10.379,10.0,🟢 STRONG BUY (UNDERVALUED) (DIVERSIFIES),0,Healthcare
2025-11-21 09:57:35.706059,LUPIN,INCREASE POSITION,79.8456200079597,2026.8,21.463518,24.529,10.0,🟢 STRONG BUY (DIVERSIFIES),0,Healthcare
2025-11-21 09:57:35.736876,AUBANK,BOOK 50% PROFITS,62.72015001024823,918.75,31.626507,12.654000000000002,0.0,🟢 STRONG BUY (DIVERSIFIES),0,Financial Services
2025-11-21 09:57:35.763510,BANKBARODA,BOOK 30% PROFITS,84.39726549767866,286.6,7.702231,13.079001000000002,0.0,🟢 STRONG BUY (UNDERVALUED) (DIVERSIFIES),0,Financial Services
2025-11-21 09:57:35.793910,NESTLEIND,INCREASE POSITION,52.31351884225076,1278.8,83.30945,70.792,10.0,🟢 BUY (DIVERSIFIES),0,Consumer Defensive
2025-11-21 09:57:35.820976,HDFCBANK,NEW POSITION,,1003.05,22.963598,10.8430006,0.0,🟢 STRONG BUY (UNDERVALUED) (DIVERSIFIES),0,Financial Services
2025-11-21 09:57:35.852275,ICICIGI,NEW POSITION,,2009.0,35.855793,17.802,0.0,🟢 STRONG BUY (DIVERSIFIES),0,Financial Services
2025-11-21 09:57:35.881019,M&MFIN,NEW POSITION,,346.9,18.296413,10.9919995,10.0,🟢 STRONG BUY (UNDERVALUED) (DIVERSIFIES),0,Financial Services
2025-11-21 09:57:35.912225,WIPRO,NEW POSITION,,243.77,18.970428,16.108998999999997,10.0,🟢 STRONG BUY (UNDERVALUED) (DIVERSIFIES),0,Technology
2025-11-21 09:57:35.943187,DRREDDY,NEW POSITION,,1241.5,17.660028,17.36,10.0,🟢 STRONG BUY (UNDERVALUED) (DIVERSIFIES),0,Healthcare
2025-11-21 13:39:45.486449,NATIONALUM,HOLD CURRENT,0.0,254.65,0.0,0.0,0.0,HOLD (NOT ANALYZED),0,Unknown
2025-11-21 13:39:45.519785,HAL,HOLD CURRENT,0.0,4663.2,0.0,0.0,0.0,HOLD (NOT ANALYZED),0,Unknown
2025-11-21 13:39:45.536417,ICICIBANK,HOLD CURRENT,0.0,1366.3,0.0,0.0,0.0,HOLD (NOT ANALYZED),0,Unknown
2025-11-21 13:39:45.557816,FINCABLES,HOLD CURRENT,0.0,761.05,0.0,0.0,0.0,HOLD (NOT ANALYZED),0,Unknown
2025-11-21 13:39:45.578237,LICI,HOLD CURRENT,0.0,902.1,0.0,0.0,0.0,HOLD (NOT ANALYZED),0,Unknown
2025-11-21 13:39:45.586238,LUPIN,HOLD CURRENT,0.0,2023.9,0.0,0.0,0.0,HOLD (NOT ANALYZED),0,Unknown
2025-11-21 13:39:45.602952,MAHSEAMLES,HOLD CURRENT,0.0,565.9,0.0,0.0,0.0,HOLD (NOT ANALYZED),0,Unknown
2025-11-21 13:39:45.620068,IDBI,HOLD CURRENT,0.0,100.5,0.0,0.0,0.0,HOLD (NOT ANALYZED),0,Unknown
2025-11-21 13:39:45.636059,GICRE,HOLD CURRENT,0.0,382.05,0.0,0.0,0.0,HOLD (NOT ANALYZED),0,Unknown
2025-11-21 13:39:45.658007,INDUSINDBK,HOLD CURRENT,0.0,834.55,0.0,0.0,0.0,HOLD (NOT ANALYZED),0,Unknown
2025-11-21 13:39:45.681579,RITES,HOLD CURRENT,0.0,255.0,0.0,0.0,0.0,HOLD (NOT ANALYZED),0,Unknown
2025-11-21 13:39:45.699169,GPPL,HOLD CURRENT,0.0,180.2,0.0,0.0,0.0,HOLD (NOT ANALYZED),0,Unknown
2025-11-21 13:39:45.721992,MUTHOOTFIN,HOLD CURRENT,0.0,3675.0,0.0,0.0,0.0,HOLD (NOT ANALYZED),0,Unknown
2025-11-21 13:39:45.740930,KARURVYSYA,HOLD CURRENT,0.0,247.35,0.0,0.0,0.0,HOLD (NOT ANALYZED),0,Unknown
2025-11-21 13:39:45.752988,UNIONBANK,HOLD CURRENT,0.0,151.05,0.0,0.0,0.0,HOLD (NOT ANALYZED),0,Unknown
2025-11-21 13:39:45.769729,NESTLEIND,HOLD CURRENT,0.0,1278.2,0.0,0.0,0.0,HOLD (NOT ANALYZED),0,Unknown
2025-11-21 13:39:45.793219,INDUSTOWER,HOLD CURRENT,0.0,398.45,0.0,0.0,0.0,HOLD (NOT ANALYZED),0,Unknown
2025-11-21 13:39:45.802695,AUROPHARMA,HOLD CURRENT,0.0,1202.4,0.0,0.0,0.0,HOLD (NOT ANALYZED),0,Unknown
2025-11-21 13:39:45.819391,AXISBANK,HOLD CURRENT,0.0,1278.25,0.0,0.0,0.0,HOLD (NOT ANALYZED),0,Unknown
2025-11-21 13:39:45.843809,FEDERALBNK,HOLD CURRENT,0.0,246.3,0.0,0.0,0.0,HOLD (NOT ANALYZED),0,Unknown
2025-11-21 13:39:45.857978,MAHABANK,HOLD CURRENT,0.0,59.18,0.0,0.0,0.0,HOLD (NOT ANALYZED),0,Unknown
2025-11-21 13:39:45.870651,INDIANB,HOLD CURRENT,0.0,873.95,0.0,0.0,0.0,HOLD (NOT ANALYZED),0,Unknown
2025-11-21 13:39:45.886397,UJJIVANSFB,HOLD CURRENT,0.0,53.76,0.0,0.0,0.0,HOLD (NOT ANALYZED),0,Unknown
2025-11-21 13:39:45.919721,SBIN,HOLD CURRENT,0.0,978.0,0.0,0.0,0.0,HOLD (NOT ANALYZED),0,Unknown
2025-11-21 13:39:45.936214,PNB,HOLD CURRENT,0.0,123.16,0.0,0.0,0.0,HOLD (NOT ANALYZED),0,Unknown
2025-11-21 13:39:45.952878,CUB,HOLD CURRENT,0.0,264.64,0.0,0.0,0.0,HOLD (NOT ANALYZED),0,Unknown
2025-11-21 13:39:45.971456,BANKINDIA,HOLD CURRENT,0.0,146.6,0.0,0.0,0.0,HOLD (NOT ANALYZED),0,Unknown
2025-11-21 13:39:45.986135,BANKBARODA,HOLD CURRENT,0.0,286.35,0.0,0.0,0.0,HOLD (NOT ANALYZED),0,Unknown
2025-11-21 13:39:46.003319,AUBANK,HOLD CURRENT,0.0,919.0,0.0,0.0,0.0,HOLD (NOT ANALYZED),0,Unknown
2025-11-21 13:39:46.020286,CANBK,HOLD CURRENT,0.0,146.47,0.0,0.0,0.0,HOLD (NOT ANALYZED),0,Unknown
2025-11-21 13:43:12.100649,AXISBANK,INCREASE POSITION,72.18194443561231,1280.9,15.356671,14.004,0.0,🟢 STRONG BUY (UNDERVALUED) (DIVERSIFIES),0,Financial Services
2025-11-21 13:43:12.126032,MUTHOOTFIN,INCREASE POSITION,85.63152225263333,3652.8,19.99781,23.806,10.0,🟢 STRONG BUY (UNDERVALUED) (DIVERSIFIES),0,Financial Services
2025-11-21 13:43:12.150545,CUB,BOOK 30% PROFITS,88.55086814233937,262.99,16.213934,12.852,0.0,🟢 STRONG BUY (UNDERVALUED) (DIVERSIFIES),0,Financial Services
2025-11-21 13:43:12.172320,ICICIBANK,INCREASE POSITION,74.63341815637891,1367.1,18.511848,17.599002,0.0,🟢 STRONG BUY (UNDERVALUED) (DIVERSIFIES),0,Financial Services
2025-11-21 13:43:12.195731,UJJIVANSFB,INCREASE POSITION,65.61358946956602,54.08,25.271029,6.832000000000001,0.0,🟢 BUY (VALUE) (DIVERSIFIES),0,Financial Services
2025-11-21 13:43:12.218840,SBIN,BOOK 30% PROFITS,82.86986539243,974.9,10.843065,15.675999,0.0,🟢 STRONG BUY (UNDERVALUED) (DIVERSIFIES),0,Financial Services
2025-11-21 13:43:12.239538,FEDERALBNK,INCREASE POSITION,76.89644929950038,245.37,15.364432,11.451,0.0,🟢 STRONG BUY (UNDERVALUED) (DIVERSIFIES),0,Financial Services
2025-11-21 13:43:12.261548,GICRE,INCREASE POSITION,83.34939377513389,381.7,6.9895625,10.281,0.0,🟢 BUY (VALUE) (DIVERSIFIES),0,Financial Services
2025-11-21 13:43:12.286541,BANKINDIA,BOOK 50% PROFITS,86.58355526957187,146.31,6.907932,12.234,0.0,🟢 STRONG BUY (UNDERVALUED) (DIVERSIFIES),0,Financial Services
2025-11-21 13:43:12.308551,FINCABLES,INCREASE POSITION,72.31540007930955,760.15,17.49885,12.194,0.377,🟢 STRONG BUY (UNDERVALUED) (DIVERSIFIES),0,Industrials
2025-11-21 13:43:12.317430,HAL,INCREASE POSITION,70.50998681261649,4619.5,36.546677,24.792999,0.031,🟢 BUY (DIVERSIFIES),0,Industrials
2025-11-21 13:43:12.347422,CANBK,BOOK 30% PROFITS,93.3947008289438,146.16,6.190597,17.573999,0.0,🟢 STRONG BUY (UNDERVALUED) (DIVERSIFIES),0,Financial Services
2025-11-21 13:43:12.366788,MAHABANK,INCREASE POSITION,91.09547715947912,58.68,7.399748,22.427,0.0,🟢 STRONG BUY (UNDERVALUED) (DIVERSIFIES),0,Financial Services
2025-11-21 13:43:12.382028,GPPL,INCREASE POSITION,83.58899311768468,178.04,18.056795,20.214,2.111,🟢 STRONG BUY (UNDERVALUED) (DIVERSIFIES),0,Industrials
2025-11-21 13:43:12.413543,KARURVYSYA,INCREASE POSITION,85.49548272031504,250.12,11.48393,17.764,0.0,🟢 STRONG BUY (UNDERVALUED) (DIVERSIFIES),0,Financial Services
2025-11-21 13:43:12.429257,RITES,INCREASE POSITION,78.94193347265792,249.05,29.060678,16.570999,0.285,🟢 BUY (DIVERSIFIES),0,Industrials
2025-11-21 13:43:12.445036,NATIONALUM,INCREASE POSITION,89.47911251435256,252.08,7.5745196,34.459,0.282,🟢 STRONG BUY (UNDERVALUED) (DIVERSIFIES),0,Basic Materials
2025-11-21 13:43:12.476433,MAHSEAMLES,INCREASE POSITION,85.46196312774111,571.95,9.7819395,12.531999999999998,0.151,🟢 STRONG BUY (UNDERVALUED) (DIVERSIFIES),0,Basic Materials
2025-11-21 13:43:12.498743,IDBI,INCREASE POSITION,86.11380198970281,100.25,11.603009,15.128,0.0,🟢 STRONG BUY (UNDERVALUED) (DIVERSIFIES),0,Financial Services
2025-11-21 13:43:12.520950,LUPIN,INCREASE POSITION,81.27859899846229,2036.1,21.562004,24.529,10.0,🟢 STRONG BUY (UNDERVALUED) (DIVERSIFIES),0,Healthcare
2025-11-21 13:43:12.543020,INDUSINDBK,INCREASE POSITION,72.6249055184471,853.5,8.837234,-1.161,0.0,🟢 BUY (VALUE) (DIVERSIFIES),0,Financial Services
2025-11-21 13:43:12.566829,UNIONBANK,INCREASE POSITION,78.45000860452606,152.27,6.2843585,15.831,0.0,🟢 STRONG BUY (UNDERVALUED) (DIVERSIFIES),0,Financial Services
2025-11-21 13:43:12.588846,LICI,INCREASE POSITION,78.16963066991377,903.65,11.178254,44.623002,0.0,🟢 STRONG BUY (UNDERVALUED) (DIVERSIFIES),0,Financial Services
2025-11-21 13:43:12.601843,INDUSTOWER,INCREASE POSITION,74.75884016575202,398.3,11.251411,29.018998,10.0,🟢 STRONG BUY (UNDERVALUED) (DIVERSIFIES),0,Communication Services
2025-11-21 13:43:12.617581,INDIANB,BOOK 30% PROFITS,82.86810040108008,858.0,10.245999,15.754,0.0,🟢 STRONG BUY (UNDERVALUED) (DIVERSIFIES),0,Financial Services
2025-11-21 13:43:12.649135,PNB,BOOK 30% PROFITS,79.83208645273129,122.88,8.280323,12.666,0.0,🟢 STRONG BUY (UNDERVALUED) (DIVERSIFIES),0,Financial Services
2025-11-21 13:43:12.671032,AUROPHARMA,INCREASE POSITION,74.35347961606966,1218.0,20.665083,10.379,10.0,🟢 STRONG BUY (DIVERSIFIES),0,Healthcare
2025-11-21 13:43:12.698755,AUBANK,BOOK 50% PROFITS,62.77657161567926,917.75,31.592083,12.654000000000002,0.0,🟢 STRONG BUY (DIVERSIFIES),0,Financial Services
2025-11-21 13:43:12.716781,BANKBARODA,BOOK 30% PROFITS,84.38920753294916,286.05,7.6874495,13.079001000000002,0.0,🟢 STRONG BUY (UNDERVALUED) (DIVERSIFIES),0,Financial Services
2025-11-21 13:43:12.732015,NESTLEIND,INCREASE POSITION,52.52600143466769,1285.4,83.73941,70.792,10.0,🟢 BUY (DIVERSIFIES),0,Consumer Defensive
2025-11-21 13:43:12.747776,HDFCBANK,NEW POSITION,,999.9,22.891483,10.8430006,0.0,🟢 STRONG BUY (UNDERVALUED) (DIVERSIFIES),0,Financial Services
2025-11-21 13:43:12.771213,WIPRO,NEW POSITION,,245.01,19.066925,16.108998999999997,10.0,🟢 STRONG BUY (UNDERVALUED) (DIVERSIFIES),0,Technology
2025-11-21 13:43:12.779260,TCS,NEW POSITION,,3151.8,23.093494,47.355998,10.0,🟢 STRONG BUY (DIVERSIFIES),0,Technology
2025-11-21 13:43:12.811321,INFY,NEW POSITION,,1545.1,22.10127,29.026000000000003,8.437,🟢 STRONG BUY (DIVERSIFIES),0,Technology
2025-11-21 13:43:12.827075,POWERGRID,NEW POSITION,,277.1,17.912088,15.918,10.0,🟢 STRONG BUY (UNDERVALUED) (DIVERSIFIES),0,Utilities
2025-11-21 13:55:25.405691,AXISBANK,INCREASE POSITION,72.54194443561231,1280.9,15.356671,14.004,0.0,🟢 STRONG BUY (UNDERVALUED) (DIVERSIFIES),0,Financial Services
2025-11-21 13:55:25.444280,MUTHOOTFIN,INCREASE POSITION,85.507671041168,3648.5,19.974268,23.806,10.0,🟢 STRONG BUY (UNDERVALUED) (DIVERSIFIES),0,Financial Services
2025-11-21 13:55:25.492402,CUB,BOOK 30% PROFITS,88.40597914653729,263.4,16.239212,12.852,0.0,🟢 STRONG BUY (UNDERVALUED) (DIVERSIFIES),0,Financial Services
2025-11-21 13:55:25.522334,ICICIBANK,INCREASE POSITION,74.8450221905758,1367.8,18.521328,17.599002,0.0,🟢 STRONG BUY (UNDERVALUED) (DIVERSIFIES),0,Financial Services
2025-11-21 13:55:25.571997,UJJIVANSFB,INCREASE POSITION,65.73480361091913,54.1,25.280373,6.832000000000001,0.0,🟢 BUY (VALUE) (DIVERSIFIES),0,Financial Services
2025-11-21 13:55:25.612857,SBIN,BOOK 30% PROFITS,84.644200847352,975.85,10.853631,15.675999,0.0,🟢 STRONG BUY (UNDERVALUED) (DIVERSIFIES),0,Financial Services
2025-11-21 13:55:25.651521,FEDERALBNK,INCREASE POSITION,76.61225695537479,245.8,15.391358,11.451,0.0,🟢 STRONG BUY (UNDERVALUED) (DIVERSIFIES),0,Financial Services
2025-11-21 13:55:25.687518,GICRE,INCREASE POSITION,83.8293937751339,381.7,6.9895625,10.281,0.0,🟢 BUY (VALUE) (DIVERSIFIES),0,Financial Services
2025-11-21 13:55:25.717292,BANKINDIA,BOOK 50% PROFITS,87.46507077477885,146.57,6.920208,12.234,0.0,🟢 STRONG BUY (UNDERVALUED) (DIVERSIFIES),0,Financial Services
2025-11-21 13:55:25.764799,FINCABLES,INCREASE POSITION,72.42715245965927,759.7,17.488491,12.194,0.377,🟢 STRONG BUY (UNDERVALUED) (DIVERSIFIES),0,Industrials
2025-11-21 13:55:25.797282,HAL,INCREASE POSITION,69.42408544637712,4611.1,36.48022,24.792999,0.031,🟢 BUY (DIVERSIFIES),0,Industrials
2025-11-21 13:55:25.852864,CANBK,BOOK 30% PROFITS,91.30992890835869,146.5,6.2049975,17.573999,0.0,🟢 STRONG BUY (UNDERVALUED) (DIVERSIFIES),0,Financial Services
2025-11-21 13:55:25.893095,MAHABANK,INCREASE POSITION,91.09988668321806,58.73,7.406053,22.427,0.0,🟢 STRONG BUY (UNDERVALUED) (DIVERSIFIES),0,Financial Services
2025-11-21 13:55:25.931397,GPPL,INCREASE POSITION,83.17967327855308,177.81,18.033468,20.214,2.111,🟢 STRONG BUY (UNDERVALUED) (DIVERSIFIES),0,Industrials
2025-11-21 13:55:25.970149,RITES,INCREASE POSITION,78.34042833213573,249.0,29.054844,16.570999,0.285,🟢 BUY (DIVERSIFIES),0,Industrials
2025-11-21 13:55:26.006548,NATIONALUM,INCREASE POSITION,89.90436767728121,252.5,7.5871396,34.459,0.282,🟢 STRONG BUY (UNDERVALUED) (DIVERSIFIES),0,Basic Materials
2025-11-21 13:55:26.042879,MAHSEAMLES,INCREASE POSITION,85.84904775160761,571.7,9.777664,12.531999999999998,0.151,🟢 STRONG BUY (UNDERVALUED) (DIVERSIFIES),0,Basic Materials
2025-11-21 13:55:26.081861,IDBI,INCREASE POSITION,86.02275573088454,100.23,11.600695,15.128,0.0,🟢 STRONG BUY (UNDERVALUED) (DIVERSIFIES),0,Financial Services
2025-11-21 13:55:26.125607,KARURVYSYA,INCREASE POSITION,85.81678206211019,251.4,11.542699,17.764,0.0,🟢 STRONG BUY (UNDERVALUED) (DIVERSIFIES),0,Financial Services
2025-11-21 13:55:26.165067,LUPIN,INCREASE POSITION,80.70697567900596,2035.6,21.55671,24.529,10.0,🟢 STRONG BUY (DIVERSIFIES),0,Healthcare
2025-11-21 13:55:26.195359,INDUSINDBK,INCREASE POSITION,73.13374566915186,853.2,8.834127,-1.161,0.0,🟢 BUY (VALUE) (DIVERSIFIES),0,Financial Services
2025-11-21 13:55:26.240875,UNIONBANK,INCREASE POSITION,78.96453236017713,152.4,6.2897234,15.831,0.0,🟢 STRONG BUY (UNDERVALUED) (DIVERSIFIES),0,Financial Services
2025-11-21 13:55:26.284628,LICI,INCREASE POSITION,78.55387319473476,902.0,11.157844,44.623002,0.0,🟢 STRONG BUY (UNDERVALUED) (DIVERSIFIES),0,Financial Services
2025-11-21 13:55:26.324252,INDUSTOWER,INCREASE POSITION,74.89509293250813,398.8,11.265536,29.018998,10.0,🟢 STRONG BUY (UNDERVALUED) (DIVERSIFIES),0,Communication Services
2025-11-21 13:55:26.354395,INDIANB,BOOK 30% PROFITS,83.12757107191815,856.8,10.231669,15.754,0.0,🟢 STRONG BUY (UNDERVALUED) (DIVERSIFIES),0,Financial Services
2025-11-21 13:55:26.403533,PNB,BOOK 30% PROFITS,80.48941192080804,123.15,8.298517,12.666,0.0,🟢 STRONG BUY (UNDERVALUED) (DIVERSIFIES),0,Financial Services
2025-11-21 13:55:26.435551,AUROPHARMA,INCREASE POSITION,74.38025710718338,1216.8,20.644724,10.379,10.0,🟢 STRONG BUY (DIVERSIFIES),0,Healthcare
2025-11-21 13:55:26.483340,AUBANK,BOOK 50% PROFITS,62.72104460889048,919.0,31.635113,12.654000000000002,0.0,🟢 STRONG BUY (DIVERSIFIES),0,Financial Services
2025-11-21 13:55:26.515185,BANKBARODA,BOOK 30% PROFITS,84.5394629353753,286.7,7.7049184,13.079001000000002,0.0,🟢 STRONG BUY (UNDERVALUED) (DIVERSIFIES),0,Financial Services
2025-11-21 13:55:26.563074,NESTLEIND,INCREASE POSITION,52.33415010113599,1282.9,83.576546,70.792,10.0,🟢 BUY (DIVERSIFIES),0,Consumer Defensive
2025-11-21 13:55:26.595078,HDFCBANK,NEW POSITION,,1000.7,22.9098,10.8430006,0.0,🟢 STRONG BUY (UNDERVALUED) (DIVERSIFIES),0,Financial Services
2025-11-21 13:55:26.643760,M&MFIN,NEW POSITION,,345.4,18.2173,10.9919995,10.0,🟢 STRONG BUY (UNDERVALUED) (DIVERSIFIES),0,Financial Services
2025-11-21 13:55:26.680510,ICICIGI,NEW POSITION,,2022.7,36.100304,17.802,0.0,🟢 STRONG BUY (DIVERSIFIES),0,Financial Services
2025-11-21 13:55:26.722598,DRREDDY,NEW POSITION,,1246.1,17.725462,17.36,10.0,🟢 STRONG BUY (UNDERVALUED) (DIVERSIFIES),0,Healthcare
2025-11-21 14:46:09.642874,AXISBANK,INCREASE POSITION,72.53509476912363,1278.1,15.323102,14.004,0.0,🟢 STRONG BUY (UNDERVALUED) (DIVERSIFIES),0,Financial Services
2025-11-21 14:46:09.664353,IDBI,INCREASE POSITION,90.10115678832568,101.64,11.763888,15.128,0.0,🟢 STRONG BUY (UNDERVALUED) (DIVERSIFIES),0,Financial Services
2025-11-21 14:46:09.694527,CUB,BOOK 30% PROFITS,88.40086814233936,262.99,16.213934,12.852,0.0,🟢 STRONG BUY (UNDERVALUED) (DIVERSIFIES),0,Financial Services
2025-11-21 14:46:09.704339,ICICIBANK,INCREASE POSITION,74.84800143093103,1369.0,18.537577,17.599002,0.0,🟢 STRONG BUY (UNDERVALUED) (DIVERSIFIES),0,Financial Services
2025-11-21 14:46:09.736172,UJJIVANSFB,INCREASE POSITION,65.74634003833536,54.29,25.369158,6.832000000000001,0.0,🟢 BUY (VALUE) (DIVERSIFIES),0,Financial Services
2025-11-21 14:46:09.757932,SBIN,BOOK 30% PROFITS,84.64246682949108,975.45,10.849182,15.675999,0.0,🟢 STRONG BUY (UNDERVALUED) (DIVERSIFIES),0,Financial Services
2025-11-21 14:46:09.770397,MUTHOOTFIN,INCREASE POSITION,84.84180632554944,3658.7,20.03011,23.806,10.0,🟢 STRONG BUY (UNDERVALUED) (DIVERSIFIES),0,Financial Services
2025-11-21 14:46:09.798426,FEDERALBNK,INCREASE POSITION,76.60942061997862,245.59,15.378209,11.451,0.0,🟢 STRONG BUY (UNDERVALUED) (DIVERSIFIES),0,Financial Services
2025-11-21 14:46:09.818334,GICRE,INCREASE POSITION,83.8282015913785,381.65,6.9886465,10.281,0.0,🟢 BUY (VALUE) (DIVERSIFIES),0,Financial Services
2025-11-21 14:46:09.837973,MAHABANK,INCREASE POSITION,91.12708109808956,59.05,7.446406,22.427,0.0,🟢 STRONG BUY (UNDERVALUED) (DIVERSIFIES),0,Financial Services
2025-11-21 14:46:09.859276,BANKINDIA,BOOK 50% PROFITS,87.39911609544998,146.2,6.902738,12.234,0.0,🟢 STRONG BUY (UNDERVALUED) (DIVERSIFIES),0,Financial Services
2025-11-21 14:46:09.880119,FINCABLES,INCREASE POSITION,72.42932306647153,759.95,17.494246,12.194,0.377,🟢 STRONG BUY (UNDERVALUED) (DIVERSIFIES),0,Industrials
2025-11-21 14:46:09.891313,HAL,INCREASE POSITION,69.4168175894853,4606.0,36.439873,24.792999,0.031,🟢 BUY (DIVERSIFIES),0,Industrials
2025-11-21 14:46:09.919515,CANBK,BOOK 30% PROFITS,91.31129264627536,146.56,6.207539,17.573999,0.0,🟢 STRONG BUY (UNDERVALUED) (DIVERSIFIES),0,Financial Services
2025-11-21 14:46:09.934535,GPPL,INCREASE POSITION,83.29105917754666,178.15,18.067951,20.214,2.111,🟢 STRONG BUY (UNDERVALUED) (DIVERSIFIES),0,Industrials
2025-11-21 14:46:09.950444,RITES,INCREASE POSITION,78.29946397457675,247.64,28.89615,16.570999,0.285,🟢 BUY (DIVERSIFIES),0,Industrials
2025-11-21 14:46:09.982288,NATIONALUM,INCREASE POSITION,89.89510847159363,251.76,7.5649037,34.459,0.282,🟢 STRONG BUY (UNDERVALUED) (DIVERSIFIES),0,Basic Materials
2025-11-21 14:46:10.004935,MAHSEAMLES,INCREASE POSITION,85.58899307909762,570.4,9.75543,12.531999999999998,0.151,🟢 STRONG BUY (UNDERVALUED) (DIVERSIFIES),0,Basic Materials
2025-11-21 14:46:10.025066,KARURVYSYA,INCREASE POSITION,86.1227853750811,251.28,11.5371895,17.764,0.0,🟢 STRONG BUY (UNDERVALUED) (DIVERSIFIES),0,Financial Services
2025-11-21 14:46:10.036055,LUPIN,INCREASE POSITION,80.69702196315346,2030.9,21.506937,24.529,10.0,🟢 STRONG BUY (DIVERSIFIES),0,Healthcare
2025-11-21 14:46:10.070838,INDUSINDBK,INCREASE POSITION,73.1246596717125,851.35,8.814972,-1.161,0.0,🟢 BUY (VALUE) (DIVERSIFIES),0,Financial Services
2025-11-21 14:46:10.086730,UNIONBANK,INCREASE POSITION,78.95339613429621,152.08,6.276517,15.831,0.0,🟢 STRONG BUY (UNDERVALUED) (DIVERSIFIES),0,Financial Services
2025-11-21 14:46:10.110425,LICI,INCREASE POSITION,76.72492208913297,904.45,11.18815,44.623002,0.0,🟢 STRONG BUY (UNDERVALUED) (DIVERSIFIES),0,Financial Services
2025-11-21 14:46:10.125314,INDUSTOWER,INCREASE POSITION,74.86664713163533,397.75,11.235875,29.018998,10.0,🟢 STRONG BUY (UNDERVALUED) (DIVERSIFIES),0,Communication Services
2025-11-21 14:46:10.150320,INDIANB,BOOK 30% PROFITS,83.13371348921412,857.5,10.240029,15.754,0.0,🟢 STRONG BUY (UNDERVALUED) (DIVERSIFIES),0,Financial Services
2025-11-21 14:46:10.172147,PNB,BOOK 30% PROFITS,80.34522582499045,122.99,8.287736,12.666,0.0,🟢 STRONG BUY (UNDERVALUED) (DIVERSIFIES),0,Financial Services
2025-11-21 14:46:10.196316,AUROPHARMA,INCREASE POSITION,74.49340177371812,1206.8,20.475061,10.379,10.0,🟢 STRONG BUY (DIVERSIFIES),0,Healthcare
2025-11-21 14:46:10.220494,AUBANK,BOOK 50% PROFITS,62.71388781975253,917.0,31.566265,12.654000000000002,0.0,🟢 STRONG BUY (DIVERSIFIES),0,Financial Services
2025-11-21 14:46:10.243869,BANKBARODA,BOOK 30% PROFITS,84.39067266943562,286.15,7.690137,13.079001000000002,0.0,🟢 STRONG BUY (UNDERVALUED) (DIVERSIFIES),0,Financial Services
2025-11-21 14:46:10.265729,NESTLEIND,INCREASE POSITION,52.319054352894526,1279.9,83.3811,70.792,10.0,🟢 BUY (DIVERSIFIES),0,Consumer Defensive
2025-11-21 15:22:51.022486,MUTHOOTFIN,INCREASE POSITION,85.49781921673251,3637.5,19.914047,23.806,10.0,🟢 STRONG BUY (UNDERVALUED) (DIVERSIFIES),0,Financial Services
2025-11-21 15:22:51.058745,AXISBANK,INCREASE POSITION,73.40121581268059,1274.8,15.283539,14.004,0.0,🟢 STRONG BUY (UNDERVALUED) (DIVERSIFIES),0,Financial Services
2025-11-21 15:22:51.082334,CUB,BOOK 30% PROFITS,85.33063943662407,262.32,16.172628,12.852,0.0,🟢 STRONG BUY (UNDERVALUED) (DIVERSIFIES),0,Financial Services
2025-11-21 15:22:51.100533,ICICIBANK,INCREASE POSITION,75.70825128376596,1370.2,18.553825,17.599002,0.0,🟢 STRONG BUY (UNDERVALUED) (DIVERSIFIES),0,Financial Services
2025-11-21 15:22:51.130474,UJJIVANSFB,INCREASE POSITION,65.73176779430042,54.04,25.252337,6.832000000000001,0.0,🟢 BUY (VALUE) (DIVERSIFIES),0,Financial Services
2025-11-21 15:22:51.158511,SBIN,BOOK 30% PROFITS,83.05012467164632,971.45,10.804693,15.675999,0.0,🟢 STRONG BUY (UNDERVALUED) (DIVERSIFIES),0,Financial Services
2025-11-21 15:22:51.187271,FEDERALBNK,INCREASE POSITION,76.73956135080122,244.86,15.332499,11.451,0.0,🟢 STRONG BUY (UNDERVALUED) (DIVERSIFIES),0,Financial Services
2025-11-21 15:22:51.201064,MAHABANK,INCREASE POSITION,90.16472176348942,58.57,7.3858767,22.427,0.0,🟢 STRONG BUY (UNDERVALUED) (DIVERSIFIES),0,Financial Services
2025-11-21 15:22:51.232725,BANKINDIA,BOOK 50% PROFITS,87.38182025653153,145.42,6.865911,12.234,0.0,🟢 STRONG BUY (UNDERVALUED) (DIVERSIFIES),0,Financial Services
2025-11-21 15:22:51.254600,FINCABLES,INCREASE POSITION,71.68757478395436,757.6,17.440147,12.194,0.377,🟢 STRONG BUY (UNDERVALUED) (DIVERSIFIES),0,Industrials
2025-11-21 15:22:51.268195,HAL,INCREASE POSITION,69.70991506515358,4595.6,36.357594,24.792999,0.031,🟢 BUY (DIVERSIFIES),0,Industrials
2025-11-21 15:22:51.299237,CANBK,BOOK 30% PROFITS,93.65469962178076,145.72,6.171961,17.573999,0.0,🟢 STRONG BUY (UNDERVALUED) (DIVERSIFIES),0,Financial Services
2025-11-21 15:22:51.315093,GPPL,INCREASE POSITION,83.2918106283662,178.19,18.072008,20.214,2.111,🟢 STRONG BUY (UNDERVALUED) (DIVERSIFIES),0,Industrials
2025-11-21 15:22:51.346697,RITES,INCREASE POSITION,77.82924510511666,246.14,28.72112,16.570999,0.285,🟢 BUY (DIVERSIFIES),0,Industrials
2025-11-21 15:22:51.362445,KARURVYSYA,INCREASE POSITION,87.43249489715349,247.02,11.341598,17.764,0.0,🟢 STRONG BUY (UNDERVALUED) (DIVERSIFIES),0,Financial Services
2025-11-21 15:22:51.399318,NATIONALUM,INCREASE POSITION,89.87408781987905,250.08,7.5144234,34.459,0.282,🟢 STRONG BUY (UNDERVALUED) (DIVERSIFIES),0,Basic Materials
2025-11-21 15:22:51.410122,MAHSEAMLES,INCREASE POSITION,86.17734063856041,573.45,9.807593,12.531999999999998,0.151,🟢 STRONG BUY (UNDERVALUED) (DIVERSIFIES),0,Basic Materials
2025-11-21 15:22:51.435754,IDBI,INCREASE POSITION,89.40215013007199,100.4,11.62037,15.128,0.0,🟢 STRONG BUY (UNDERVALUED) (DIVERSIFIES),0,Financial Services
2025-11-21 15:22:51.467733,LUPIN,INCREASE POSITION,81.0710768759997,2032.2,21.520702,24.529,10.0,🟢 STRONG BUY (DIVERSIFIES),0,Healthcare
2025-11-21 15:22:51.483540,INDUSINDBK,INCREASE POSITION,72.9987816764536,845.45,8.753882,-1.161,0.0,🟢 BUY (VALUE) (DIVERSIFIES),0,Financial Services
2025-11-21 15:22:51.520712,GICRE,INCREASE POSITION,83.65999894098606,379.2,6.9401207,10.281,0.0,🟢 BUY (VALUE) (DIVERSIFIES),0,Financial Services
2025-11-21 15:22:51.531396,INDIANB,BOOK 30% PROFITS,84.75307609272163,851.0,10.163005,15.754,0.0,🟢 STRONG BUY (UNDERVALUED) (DIVERSIFIES),0,Financial Services
2025-11-21 15:22:51.563335,UNIONBANK,INCREASE POSITION,78.65613580068211,150.91,6.2282295,15.831,0.0,🟢 STRONG BUY (UNDERVALUED) (DIVERSIFIES),0,Financial Services
2025-11-21 15:22:51.579198,LICI,INCREASE POSITION,78.86466461395395,902.8,11.167739,44.623002,0.0,🟢 STRONG BUY (UNDERVALUED) (DIVERSIFIES),0,Financial Services
2025-11-21 15:22:51.610909,INDUSTOWER,INCREASE POSITION,74.88290373336307,398.35,11.252825,29.018998,10.0,🟢 STRONG BUY (UNDERVALUED) (DIVERSIFIES),0,Communication Services
2025-11-21 15:22:51.635607,PNB,BOOK 30% PROFITS,80.68730213290458,122.39,8.247305,12.666,0.0,🟢 STRONG BUY (UNDERVALUED) (DIVERSIFIES),0,Financial Services
2025-11-21 15:22:51.670383,AUROPHARMA,INCREASE POSITION,75.3607162403716,1205.8,20.458094,10.379,10.0,🟢 STRONG BUY (UNDERVALUED) (DIVERSIFIES),0,Healthcare
2025-11-21 15:22:51.687771,AUBANK,BOOK 50% PROFITS,62.56798338135057,915.35,31.509466,12.654000000000002,0.0,🟢 STRONG BUY (DIVERSIFIES),0,Financial Services
2025-11-21 15:22:51.716047,BANKBARODA,BOOK 30% PROFITS,83.66886467446128,283.65,7.622951,13.079001000000002,0.0,🟢 STRONG BUY (UNDERVALUED) (DIVERSIFIES),0,Financial Services
2025-11-21 15:22:51.731889,NESTLEIND,INCREASE POSITION,52.62705435289453,1279.8,83.3811,70.792,10.0,🟢 BUY (DIVERSIFIES),0,Consumer Defensive
2025-11-21 15:31:11.857369,AXISBANK,INCREASE POSITION,73.40121581268059,1274.9,15.284738,14.004,0.0,🟢 STRONG BUY (UNDERVALUED) (DIVERSIFIES),0,Financial Services
2025-11-21 15:31:11.889406,MUTHOOTFIN,INCREASE POSITION,85.49978953788815,3639.7,19.926092,23.806,10.0,🟢 STRONG BUY (UNDERVALUED) (DIVERSIFIES),0,Financial Services
2025-11-21 15:31:11.915172,CUB,BOOK 30% PROFITS,88.39488482458536,262.51,16.184341,12.852,0.0,🟢 STRONG BUY (UNDERVALUED) (DIVERSIFIES),0,Financial Services
2025-11-21 15:31:11.937473,ICICIBANK,INCREASE POSITION,75.7077930682071,1369.9,18.549765,17.599002,0.0,🟢 STRONG BUY (UNDERVALUED) (DIVERSIFIES),0,Financial Services
2025-11-21 15:31:11.961851,UJJIVANSFB,INCREASE POSITION,65.8699463506528,54.02,25.24299,6.832000000000001,0.0,🟢 STRONG BUY (UNDERVALUED) (DIVERSIFIES),0,Financial Services
2025-11-21 15:31:11.970079,SBIN,BOOK 30% PROFITS,83.05164203303131,971.8,10.808586,15.675999,0.0,🟢 STRONG BUY (UNDERVALUED) (DIVERSIFIES),0,Financial Services
2025-11-21 15:31:12.002054,FEDERALBNK,INCREASE POSITION,76.73659003032297,244.64,15.318723,11.451,0.0,🟢 STRONG BUY (UNDERVALUED) (DIVERSIFIES),0,Financial Services
2025-11-21 15:31:12.017901,MAHABANK,INCREASE POSITION,90.16688897122708,58.6,7.3896594,22.427,0.0,🟢 STRONG BUY (UNDERVALUED) (DIVERSIFIES),0,Financial Services
2025-11-21 15:31:12.050331,BANKINDIA,BOOK 50% PROFITS,87.38048985943799,145.36,6.863078,12.234,0.0,🟢 STRONG BUY (UNDERVALUED) (DIVERSIFIES),0,Financial Services
2025-11-21 15:31:12.079109,FINCABLES,INCREASE POSITION,71.6857791492781,757.25,17.43209,12.194,0.377,🟢 STRONG BUY (UNDERVALUED) (DIVERSIFIES),0,Industrials
2025-11-21 15:31:12.095374,HAL,INCREASE POSITION,70.69725030010932,4600.0,36.39873,24.792999,0.031,🟢 BUY (DIVERSIFIES),0,Industrials
2025-11-21 15:31:12.123987,CANBK,BOOK 30% PROFITS,93.65583618565483,145.77,6.174079,17.573999,0.0,🟢 STRONG BUY (UNDERVALUED) (DIVERSIFIES),0,Financial Services
2025-11-21 15:31:12.139777,GPPL,INCREASE POSITION,83.28767850864224,177.97,18.049696,20.214,2.111,🟢 STRONG BUY (UNDERVALUED) (DIVERSIFIES),0,Industrials
2025-11-21 15:31:12.162289,RITES,INCREASE POSITION,77.82745060852872,246.0,28.704784,16.570999,0.285,🟢 BUY (DIVERSIFIES),0,Industrials
2025-11-21 15:31:12.188119,KARURVYSYA,INCREASE POSITION,88.3420129295678,247.85,11.379706,17.764,0.0,🟢 STRONG BUY (UNDERVALUED) (DIVERSIFIES),0,Financial Services
2025-11-21 15:31:12.204446,NATIONALUM,INCREASE POSITION,89.8738375194758,250.06,7.5138226,34.459,0.282,🟢 STRONG BUY (UNDERVALUED) (DIVERSIFIES),0,Basic Materials
2025-11-21 15:31:12.220660,MAHSEAMLES,INCREASE POSITION,85.96154955379954,572.95,9.799043,12.531999999999998,0.151,🟢 STRONG BUY (UNDERVALUED) (DIVERSIFIES),0,Basic Materials
2025-11-21 15:31:12.252262,IDBI,INCREASE POSITION,86.33389488789513,100.29,11.607638,15.128,0.0,🟢 STRONG BUY (UNDERVALUED) (DIVERSIFIES),0,Financial Services
2025-11-21 15:31:12.268055,INDUSINDBK,INCREASE POSITION,72.99897494533921,845.5,8.7544,-1.161,0.0,🟢 BUY (VALUE) (DIVERSIFIES),0,Financial Services
2025-11-21 15:31:12.283888,GICRE,INCREASE POSITION,83.7745439017688,379.4,6.9474454,10.281,0.0,🟢 BUY (VALUE) (DIVERSIFIES),0,Financial Services
2025-11-21 15:31:12.328034,INDIANB,BOOK 30% PROFITS,84.75308837219293,851.05,10.163005,15.754,0.0,🟢 STRONG BUY (UNDERVALUED) (DIVERSIFIES),0,Financial Services
2025-11-21 15:31:12.345516,LICI,INCREASE POSITION,78.86431576641591,902.7,11.166502,44.623002,0.0,🟢 STRONG BUY (UNDERVALUED) (DIVERSIFIES),0,Financial Services
2025-11-21 15:31:12.356804,INDUSTOWER,INCREASE POSITION,75.17329257825996,397.7,11.234463,29.018998,10.0,🟢 STRONG BUY (UNDERVALUED) (DIVERSIFIES),0,Communication Services
2025-11-21 15:31:12.388360,LUPIN,INCREASE POSITION,80.92194600646381,2027.7,21.47305,24.529,10.0,🟢 STRONG BUY (DIVERSIFIES),0,Healthcare
2025-11-21 15:31:12.404197,PNB,BOOK 30% PROFITS,80.68558188909208,122.35,8.244609,12.666,0.0,🟢 STRONG BUY (UNDERVALUED) (DIVERSIFIES),0,Financial Services
2025-11-21 15:31:12.420009,AUROPHARMA,INCREASE POSITION,75.3625959825846,1206.5,20.46997,10.379,10.0,🟢 STRONG BUY (UNDERVALUED) (DIVERSIFIES),0,Healthcare
2025-11-21 15:31:12.437941,UNIONBANK,INCREASE POSITION,78.52562628435408,150.51,6.211721,15.831,0.0,🟢 STRONG BUY (UNDERVALUED) (DIVERSIFIES),0,Financial Services
2025-11-21 15:31:12.467364,AUBANK,BOOK 50% PROFITS,62.56852022789906,915.5,31.514631,12.654000000000002,0.0,🟢 STRONG BUY (DIVERSIFIES),0,Financial Services
2025-11-21 15:31:12.483191,BANKBARODA,BOOK 30% PROFITS,83.78067290618489,283.85,7.628326,13.079001000000002,0.0,🟢 STRONG BUY (UNDERVALUED) (DIVERSIFIES),0,Financial Services
2025-11-21 15:31:12.498965,NESTLEIND,INCREASE POSITION,52.63309265828961,1281.1,83.45928,70.792,10.0,🟢 BUY (DIVERSIFIES),0,Consumer Defensive
2025-11-21 15:31:12.530515,HDFCBANK,NEW POSITION,,998.3,22.854853,10.8430006,0.0,🟢 STRONG BUY (UNDERVALUED) (DIVERSIFIES),0,Financial Services
2025-11-21 15:31:12.546337,M&MFIN,NEW POSITION,,342.2,18.048525,10.9919995,10.0,🟢 STRONG BUY (UNDERVALUED) (DIVERSIFIES),0,Financial Services
2025-11-21 15:31:12.562132,WIPRO,NEW POSITION,,244.61,19.035797,16.108998999999997,10.0,🟢 STRONG BUY (UNDERVALUED) (DIVERSIFIES),0,Technology
2025-11-21 15:31:12.595735,DRREDDY,NEW POSITION,,1245.0,17.709814,17.36,10.0,🟢 STRONG BUY (UNDERVALUED) (DIVERSIFIES),0,Healthcare
2025-11-21 15:31:12.615869,TCS,NEW POSITION,,3151.4,23.090563,47.355998,10.0,🟢 STRONG BUY (DIVERSIFIES),0,Technology
2025-11-21 16:00:31.132183,MUTHOOTFIN,INCREASE POSITION,85.49647578612768,3636.0,19.905836,23.806,10.0,🟢 STRONG BUY (UNDERVALUED) (DIVERSIFIES),0,Financial Services
2025-11-21 16:00:31.183870,AXISBANK,INCREASE POSITION,73.40400658958714,1275.8,15.295528,14.004,0.0,🟢 STRONG BUY (UNDERVALUED) (DIVERSIFIES),0,Financial Services
2025-11-21 16:00:31.240746,CUB,BOOK 30% PROFITS,88.39762730536414,262.73,16.197905,12.852,0.0,🟢 STRONG BUY (UNDERVALUED) (DIVERSIFIES),0,Financial Services
2025-11-21 16:00:31.263201,ICICIBANK,INCREASE POSITION,74.84914724956907,1369.5,18.544348,17.599002,0.0,🟢 STRONG BUY (UNDERVALUED) (DIVERSIFIES),0,Financial Services
2025-11-21 16:00:31.275909,UJJIVANSFB,INCREASE POSITION,65.73844672983235,54.16,25.30841,6.832000000000001,0.0,🟢 BUY (VALUE) (DIVERSIFIES),0,Financial Services
2025-11-21 16:00:31.303330,SBIN,BOOK 30% PROFITS,83.05511045617396,972.6,10.817484,15.675999,0.0,🟢 STRONG BUY (UNDERVALUED) (DIVERSIFIES),0,Financial Services
2025-11-21 16:00:31.323198,FEDERALBNK,INCREASE POSITION,76.74226249503124,245.06,15.345021,11.451,0.0,🟢 STRONG BUY (UNDERVALUED) (DIVERSIFIES),0,Financial Services
2025-11-21 16:00:31.346875,GPPL,INCREASE POSITION,83.28730278323246,177.95,18.047668,20.214,2.111,🟢 STRONG BUY (UNDERVALUED) (DIVERSIFIES),0,Industrials
2025-11-21 16:00:31.366921,BANKINDIA,BOOK 50% PROFITS,87.38270741349471,145.46,6.8678,12.234,0.0,🟢 STRONG BUY (UNDERVALUED) (DIVERSIFIES),0,Financial Services
2025-11-21 16:00:31.392912,FINCABLES,INCREASE POSITION,71.69013984149201,758.1,17.451658,12.194,0.377,🟢 STRONG BUY (UNDERVALUED) (DIVERSIFIES),0,Industrials
2025-11-21 16:00:31.424282,HAL,INCREASE POSITION,70.68913579411894,4595.0,36.352848,24.792999,0.031,🟢 BUY (DIVERSIFIES),0,Industrials
2025-11-21 16:00:31.442996,CANBK,BOOK 30% PROFITS,93.65583618565483,145.77,6.174079,17.573999,0.0,🟢 STRONG BUY (UNDERVALUED) (DIVERSIFIES),0,Financial Services
2025-11-21 16:00:31.474225,GICRE,INCREASE POSITION,83.78885832930642,380.0,6.9584327,10.281,0.0,🟢 BUY (VALUE) (DIVERSIFIES),0,Financial Services
2025-11-21 16:00:31.507255,MAHABANK,INCREASE POSITION,91.40347715947912,58.68,7.399748,22.427,0.0,🟢 STRONG BUY (UNDERVALUED) (DIVERSIFIES),0,Financial Services
2025-11-21 16:00:31.531091,RITES,INCREASE POSITION,78.71254130417029,246.83,28.801636,16.570999,0.285,🟢 BUY (DIVERSIFIES),0,Industrials
2025-11-21 16:00:31.551190,KARURVYSYA,INCREASE POSITION,87.43421366119675,247.07,11.343893,17.764,0.0,🟢 STRONG BUY (UNDERVALUED) (DIVERSIFIES),0,Financial Services
2025-11-21 16:00:31.572207,NATIONALUM,INCREASE POSITION,89.88159511366715,250.68,7.532452,34.459,0.282,🟢 STRONG BUY (UNDERVALUED) (DIVERSIFIES),0,Basic Materials
2025-11-21 16:00:31.588143,MAHSEAMLES,INCREASE POSITION,85.95112174295669,572.05,9.783649,12.531999999999998,0.151,🟢 STRONG BUY (UNDERVALUED) (DIVERSIFIES),0,Basic Materials
2025-11-21 16:00:31.604101,IDBI,INCREASE POSITION,86.33127866147805,100.24,11.601851,15.128,0.0,🟢 STRONG BUY (UNDERVALUED) (DIVERSIFIES),0,Financial Services
2025-11-21 16:00:31.625288,LUPIN,INCREASE POSITION,80.92539561696468,2029.4,21.491053,24.529,10.0,🟢 STRONG BUY (DIVERSIFIES),0,Healthcare
2025-11-21 16:00:31.653122,INDUSINDBK,INCREASE POSITION,73.00303453586332,846.55,8.765272,-1.161,0.0,🟢 BUY (VALUE) (DIVERSIFIES),0,Financial Services
2025-11-21 16:00:31.674727,INDIANB,BOOK 30% PROFITS,84.759675907181,851.8,10.171961,15.754,0.0,🟢 STRONG BUY (UNDERVALUED) (DIVERSIFIES),0,Financial Services
2025-11-21 16:00:31.694716,UNIONBANK,INCREASE POSITION,78.65486029490908,150.89,6.227404,15.831,0.0,🟢 STRONG BUY (UNDERVALUED) (DIVERSIFIES),0,Financial Services
2025-11-21 16:00:31.716377,LICI,INCREASE POSITION,78.86326901083018,902.4,11.162791,44.623002,0.0,🟢 STRONG BUY (UNDERVALUED) (DIVERSIFIES),0,Financial Services
2025-11-21 16:00:31.730314,INDUSTOWER,INCREASE POSITION,75.87432094165938,397.0,11.214689,29.018998,10.0,🟢 STRONG BUY (UNDERVALUED) (DIVERSIFIES),0,Communication Services
2025-11-21 16:00:31.762148,PNB,BOOK 30% PROFITS,80.6864421772007,122.37,8.245957,12.666,0.0,🟢 STRONG BUY (UNDERVALUED) (DIVERSIFIES),0,Financial Services
2025-11-21 16:00:31.781602,AUROPHARMA,INCREASE POSITION,75.36098472814146,1205.9,20.459791,10.379,10.0,🟢 STRONG BUY (UNDERVALUED) (DIVERSIFIES),0,Healthcare
2025-11-21 16:00:31.809168,AUBANK,BOOK 50% PROFITS,62.56798338135057,915.35,31.509466,12.654000000000002,0.0,🟢 STRONG BUY (DIVERSIFIES),0,Financial Services
2025-11-21 16:00:31.825049,BANKBARODA,BOOK 30% PROFITS,83.7908827100932,284.15,7.6363883,13.079001000000002,0.0,🟢 STRONG BUY (UNDERVALUED) (DIVERSIFIES),0,Financial Services
2025-11-21 16:00:31.841031,NESTLEIND,INCREASE POSITION,52.63107972237421,1280.7,83.43322,70.792,10.0,🟢 BUY (DIVERSIFIES),0,Consumer Defensive
2025-11-21 16:00:31.872497,HDFCBANK,NEW POSITION,,998.05,22.849129,10.8430006,0.0,🟢 STRONG BUY (UNDERVALUED) (DIVERSIFIES),0,Financial Services
2025-11-21 16:00:31.890668,M&MFIN,NEW POSITION,,342.55,18.066984,10.9919995,10.0,🟢 STRONG BUY (UNDERVALUED) (DIVERSIFIES),0,Financial Services
2025-11-21 16:00:31.908231,WIPRO,NEW POSITION,,244.49,19.026459,16.108998999999997,10.0,🟢 STRONG BUY (UNDERVALUED) (DIVERSIFIES),0,Technology
2025-11-21 16:00:31.930237,DRREDDY,NEW POSITION,,1243.9,17.694168,17.36,10.0,🟢 STRONG BUY (UNDERVALUED) (DIVERSIFIES),0,Healthcare
2025-11-21 16:00:31.959962,TCS,NEW POSITION,,3150.6,23.084703,47.355998,10.0,🟢 STRONG BUY (DIVERSIFIES),0,Technology
2025-11-21 16:11:03.652338,MUTHOOTFIN,INCREASE POSITION,85.49647578612768,3636.0,19.905836,23.806,10.0,🟢 STRONG BUY (UNDERVALUED) (DIVERSIFIES),0,Financial Services
2025-11-21 16:11:03.700289,AXISBANK,INCREASE POSITION,73.40400658958714,1275.8,15.295528,14.004,0.0,🟢 STRONG BUY (UNDERVALUED) (DIVERSIFIES),0,Financial Services
2025-11-21 16:11:03.730621,CUB,BOOK 30% PROFITS,88.39762730536414,262.73,16.197905,12.852,0.0,🟢 STRONG BUY (UNDERVALUED) (DIVERSIFIES),0,Financial Services
2025-11-21 16:11:03.760017,ICICIBANK,INCREASE POSITION,74.84914724956907,1369.5,18.544348,17.599002,0.0,🟢 STRONG BUY (UNDERVALUED) (DIVERSIFIES),0,Financial Services
2025-11-21 16:11:03.771084,UJJIVANSFB,INCREASE POSITION,65.73844672983235,54.16,25.30841,6.832000000000001,0.0,🟢 BUY (VALUE) (DIVERSIFIES),0,Financial Services
2025-11-21 16:11:03.802625,SBIN,BOOK 30% PROFITS,83.05511045617396,972.6,10.817484,15.675999,0.0,🟢 STRONG BUY (UNDERVALUED) (DIVERSIFIES),0,Financial Services
2025-11-21 16:11:03.826968,FEDERALBNK,INCREASE POSITION,76.74226249503124,245.06,15.345021,11.451,0.0,🟢 STRONG BUY (UNDERVALUED) (DIVERSIFIES),0,Financial Services
2025-11-21 16:11:03.876622,GPPL,INCREASE POSITION,83.28730278323246,177.95,18.047668,20.214,2.111,🟢 STRONG BUY (UNDERVALUED) (DIVERSIFIES),0,Industrials
2025-11-21 16:11:03.900796,BANKINDIA,BOOK 50% PROFITS,87.38270741349471,145.46,6.8678,12.234,0.0,🟢 STRONG BUY (UNDERVALUED) (DIVERSIFIES),0,Financial Services
2025-11-21 16:11:03.922253,FINCABLES,INCREASE POSITION,71.69013984149201,758.1,17.451658,12.194,0.377,🟢 STRONG BUY (UNDERVALUED) (DIVERSIFIES),0,Industrials
2025-11-21 16:11:03.944021,HAL,INCREASE POSITION,70.68913579411894,4595.0,36.352848,24.792999,0.031,🟢 BUY (DIVERSIFIES),0,Industrials
2025-11-21 16:11:03.964747,CANBK,BOOK 30% PROFITS,93.65583618565483,145.77,6.174079,17.573999,0.0,🟢 STRONG BUY (UNDERVALUED) (DIVERSIFIES),0,Financial Services
2025-11-21 16:11:03.984843,GICRE,INCREASE POSITION,83.78885832930642,380.0,6.9584327,10.281,0.0,🟢 BUY (VALUE) (DIVERSIFIES),0,Financial Services
2025-11-21 16:11:04.007527,MAHABANK,INCREASE POSITION,91.40347715947912,58.68,7.399748,22.427,0.0,🟢 STRONG BUY (UNDERVALUED) (DIVERSIFIES),0,Financial Services
2025-11-21 16:11:04.026015,RITES,INCREASE POSITION,78.71254127169536,246.83,28.801636,16.570999,0.285,🟢 BUY (DIVERSIFIES),0,Industrials
2025-11-21 16:11:04.061098,KARURVYSYA,INCREASE POSITION,87.43421366119675,247.07,11.343893,17.764,0.0,🟢 STRONG BUY (UNDERVALUED) (DIVERSIFIES),0,Financial Services
2025-11-21 16:11:04.081234,NATIONALUM,INCREASE POSITION,89.88159511366715,250.68,7.532452,34.459,0.282,🟢 STRONG BUY (UNDERVALUED) (DIVERSIFIES),0,Basic Materials
2025-11-21 16:11:04.101047,MAHSEAMLES,INCREASE POSITION,85.95112174295669,572.05,9.783649,12.531999999999998,0.151,🟢 STRONG BUY (UNDERVALUED) (DIVERSIFIES),0,Basic Materials
2025-11-21 16:11:04.113149,IDBI,INCREASE POSITION,86.33127866147805,100.24,11.601851,15.128,0.0,🟢 STRONG BUY (UNDERVALUED) (DIVERSIFIES),0,Financial Services
2025-11-21 16:11:04.143013,LUPIN,INCREASE POSITION,80.92539561696468,2029.4,21.491053,24.529,10.0,🟢 STRONG BUY (DIVERSIFIES),0,Healthcare
2025-11-21 16:11:04.160844,INDUSINDBK,INCREASE POSITION,73.00303453586332,846.55,8.765272,-1.161,0.0,🟢 BUY (VALUE) (DIVERSIFIES),0,Financial Services
2025-11-21 16:11:04.176755,INDIANB,BOOK 30% PROFITS,84.759675907181,851.8,10.171961,15.754,0.0,🟢 STRONG BUY (UNDERVALUED) (DIVERSIFIES),0,Financial Services
2025-11-21 16:11:04.215291,UNIONBANK,INCREASE POSITION,78.65486029490908,150.89,6.227404,15.831,0.0,🟢 STRONG BUY (UNDERVALUED) (DIVERSIFIES),0,Financial Services
2025-11-21 16:11:04.248398,LICI,INCREASE POSITION,78.86326901083018,902.4,11.162791,44.623002,0.0,🟢 STRONG BUY (UNDERVALUED) (DIVERSIFIES),0,Financial Services
2025-11-21 16:11:04.283454,INDUSTOWER,INCREASE POSITION,75.87432094165938,397.0,11.214689,29.018998,10.0,🟢 STRONG BUY (UNDERVALUED) (DIVERSIFIES),0,Communication Services
2025-11-21 16:11:04.307661,PNB,BOOK 30% PROFITS,80.6864421772007,122.37,8.245957,12.666,0.0,🟢 STRONG BUY (UNDERVALUED) (DIVERSIFIES),0,Financial Services
2025-11-21 16:11:04.331164,AUROPHARMA,INCREASE POSITION,75.36098472814146,1205.9,20.459791,10.379,10.0,🟢 STRONG BUY (UNDERVALUED) (DIVERSIFIES),0,Healthcare
2025-11-21 16:11:04.361370,AUBANK,BOOK 50% PROFITS,62.56798338135057,915.35,31.509466,12.654000000000002,0.0,🟢 STRONG BUY (DIVERSIFIES),0,Financial Services
2025-11-21 16:11:04.386844,BANKBARODA,BOOK 30% PROFITS,83.7908827100932,284.15,7.6363883,13.079001000000002,0.0,🟢 STRONG BUY (UNDERVALUED) (DIVERSIFIES),0,Financial Services
2025-11-21 16:11:04.419191,NESTLEIND,INCREASE POSITION,52.631079679803605,1280.7,83.43322,70.792,10.0,🟢 BUY (DIVERSIFIES),0,Consumer Defensive
2025-11-21 16:11:04.437719,HDFCBANK,NEW POSITION,,998.05,22.849129,10.8430006,0.0,🟢 STRONG BUY (UNDERVALUED) (DIVERSIFIES),0,Financial Services
2025-11-21 16:11:04.476513,M&MFIN,NEW POSITION,,342.55,18.066984,10.9919995,10.0,🟢 STRONG BUY (UNDERVALUED) (DIVERSIFIES),0,Financial Services
2025-11-21 16:11:04.508255,WIPRO,NEW POSITION,,244.49,19.026459,16.108998999999997,10.0,🟢 STRONG BUY (UNDERVALUED) (DIVERSIFIES),0,Technology
2025-11-21 16:11:04.520620,DRREDDY,NEW POSITION,,1243.9,17.694168,17.36,10.0,🟢 STRONG BUY (UNDERVALUED) (DIVERSIFIES),0,Healthcare
2025-11-21 16:11:04.555539,TCS,NEW POSITION,,3150.6,23.084703,47.355998,10.0,🟢 STRONG BUY (DIVERSIFIES),0,Technology
2025-11-21 16:36:01.336395,MUTHOOTFIN,INCREASE POSITION,85.49647578612768,3636.0,19.905836,23.806,10.0,🟢 STRONG BUY (UNDERVALUED) (DIVERSIFIES),0,Financial Services
2025-11-21 16:36:01.405534,AXISBANK,INCREASE POSITION,73.40400658958714,1275.8,15.295528,14.004,0.0,🟢 STRONG BUY (UNDERVALUED) (DIVERSIFIES),0,Financial Services
2025-11-21 16:36:01.435130,CUB,BOOK 30% PROFITS,88.39762730536414,262.73,16.197905,12.852,0.0,🟢 STRONG BUY (UNDERVALUED) (DIVERSIFIES),0,Financial Services
2025-11-21 16:36:01.456936,ICICIBANK,INCREASE POSITION,74.84914724956907,1369.5,18.544348,17.599002,0.0,🟢 STRONG BUY (UNDERVALUED) (DIVERSIFIES),0,Financial Services
2025-11-21 16:36:01.473266,UJJIVANSFB,INCREASE POSITION,65.73844672983235,54.16,25.30841,6.832000000000001,0.0,🟢 BUY (VALUE) (DIVERSIFIES),0,Financial Services
2025-11-21 16:36:01.500314,SBIN,BOOK 30% PROFITS,83.05511045617396,972.6,10.817484,15.675999,0.0,🟢 STRONG BUY (UNDERVALUED) (DIVERSIFIES),0,Financial Services
2025-11-21 16:36:01.518996,FEDERALBNK,INCREASE POSITION,76.74226249503124,245.06,15.345021,11.451,0.0,🟢 STRONG BUY (UNDERVALUED) (DIVERSIFIES),0,Financial Services
2025-11-21 16:36:01.542603,GPPL,INCREASE POSITION,83.28730278323246,177.95,18.047668,20.214,2.111,🟢 STRONG BUY (UNDERVALUED) (DIVERSIFIES),0,Industrials
2025-11-21 16:36:01.587581,BANKINDIA,BOOK 50% PROFITS,87.38270741349471,145.46,6.8678,12.234,0.0,🟢 STRONG BUY (UNDERVALUED) (DIVERSIFIES),0,Financial Services
2025-11-21 16:36:01.615145,FINCABLES,INCREASE POSITION,71.69013984149201,758.1,17.451658,12.194,0.377,🟢 STRONG BUY (UNDERVALUED) (DIVERSIFIES),0,Industrials
2025-11-21 16:36:01.629690,HAL,INCREASE POSITION,70.68913579411894,4595.0,36.352848,24.792999,0.031,🟢 BUY (DIVERSIFIES),0,Industrials
2025-11-21 16:36:01.643957,CANBK,BOOK 30% PROFITS,93.65583618565483,145.77,6.174079,17.573999,0.0,🟢 STRONG BUY (UNDERVALUED) (DIVERSIFIES),0,Financial Services
2025-11-21 16:36:01.675546,GICRE,INCREASE POSITION,83.78885832930642,380.0,6.9584327,10.281,0.0,🟢 BUY (VALUE) (DIVERSIFIES),0,Financial Services
2025-11-21 16:36:01.691404,MAHABANK,INCREASE POSITION,91.40347715947912,58.68,7.399748,22.427,0.0,🟢 STRONG BUY (UNDERVALUED) (DIVERSIFIES),0,Financial Services
2025-11-21 16:36:01.723059,RITES,INCREASE POSITION,78.71254127169536,246.83,28.801636,16.570999,0.285,🟢 BUY (DIVERSIFIES),0,Industrials
2025-11-21 16:36:01.738846,KARURVYSYA,INCREASE POSITION,87.43421366119675,247.07,11.343893,17.764,0.0,🟢 STRONG BUY (UNDERVALUED) (DIVERSIFIES),0,Financial Services
2025-11-21 16:36:01.771451,NATIONALUM,INCREASE POSITION,89.88159511366715,250.68,7.532452,34.459,0.282,🟢 STRONG BUY (UNDERVALUED) (DIVERSIFIES),0,Basic Materials
2025-11-21 16:36:01.780184,MAHSEAMLES,INCREASE POSITION,85.95112174295669,572.05,9.783649,12.531999999999998,0.151,🟢 STRONG BUY (UNDERVALUED) (DIVERSIFIES),0,Basic Materials
2025-11-21 16:36:01.827277,IDBI,INCREASE POSITION,86.33127866147805,100.24,11.601851,15.128,0.0,🟢 STRONG BUY (UNDERVALUED) (DIVERSIFIES),0,Financial Services
2025-11-21 16:36:01.843132,LUPIN,INCREASE POSITION,80.92539561696468,2029.4,21.491053,24.529,10.0,🟢 STRONG BUY (DIVERSIFIES),0,Healthcare
2025-11-21 16:36:01.858942,INDUSINDBK,INCREASE POSITION,73.00303453586332,846.55,8.765272,-1.161,0.0,🟢 BUY (VALUE) (DIVERSIFIES),0,Financial Services
2025-11-21 16:36:01.874774,INDIANB,BOOK 30% PROFITS,84.759675907181,851.8,10.171961,15.754,0.0,🟢 STRONG BUY (UNDERVALUED) (DIVERSIFIES),0,Financial Services
2025-11-21 16:36:01.906371,UNIONBANK,INCREASE POSITION,78.65486029490908,150.89,6.227404,15.831,0.0,🟢 STRONG BUY (UNDERVALUED) (DIVERSIFIES),0,Financial Services
2025-11-21 16:36:01.922216,LICI,INCREASE POSITION,78.86326901083018,902.4,11.162791,44.623002,0.0,🟢 STRONG BUY (UNDERVALUED) (DIVERSIFIES),0,Financial Services
2025-11-21 16:36:01.953822,INDUSTOWER,INCREASE POSITION,75.87432094165938,397.0,11.214689,29.018998,10.0,🟢 STRONG BUY (UNDERVALUED) (DIVERSIFIES),0,Communication Services
2025-11-21 16:36:01.985436,PNB,BOOK 30% PROFITS,80.6864421772007,122.37,8.245957,12.666,0.0,🟢 STRONG BUY (UNDERVALUED) (DIVERSIFIES),0,Financial Services
2025-11-21 16:36:02.001273,AUROPHARMA,INCREASE POSITION,75.36098472814146,1205.9,20.459791,10.379,10.0,🟢 STRONG BUY (UNDERVALUED) (DIVERSIFIES),0,Healthcare
2025-11-21 16:36:02.016465,AUBANK,BOOK 50% PROFITS,62.56798338135057,915.35,31.509466,12.654000000000002,0.0,🟢 STRONG BUY (DIVERSIFIES),0,Financial Services
2025-11-21 16:36:02.048102,BANKBARODA,BOOK 30% PROFITS,83.7908827100932,284.15,7.6363883,13.079001000000002,0.0,🟢 STRONG BUY (UNDERVALUED) (DIVERSIFIES),0,Financial Services
2025-11-21 16:36:02.066232,NESTLEIND,INCREASE POSITION,52.631079679803605,1280.7,83.43322,70.792,10.0,🟢 BUY (DIVERSIFIES),0,Consumer Defensive
2025-11-21 16:36:02.088446,HDFCBANK,NEW POSITION,,998.05,22.849129,10.8430006,0.0,🟢 STRONG BUY (UNDERVALUED) (DIVERSIFIES),0,Financial Services
2025-11-21 16:36:02.112589,M&MFIN,NEW POSITION,,342.55,18.066984,10.9919995,10.0,🟢 STRONG BUY (UNDERVALUED) (DIVERSIFIES),0,Financial Services
2025-11-21 16:36:02.128392,WIPRO,NEW POSITION,,244.49,19.026459,16.108998999999997,10.0,🟢 STRONG BUY (UNDERVALUED) (DIVERSIFIES),0,Technology
2025-11-21 17:04:18.092860,MUTHOOTFIN,INCREASE POSITION,85.49647578612768,3636.0,19.905836,23.806,10.0,🟢 STRONG BUY (UNDERVALUED) (DIVERSIFIES),0,Financial Services
2025-11-21 17:04:18.127960,AXISBANK,INCREASE POSITION,73.40400658958714,1275.8,15.295528,14.004,0.0,🟢 STRONG BUY (UNDERVALUED) (DIVERSIFIES),0,Financial Services
2025-11-21 17:04:18.153309,CUB,BOOK 30% PROFITS,88.39762730536414,262.73,16.197905,12.852,0.0,🟢 STRONG BUY (UNDERVALUED) (DIVERSIFIES),0,Financial Services
2025-11-21 17:04:18.177484,ICICIBANK,INCREASE POSITION,74.84914724956907,1369.5,18.544348,17.599002,0.0,🟢 STRONG BUY (UNDERVALUED) (DIVERSIFIES),0,Financial Services
2025-11-21 17:04:18.194444,UJJIVANSFB,INCREASE POSITION,65.73844672983235,54.16,25.30841,6.832000000000001,0.0,🟢 BUY (VALUE) (DIVERSIFIES),0,Financial Services
2025-11-21 17:04:18.210465,SBIN,BOOK 30% PROFITS,83.05511045617396,972.6,10.817484,15.675999,0.0,🟢 STRONG BUY (UNDERVALUED) (DIVERSIFIES),0,Financial Services
2025-11-21 17:04:18.276594,FEDERALBNK,INCREASE POSITION,76.74226249503124,245.06,15.345021,11.451,0.0,🟢 STRONG BUY (UNDERVALUED) (DIVERSIFIES),0,Financial Services
2025-11-21 17:04:18.306635,GPPL,INCREASE POSITION,83.28730278323246,177.95,18.047668,20.214,2.111,🟢 STRONG BUY (UNDERVALUED) (DIVERSIFIES),0,Industrials
2025-11-21 17:04:18.330675,BANKINDIA,BOOK 50% PROFITS,87.38270741349471,145.46,6.8678,12.234,0.0,🟢 STRONG BUY (UNDERVALUED) (DIVERSIFIES),0,Financial Services
2025-11-21 17:04:18.362262,FINCABLES,INCREASE POSITION,71.69013984149201,758.1,17.451658,12.194,0.377,🟢 STRONG BUY (UNDERVALUED) (DIVERSIFIES),0,Industrials
2025-11-21 17:04:18.376367,HAL,INCREASE POSITION,70.68913579411894,4595.0,36.352848,24.792999,0.031,🟢 BUY (DIVERSIFIES),0,Industrials
2025-11-21 17:04:18.409078,CANBK,BOOK 30% PROFITS,93.65583618565483,145.77,6.174079,17.573999,0.0,🟢 STRONG BUY (UNDERVALUED) (DIVERSIFIES),0,Financial Services
2025-11-21 17:04:18.432982,GICRE,INCREASE POSITION,83.78885832930642,380.0,6.9584327,10.281,0.0,🟢 BUY (VALUE) (DIVERSIFIES),0,Financial Services
2025-11-21 17:04:18.457266,MAHABANK,INCREASE POSITION,91.40347715947912,58.68,7.399748,22.427,0.0,🟢 STRONG BUY (UNDERVALUED) (DIVERSIFIES),0,Financial Services
2025-11-21 17:04:18.481480,RITES,INCREASE POSITION,78.71254130417029,246.83,28.801636,16.570999,0.285,🟢 BUY (DIVERSIFIES),0,Industrials
2025-11-21 17:04:18.497283,KARURVYSYA,INCREASE POSITION,87.43421366119675,247.07,11.343893,17.764,0.0,🟢 STRONG BUY (UNDERVALUED) (DIVERSIFIES),0,Financial Services
2025-11-21 17:04:18.528917,NATIONALUM,INCREASE POSITION,89.88159511366715,250.68,7.532452,34.459,0.282,🟢 STRONG BUY (UNDERVALUED) (DIVERSIFIES),0,Basic Materials
2025-11-21 17:04:18.544766,MAHSEAMLES,INCREASE POSITION,85.95112174295669,572.05,9.783649,12.531999999999998,0.151,🟢 STRONG BUY (UNDERVALUED) (DIVERSIFIES),0,Basic Materials
2025-11-21 17:04:18.560545,IDBI,INCREASE POSITION,86.33127866147805,100.24,11.601851,15.128,0.0,🟢 STRONG BUY (UNDERVALUED) (DIVERSIFIES),0,Financial Services
2025-11-21 17:04:18.594296,LUPIN,INCREASE POSITION,80.92539561696468,2029.4,21.491053,24.529,10.0,🟢 STRONG BUY (DIVERSIFIES),0,Healthcare
2025-11-21 17:04:18.607930,INDUSINDBK,INCREASE POSITION,73.00303453586332,846.55,8.765272,-1.161,0.0,🟢 BUY (VALUE) (DIVERSIFIES),0,Financial Services
2025-11-21 17:04:18.641665,INDIANB,BOOK 30% PROFITS,84.759675907181,851.8,10.171961,15.754,0.0,🟢 STRONG BUY (UNDERVALUED) (DIVERSIFIES),0,Financial Services
2025-11-21 17:04:18.655289,UNIONBANK,INCREASE POSITION,78.65486029490908,150.89,6.227404,15.831,0.0,🟢 STRONG BUY (UNDERVALUED) (DIVERSIFIES),0,Financial Services
2025-11-21 17:04:18.671076,LICI,INCREASE POSITION,78.86326901083018,902.4,11.162791,44.623002,0.0,🟢 STRONG BUY (UNDERVALUED) (DIVERSIFIES),0,Financial Services
2025-11-21 17:04:18.686890,INDUSTOWER,INCREASE POSITION,75.87432094165938,397.0,11.214689,29.018998,10.0,🟢 STRONG BUY (UNDERVALUED) (DIVERSIFIES),0,Communication Services
2025-11-21 17:04:18.718512,PNB,BOOK 30% PROFITS,80.6864421772007,122.37,8.245957,12.666,0.0,🟢 STRONG BUY (UNDERVALUED) (DIVERSIFIES),0,Financial Services
2025-11-21 17:04:18.742003,AUROPHARMA,INCREASE POSITION,75.36098472814146,1205.9,20.459791,10.379,10.0,🟢 STRONG BUY (UNDERVALUED) (DIVERSIFIES),0,Healthcare
2025-11-21 17:04:18.765902,AUBANK,BOOK 50% PROFITS,62.56798338135057,915.35,31.509466,12.654000000000002,0.0,🟢 STRONG BUY (DIVERSIFIES),0,Financial Services
2025-11-21 17:04:18.781729,BANKBARODA,BOOK 30% PROFITS,83.7908827100932,284.15,7.6363883,13.079001000000002,0.0,🟢 STRONG BUY (UNDERVALUED) (DIVERSIFIES),0,Financial Services
2025-11-21 17:04:18.813367,NESTLEIND,INCREASE POSITION,52.631079679803605,1280.7,83.43322,70.792,10.0,🟢 BUY (DIVERSIFIES),0,Consumer Defensive
2025-11-21 17:32:16.847646,MUTHOOTFIN,INCREASE POSITION,85.49647578612768,3636.0,19.905836,23.806,10.0,🟢 STRONG BUY (UNDERVALUED) (DIVERSIFIES),0,Financial Services
2025-11-21 17:32:16.889556,AXISBANK,INCREASE POSITION,73.40400658958714,1275.8,15.295528,14.004,0.0,🟢 STRONG BUY (UNDERVALUED) (DIVERSIFIES),0,Financial Services
2025-11-21 17:32:16.925194,CUB,BOOK 30% PROFITS,88.39762730536414,262.73,16.197905,12.852,0.0,🟢 STRONG BUY (UNDERVALUED) (DIVERSIFIES),0,Financial Services
2025-11-21 17:32:16.956887,ICICIBANK,INCREASE POSITION,74.84914724956907,1369.5,18.544348,17.599002,0.0,🟢 STRONG BUY (UNDERVALUED) (DIVERSIFIES),0,Financial Services
2025-11-21 17:32:16.979726,UJJIVANSFB,INCREASE POSITION,65.73844672983235,54.16,25.30841,6.832000000000001,0.0,🟢 BUY (VALUE) (DIVERSIFIES),0,Financial Services
2025-11-21 17:32:16.999325,SBIN,BOOK 30% PROFITS,83.05511045617396,972.6,10.817484,15.675999,0.0,🟢 STRONG BUY (UNDERVALUED) (DIVERSIFIES),0,Financial Services
2025-11-21 17:32:17.020846,FEDERALBNK,INCREASE POSITION,76.74226249503124,245.06,15.345021,11.451,0.0,🟢 STRONG BUY (UNDERVALUED) (DIVERSIFIES),0,Financial Services
2025-11-21 17:32:17.042970,GPPL,INCREASE POSITION,83.28730278323246,177.95,18.047668,20.214,2.111,🟢 STRONG BUY (UNDERVALUED) (DIVERSIFIES),0,Industrials
2025-11-21 17:32:17.067433,BANKINDIA,BOOK 50% PROFITS,87.38270741349471,145.46,6.8678,12.234,0.0,🟢 STRONG BUY (UNDERVALUED) (DIVERSIFIES),0,Financial Services
2025-11-21 17:32:17.104067,FINCABLES,INCREASE POSITION,71.69013984149201,758.1,17.451658,12.194,0.377,🟢 STRONG BUY (UNDERVALUED) (DIVERSIFIES),0,Industrials
2025-11-21 17:32:17.139485,HAL,INCREASE POSITION,70.68913579411894,4595.0,36.352848,24.792999,0.031,🟢 BUY (DIVERSIFIES),0,Industrials
2025-11-21 17:32:17.173521,CANBK,BOOK 30% PROFITS,93.65583618565483,145.77,6.174079,17.573999,0.0,🟢 STRONG BUY (UNDERVALUED) (DIVERSIFIES),0,Financial Services
2025-11-21 17:32:17.202136,GICRE,INCREASE POSITION,83.78885832930642,380.0,6.9584327,10.281,0.0,🟢 BUY (VALUE) (DIVERSIFIES),0,Financial Services
2025-11-21 17:32:17.217317,MAHABANK,INCREASE POSITION,91.40347715947912,58.68,7.399748,22.427,0.0,🟢 STRONG BUY (UNDERVALUED) (DIVERSIFIES),0,Financial Services
2025-11-21 17:32:17.244655,RITES,INCREASE POSITION,78.71254130417029,246.83,28.801636,16.570999,0.285,🟢 BUY (DIVERSIFIES),0,Industrials
2025-11-21 17:32:17.265760,KARURVYSYA,INCREASE POSITION,87.43421366119675,247.07,11.343893,17.764,0.0,🟢 STRONG BUY (UNDERVALUED) (DIVERSIFIES),0,Financial Services
2025-11-21 17:32:17.290738,NATIONALUM,INCREASE POSITION,89.88159511366715,250.68,7.532452,34.459,0.282,🟢 STRONG BUY (UNDERVALUED) (DIVERSIFIES),0,Basic Materials
2025-11-21 17:32:17.316119,MAHSEAMLES,INCREASE POSITION,85.95112174295669,572.05,9.783649,12.531999999999998,0.151,🟢 STRONG BUY (UNDERVALUED) (DIVERSIFIES),0,Basic Materials
2025-11-21 17:32:17.338470,IDBI,INCREASE POSITION,86.33127866147805,100.24,11.601851,15.128,0.0,🟢 STRONG BUY (UNDERVALUED) (DIVERSIFIES),0,Financial Services
2025-11-21 17:32:17.362646,LUPIN,INCREASE POSITION,80.92539561696468,2029.4,21.491053,24.529,10.0,🟢 STRONG BUY (DIVERSIFIES),0,Healthcare
2025-11-21 17:32:17.382485,INDUSINDBK,INCREASE POSITION,73.00303453586332,846.55,8.765272,-1.161,0.0,🟢 BUY (VALUE) (DIVERSIFIES),0,Financial Services
2025-11-21 17:32:17.402269,INDIANB,BOOK 30% PROFITS,84.759675907181,851.8,10.171961,15.754,0.0,🟢 STRONG BUY (UNDERVALUED) (DIVERSIFIES),0,Financial Services
2025-11-21 17:32:17.424817,UNIONBANK,INCREASE POSITION,78.65486029490908,150.89,6.227404,15.831,0.0,🟢 STRONG BUY (UNDERVALUED) (DIVERSIFIES),0,Financial Services
2025-11-21 17:32:17.445493,LICI,INCREASE POSITION,78.86326901083018,902.4,11.162791,44.623002,0.0,🟢 STRONG BUY (UNDERVALUED) (DIVERSIFIES),0,Financial Services
2025-11-21 17:32:17.472128,INDUSTOWER,INCREASE POSITION,75.87432094165938,397.0,11.214689,29.018998,10.0,🟢 STRONG BUY (UNDERVALUED) (DIVERSIFIES),0,Communication Services
2025-11-21 17:32:17.494082,PNB,BOOK 30% PROFITS,80.6864421772007,122.37,8.245957,12.666,0.0,🟢 STRONG BUY (UNDERVALUED) (DIVERSIFIES),0,Financial Services
2025-11-21 17:32:17.503811,AUROPHARMA,INCREASE POSITION,75.36098472814146,1205.9,20.459791,10.379,10.0,🟢 STRONG BUY (UNDERVALUED) (DIVERSIFIES),0,Healthcare
2025-11-21 17:32:17.535443,AUBANK,BOOK 50% PROFITS,62.56798338135057,915.35,31.509466,12.654000000000002,0.0,🟢 STRONG BUY (DIVERSIFIES),0,Financial Services
2025-11-21 17:32:17.551221,BANKBARODA,BOOK 30% PROFITS,83.7908827100932,284.15,7.6363883,13.079001000000002,0.0,🟢 STRONG BUY (UNDERVALUED) (DIVERSIFIES),0,Financial Services
2025-11-21 17:32:17.567038,NESTLEIND,INCREASE POSITION,52.631079679803605,1280.7,83.43322,70.792,10.0,🟢 BUY (DIVERSIFIES),0,Consumer Defensive
2025-11-21 17:32:17.598680,MARUTI,NEW POSITION,,15977.0,33.93081,15.65,0.1,🟢 BUY (DIVERSIFIES),0,Consumer Cyclical
2025-11-21 17:32:17.614512,WIPRO,NEW POSITION,,244.49,19.026459,16.108998999999997,10.0,🟢 STRONG BUY (UNDERVALUED) (DIVERSIFIES),0,Technology
2025-11-21 17:47:56.799924,MUTHOOTFIN,INCREASE POSITION,85.49647578612768,3636.0,19.905836,23.806,10.0,🟢 STRONG BUY (UNDERVALUED) (DIVERSIFIES),0,Financial Services
2025-11-21 17:47:56.881748,AXISBANK,INCREASE POSITION,73.40400658958714,1275.8,15.295528,14.004,0.0,🟢 STRONG BUY (UNDERVALUED) (DIVERSIFIES),0,Financial Services
2025-11-21 17:47:56.914018,CUB,BOOK 30% PROFITS,88.39762730536414,262.73,16.197905,12.852,0.0,🟢 STRONG BUY (UNDERVALUED) (DIVERSIFIES),0,Financial Services
2025-11-21 17:47:56.943286,ICICIBANK,INCREASE POSITION,74.84914724956907,1369.5,18.544348,17.599002,0.0,🟢 STRONG BUY (UNDERVALUED) (DIVERSIFIES),0,Financial Services
2025-11-21 17:47:56.960892,UJJIVANSFB,INCREASE POSITION,65.73844672983235,54.16,25.30841,6.832000000000001,0.0,🟢 BUY (VALUE) (DIVERSIFIES),0,Financial Services
2025-11-21 17:47:56.994461,SBIN,BOOK 30% PROFITS,83.05511045617396,972.6,10.817484,15.675999,0.0,🟢 STRONG BUY (UNDERVALUED) (DIVERSIFIES),0,Financial Services
2025-11-21 17:47:57.022004,FEDERALBNK,INCREASE POSITION,76.74226249503124,245.06,15.345021,11.451,0.0,🟢 STRONG BUY (UNDERVALUED) (DIVERSIFIES),0,Financial Services
2025-11-21 17:47:57.040886,GPPL,INCREASE POSITION,83.28730278323246,177.95,18.047668,20.214,2.111,🟢 STRONG BUY (UNDERVALUED) (DIVERSIFIES),0,Industrials
2025-11-21 17:47:57.066050,BANKINDIA,BOOK 50% PROFITS,87.38270741349471,145.46,6.8678,12.234,0.0,🟢 STRONG BUY (UNDERVALUED) (DIVERSIFIES),0,Financial Services
2025-11-21 17:47:57.089173,FINCABLES,INCREASE POSITION,71.69013984149201,758.1,17.451658,12.194,0.377,🟢 STRONG BUY (UNDERVALUED) (DIVERSIFIES),0,Industrials
2025-11-21 17:47:57.111113,HAL,INCREASE POSITION,70.68913579411894,4595.0,36.352848,24.792999,0.031,🟢 BUY (DIVERSIFIES),0,Industrials
2025-11-21 17:47:57.127309,CANBK,BOOK 30% PROFITS,93.65583618565483,145.77,6.174079,17.573999,0.0,🟢 STRONG BUY (UNDERVALUED) (DIVERSIFIES),0,Financial Services
2025-11-21 17:47:57.153253,GICRE,INCREASE POSITION,83.78885832930642,380.0,6.9584327,10.281,0.0,🟢 BUY (VALUE) (DIVERSIFIES),0,Financial Services
2025-11-21 17:47:57.170324,MAHABANK,INCREASE POSITION,91.40347715947912,58.68,7.399748,22.427,0.0,🟢 STRONG BUY (UNDERVALUED) (DIVERSIFIES),0,Financial Services
2025-11-21 17:47:57.203562,RITES,INCREASE POSITION,78.71254130417029,246.83,28.801636,16.570999,0.285,🟢 BUY (DIVERSIFIES),0,Industrials
2025-11-21 17:47:57.226590,KARURVYSYA,INCREASE POSITION,87.43421366119675,247.07,11.343893,17.764,0.0,🟢 STRONG BUY (UNDERVALUED) (DIVERSIFIES),0,Financial Services
2025-11-21 17:47:57.243693,NATIONALUM,INCREASE POSITION,89.88159511366715,250.68,7.532452,34.459,0.282,🟢 STRONG BUY (UNDERVALUED) (DIVERSIFIES),0,Basic Materials
2025-11-21 17:47:57.282294,MAHSEAMLES,INCREASE POSITION,85.95112174295669,572.05,9.783649,12.531999999999998,0.151,🟢 STRONG BUY (UNDERVALUED) (DIVERSIFIES),0,Basic Materials
2025-11-21 17:47:57.305592,IDBI,INCREASE POSITION,86.33127866147805,100.24,11.601851,15.128,0.0,🟢 STRONG BUY (UNDERVALUED) (DIVERSIFIES),0,Financial Services
2025-11-21 17:47:57.327477,LUPIN,INCREASE POSITION,80.92539561696468,2029.4,21.491053,24.529,10.0,🟢 STRONG BUY (DIVERSIFIES),0,Healthcare
2025-11-21 17:47:57.337326,INDUSINDBK,INCREASE POSITION,73.00303453586332,846.55,8.765272,-1.161,0.0,🟢 BUY (VALUE) (DIVERSIFIES),0,Financial Services
2025-11-21 17:47:57.386251,INDIANB,BOOK 30% PROFITS,84.759675907181,851.8,10.171961,15.754,0.0,🟢 STRONG BUY (UNDERVALUED) (DIVERSIFIES),0,Financial Services
2025-11-21 17:47:57.403470,UNIONBANK,INCREASE POSITION,78.65486029490908,150.89,6.227404,15.831,0.0,🟢 STRONG BUY (UNDERVALUED) (DIVERSIFIES),0,Financial Services
2025-11-21 17:47:57.436689,LICI,INCREASE POSITION,78.86326901083018,902.4,11.162791,44.623002,0.0,🟢 STRONG BUY (UNDERVALUED) (DIVERSIFIES),0,Financial Services
2025-11-21 17:47:57.457511,INDUSTOWER,INCREASE POSITION,75.87432094165938,397.0,11.214689,29.018998,10.0,🟢 STRONG BUY (UNDERVALUED) (DIVERSIFIES),0,Communication Services
2025-11-21 17:47:57.490092,PNB,BOOK 30% PROFITS,80.6864421772007,122.37,8.245957,12.666,0.0,🟢 STRONG BUY (UNDERVALUED) (DIVERSIFIES),0,Financial Services
2025-11-21 17:47:57.511799,AUROPHARMA,INCREASE POSITION,75.36098472814146,1205.9,20.459791,10.379,10.0,🟢 STRONG BUY (UNDERVALUED) (DIVERSIFIES),0,Healthcare
2025-11-21 17:47:57.530122,AUBANK,BOOK 50% PROFITS,62.56798338135057,915.35,31.509466,12.654000000000002,0.0,🟢 STRONG BUY (DIVERSIFIES),0,Financial Services
2025-11-21 17:47:57.560948,BANKBARODA,BOOK 30% PROFITS,83.7908827100932,284.15,7.6363883,13.079001000000002,0.0,🟢 STRONG BUY (UNDERVALUED) (DIVERSIFIES),0,Financial Services
2025-11-21 17:47:57.578727,NESTLEIND,INCREASE POSITION,52.63107972237421,1280.7,83.43322,70.792,10.0,🟢 BUY (DIVERSIFIES),0,Consumer Defensive
2025-11-21 17:47:57.605262,WIPRO,NEW POSITION,,244.49,19.026459,16.108998999999997,10.0,🟢 STRONG BUY (UNDERVALUED) (DIVERSIFIES),0,Technology
2025-11-21 18:01:52.780638,MUTHOOTFIN,INCREASE POSITION,85.49647578612768,3636.0,19.905836,23.806,10.0,🟢 STRONG BUY (UNDERVALUED) (DIVERSIFIES),0,Financial Services
2025-11-21 18:01:52.820804,AXISBANK,INCREASE POSITION,73.40400658958714,1275.8,15.295528,14.004,0.0,🟢 STRONG BUY (UNDERVALUED) (DIVERSIFIES),0,Financial Services
2025-11-21 18:01:52.850109,CUB,BOOK 30% PROFITS,88.39762730536414,262.73,16.197905,12.852,0.0,🟢 STRONG BUY (UNDERVALUED) (DIVERSIFIES),0,Financial Services
2025-11-21 18:01:52.879951,ICICIBANK,INCREASE POSITION,74.84914724956907,1369.5,18.544348,17.599002,0.0,🟢 STRONG BUY (UNDERVALUED) (DIVERSIFIES),0,Financial Services
2025-11-21 18:01:52.904787,UJJIVANSFB,INCREASE POSITION,65.73844672983235,54.16,25.30841,6.832000000000001,0.0,🟢 BUY (VALUE) (DIVERSIFIES),0,Financial Services
2025-11-21 18:01:52.927222,SBIN,BOOK 30% PROFITS,83.05511045617396,972.6,10.817484,15.675999,0.0,🟢 STRONG BUY (UNDERVALUED) (DIVERSIFIES),0,Financial Services
2025-11-21 18:01:52.966363,FEDERALBNK,INCREASE POSITION,76.74226249503124,245.06,15.345021,11.451,0.0,🟢 STRONG BUY (UNDERVALUED) (DIVERSIFIES),0,Financial Services
2025-11-21 18:01:52.996983,GPPL,INCREASE POSITION,83.28730278323246,177.95,18.047668,20.214,2.111,🟢 STRONG BUY (UNDERVALUED) (DIVERSIFIES),0,Industrials
2025-11-21 18:01:53.019417,BANKINDIA,BOOK 50% PROFITS,87.38270741349471,145.46,6.8678,12.234,0.0,🟢 STRONG BUY (UNDERVALUED) (DIVERSIFIES),0,Financial Services
2025-11-21 18:01:53.034488,FINCABLES,INCREASE POSITION,71.69013984149201,758.1,17.451658,12.194,0.377,🟢 STRONG BUY (UNDERVALUED) (DIVERSIFIES),0,Industrials
2025-11-21 18:01:53.060026,HAL,INCREASE POSITION,70.68913579411894,4595.0,36.352848,24.792999,0.031,🟢 BUY (DIVERSIFIES),0,Industrials
2025-11-21 18:01:53.091514,CANBK,BOOK 30% PROFITS,93.65583618565483,145.77,6.174079,17.573999,0.0,🟢 STRONG BUY (UNDERVALUED) (DIVERSIFIES),0,Financial Services
2025-11-21 18:01:53.107299,GICRE,INCREASE POSITION,83.78885832930642,380.0,6.9584327,10.281,0.0,🟢 BUY (VALUE) (DIVERSIFIES),0,Financial Services
2025-11-21 18:01:53.140027,MAHABANK,INCREASE POSITION,91.40347715947912,58.68,7.399748,22.427,0.0,🟢 STRONG BUY (UNDERVALUED) (DIVERSIFIES),0,Financial Services
2025-11-21 18:01:53.156216,RITES,INCREASE POSITION,78.71254130417029,246.83,28.801636,16.570999,0.285,🟢 BUY (DIVERSIFIES),0,Industrials
2025-11-21 18:01:53.175683,KARURVYSYA,INCREASE POSITION,87.43421366119675,247.07,11.343893,17.764,0.0,🟢 STRONG BUY (UNDERVALUED) (DIVERSIFIES),0,Financial Services
2025-11-21 18:01:53.219712,NATIONALUM,INCREASE POSITION,89.88159511366715,250.68,7.532452,34.459,0.282,🟢 STRONG BUY (UNDERVALUED) (DIVERSIFIES),0,Basic Materials
2025-11-21 18:01:53.242738,MAHSEAMLES,INCREASE POSITION,85.95112174295669,572.05,9.783649,12.531999999999998,0.151,🟢 STRONG BUY (UNDERVALUED) (DIVERSIFIES),0,Basic Materials
2025-11-21 18:01:53.267635,IDBI,INCREASE POSITION,86.33127866147805,100.24,11.601851,15.128,0.0,🟢 STRONG BUY (UNDERVALUED) (DIVERSIFIES),0,Financial Services
2025-11-21 18:01:53.287479,LUPIN,INCREASE POSITION,80.92539561696468,2029.4,21.491053,24.529,10.0,🟢 STRONG BUY (DIVERSIFIES),0,Healthcare
2025-11-21 18:01:53.305301,INDUSINDBK,INCREASE POSITION,73.00303453586332,846.55,8.765272,-1.161,0.0,🟢 BUY (VALUE) (DIVERSIFIES),0,Financial Services
2025-11-21 18:01:53.332449,INDIANB,BOOK 30% PROFITS,84.759675907181,851.8,10.171961,15.754,0.0,🟢 STRONG BUY (UNDERVALUED) (DIVERSIFIES),0,Financial Services
2025-11-21 18:01:53.397310,UNIONBANK,INCREASE POSITION,78.65486029490908,150.89,6.227404,15.831,0.0,🟢 STRONG BUY (UNDERVALUED) (DIVERSIFIES),0,Financial Services
2025-11-21 18:01:53.425801,LICI,INCREASE POSITION,78.86326901083018,902.4,11.162791,44.623002,0.0,🟢 STRONG BUY (UNDERVALUED) (DIVERSIFIES),0,Financial Services
2025-11-21 18:01:53.450306,INDUSTOWER,INCREASE POSITION,75.87432094165938,397.0,11.214689,29.018998,10.0,🟢 STRONG BUY (UNDERVALUED) (DIVERSIFIES),0,Communication Services
2025-11-21 18:01:53.476193,PNB,BOOK 30% PROFITS,80.6864421772007,122.37,8.245957,12.666,0.0,🟢 STRONG BUY (UNDERVALUED) (DIVERSIFIES),0,Financial Services
2025-11-21 18:01:53.503183,AUROPHARMA,INCREASE POSITION,75.36098472814146,1205.9,20.459791,10.379,10.0,🟢 STRONG BUY (UNDERVALUED) (DIVERSIFIES),0,Healthcare
2025-11-21 18:01:53.530330,AUBANK,BOOK 50% PROFITS,62.56798338135057,915.35,31.509466,12.654000000000002,0.0,🟢 STRONG BUY (DIVERSIFIES),0,Financial Services
2025-11-21 18:01:53.550969,BANKBARODA,BOOK 30% PROFITS,83.7908827100932,284.15,7.6363883,13.079001000000002,0.0,🟢 STRONG BUY (UNDERVALUED) (DIVERSIFIES),0,Financial Services
2025-11-21 18:01:53.583448,NESTLEIND,INCREASE POSITION,52.63107972237421,1280.7,83.43322,70.792,10.0,🟢 BUY (DIVERSIFIES),0,Consumer Defensive
2025-11-21 18:01:53.611596,WIPRO,NEW POSITION,,244.49,19.026459,16.108998999999997,10.0,🟢 STRONG BUY (UNDERVALUED) (DIVERSIFIES),0,Technology
2025-11-21 18:49:25.186543,MUTHOOTFIN,INCREASE POSITION,85.49647578612768,3636.0,19.905836,23.806,10.0,🟢 STRONG BUY (UNDERVALUED) (DIVERSIFIES),0,Financial Services
2025-11-21 18:49:25.232991,AXISBANK,INCREASE POSITION,73.40400658958714,1275.8,15.295528,14.004,0.0,🟢 STRONG BUY (UNDERVALUED) (DIVERSIFIES),0,Financial Services
2025-11-21 18:49:25.289156,CUB,BOOK 30% PROFITS,88.39762730536414,262.73,16.197905,12.852,0.0,🟢 STRONG BUY (UNDERVALUED) (DIVERSIFIES),0,Financial Services
2025-11-21 18:49:25.318173,ICICIBANK,INCREASE POSITION,74.84914724956907,1369.5,18.544348,17.599002,0.0,🟢 STRONG BUY (UNDERVALUED) (DIVERSIFIES),0,Financial Services
2025-11-21 18:49:25.334039,UJJIVANSFB,INCREASE POSITION,65.73844672983235,54.16,25.30841,6.832000000000001,0.0,🟢 BUY (VALUE) (DIVERSIFIES),0,Financial Services
2025-11-21 18:49:25.369170,SBIN,BOOK 30% PROFITS,83.05511045617396,972.6,10.817484,15.675999,0.0,🟢 STRONG BUY (UNDERVALUED) (DIVERSIFIES),0,Financial Services
2025-11-21 18:49:25.397951,FEDERALBNK,INCREASE POSITION,76.74226249503124,245.06,15.345021,11.451,0.0,🟢 STRONG BUY (UNDERVALUED) (DIVERSIFIES),0,Financial Services
2025-11-21 18:49:25.420204,GPPL,INCREASE POSITION,83.28730278323246,177.95,18.047668,20.214,2.111,🟢 STRONG BUY (UNDERVALUED) (DIVERSIFIES),0,Industrials
2025-11-21 18:49:25.431451,BANKINDIA,BOOK 50% PROFITS,87.38270741349471,145.46,6.8678,12.234,0.0,🟢 STRONG BUY (UNDERVALUED) (DIVERSIFIES),0,Financial Services
2025-11-21 18:49:25.459645,FINCABLES,INCREASE POSITION,71.69013984149201,758.1,17.451658,12.194,0.377,🟢 STRONG BUY (UNDERVALUED) (DIVERSIFIES),0,Industrials
2025-11-21 18:49:25.486161,HAL,INCREASE POSITION,70.68913579411894,4595.0,36.352848,24.792999,0.031,🟢 BUY (DIVERSIFIES),0,Industrials
2025-11-21 18:49:25.507962,CANBK,BOOK 30% PROFITS,93.65583618565483,145.77,6.174079,17.573999,0.0,🟢 STRONG BUY (UNDERVALUED) (DIVERSIFIES),0,Financial Services
2025-11-21 18:49:25.531517,GICRE,INCREASE POSITION,83.78885832930642,380.0,6.9584327,10.281,0.0,🟢 BUY (VALUE) (DIVERSIFIES),0,Financial Services
2025-11-21 18:49:25.557697,MAHABANK,INCREASE POSITION,91.40347715947912,58.68,7.399748,22.427,0.0,🟢 STRONG BUY (UNDERVALUED) (DIVERSIFIES),0,Financial Services
2025-11-21 18:49:25.580915,RITES,INCREASE POSITION,78.71254127169536,246.83,28.801636,16.570999,0.285,🟢 BUY (DIVERSIFIES),0,Industrials
2025-11-21 18:49:25.606602,KARURVYSYA,INCREASE POSITION,87.43421366119675,247.07,11.343893,17.764,0.0,🟢 STRONG BUY (UNDERVALUED) (DIVERSIFIES),0,Financial Services
2025-11-21 18:49:25.660649,NATIONALUM,INCREASE POSITION,89.88159511366715,250.68,7.532452,34.459,0.282,🟢 STRONG BUY (UNDERVALUED) (DIVERSIFIES),0,Basic Materials
2025-11-21 18:49:25.692427,MAHSEAMLES,INCREASE POSITION,85.95112174295669,572.05,9.783649,12.531999999999998,0.151,🟢 STRONG BUY (UNDERVALUED) (DIVERSIFIES),0,Basic Materials
2025-11-21 18:49:25.729609,IDBI,INCREASE POSITION,86.33127866147805,100.24,11.601851,15.128,0.0,🟢 STRONG BUY (UNDERVALUED) (DIVERSIFIES),0,Financial Services
2025-11-21 18:49:25.753791,LUPIN,INCREASE POSITION,80.92539561696468,2029.4,21.491053,24.529,10.0,🟢 STRONG BUY (DIVERSIFIES),0,Healthcare
2025-11-21 18:49:25.769480,INDUSINDBK,INCREASE POSITION,73.00303453586332,846.55,8.765272,-1.161,0.0,🟢 BUY (VALUE) (DIVERSIFIES),0,Financial Services
2025-11-21 18:49:25.801989,INDIANB,BOOK 30% PROFITS,84.759675907181,851.8,10.171961,15.754,0.0,🟢 STRONG BUY (UNDERVALUED) (DIVERSIFIES),0,Financial Services
2025-11-21 18:49:25.832070,UNIONBANK,INCREASE POSITION,78.65486029490908,150.89,6.227404,15.831,0.0,🟢 STRONG BUY (UNDERVALUED) (DIVERSIFIES),0,Financial Services
2025-11-21 18:49:25.854864,LICI,INCREASE POSITION,78.86326901083018,902.4,11.162791,44.623002,0.0,🟢 STRONG BUY (UNDERVALUED) (DIVERSIFIES),0,Financial Services
2025-11-21 18:49:25.864957,INDUSTOWER,INCREASE POSITION,75.87432094165938,397.0,11.214689,29.018998,10.0,🟢 STRONG BUY (UNDERVALUED) (DIVERSIFIES),0,Communication Services
2025-11-21 18:49:25.898238,PNB,BOOK 30% PROFITS,80.6864421772007,122.37,8.245957,12.666,0.0,🟢 STRONG BUY (UNDERVALUED) (DIVERSIFIES),0,Financial Services
2025-11-21 18:49:25.915676,AUROPHARMA,INCREASE POSITION,75.36098472814146,1205.9,20.459791,10.379,10.0,🟢 STRONG BUY (UNDERVALUED) (DIVERSIFIES),0,Healthcare
2025-11-21 18:49:25.932405,AUBANK,BOOK 50% PROFITS,62.56798338135057,915.35,31.509466,12.654000000000002,0.0,🟢 STRONG BUY (DIVERSIFIES),0,Financial Services
2025-11-21 18:49:25.962519,BANKBARODA,BOOK 30% PROFITS,83.7908827100932,284.15,7.6363883,13.079001000000002,0.0,🟢 STRONG BUY (UNDERVALUED) (DIVERSIFIES),0,Financial Services
2025-11-21 18:49:25.976448,NESTLEIND,INCREASE POSITION,52.631079679803605,1280.7,83.43322,70.792,10.0,🟢 BUY (DIVERSIFIES),0,Consumer Defensive
2025-11-21 18:49:26.009612,WIPRO,NEW POSITION,,244.49,19.026459,16.108998999999997,10.0,🟢 STRONG BUY (UNDERVALUED) (DIVERSIFIES),0,Technology
2025-11-21 19:00:53.758772,MUTHOOTFIN,INCREASE POSITION,85.49647578612768,3636.0,19.905836,23.806,10.0,🟢 STRONG BUY (UNDERVALUED) (DIVERSIFIES),0,Financial Services
2025-11-21 19:00:53.792321,AXISBANK,INCREASE POSITION,73.40400658958714,1275.8,15.295528,14.004,0.0,🟢 STRONG BUY (UNDERVALUED) (DIVERSIFIES),0,Financial Services
2025-11-21 19:00:53.824760,CUB,BOOK 30% PROFITS,88.39762730536414,262.73,16.197905,12.852,0.0,🟢 STRONG BUY (UNDERVALUED) (DIVERSIFIES),0,Financial Services
2025-11-21 19:00:53.850565,ICICIBANK,INCREASE POSITION,74.84914724956907,1369.5,18.544348,17.599002,0.0,🟢 STRONG BUY (UNDERVALUED) (DIVERSIFIES),0,Financial Services
2025-11-21 19:00:53.872665,UJJIVANSFB,INCREASE POSITION,65.73844672983235,54.16,25.30841,6.832000000000001,0.0,🟢 BUY (VALUE) (DIVERSIFIES),0,Financial Services
2025-11-21 19:00:53.896713,SBIN,BOOK 30% PROFITS,83.05511045617396,972.6,10.817484,15.675999,0.0,🟢 STRONG BUY (UNDERVALUED) (DIVERSIFIES),0,Financial Services
2025-11-21 19:00:53.924669,FEDERALBNK,INCREASE POSITION,76.74226249503124,245.06,15.345021,11.451,0.0,🟢 STRONG BUY (UNDERVALUED) (DIVERSIFIES),0,Financial Services
2025-11-21 19:00:53.950571,GPPL,INCREASE POSITION,83.28730278323246,177.95,18.047668,20.214,2.111,🟢 STRONG BUY (UNDERVALUED) (DIVERSIFIES),0,Industrials
2025-11-21 19:00:53.973596,BANKINDIA,BOOK 50% PROFITS,87.38270741349471,145.46,6.8678,12.234,0.0,🟢 STRONG BUY (UNDERVALUED) (DIVERSIFIES),0,Financial Services
2025-11-21 19:00:53.989430,FINCABLES,INCREASE POSITION,71.69013984149201,758.1,17.451658,12.194,0.377,🟢 STRONG BUY (UNDERVALUED) (DIVERSIFIES),0,Industrials
2025-11-21 19:00:54.021087,HAL,INCREASE POSITION,70.68913579411894,4595.0,36.352848,24.792999,0.031,🟢 BUY (DIVERSIFIES),0,Industrials
2025-11-21 19:00:54.036875,CANBK,BOOK 30% PROFITS,93.65583618565483,145.77,6.174079,17.573999,0.0,🟢 STRONG BUY (UNDERVALUED) (DIVERSIFIES),0,Financial Services
2025-11-21 19:00:54.069823,GICRE,INCREASE POSITION,83.78885832930642,380.0,6.9584327,10.281,0.0,🟢 BUY (VALUE) (DIVERSIFIES),0,Financial Services
2025-11-21 19:00:54.091322,MAHABANK,INCREASE POSITION,91.40347715947912,58.68,7.399748,22.427,0.0,🟢 STRONG BUY (UNDERVALUED) (DIVERSIFIES),0,Financial Services
2025-11-21 19:00:54.101079,RITES,INCREASE POSITION,78.71254130417029,246.83,28.801636,16.570999,0.285,🟢 BUY (DIVERSIFIES),0,Industrials
2025-11-21 19:00:54.132681,KARURVYSYA,INCREASE POSITION,87.43421366119675,247.07,11.343893,17.764,0.0,🟢 STRONG BUY (UNDERVALUED) (DIVERSIFIES),0,Financial Services
2025-11-21 19:00:54.164215,NATIONALUM,INCREASE POSITION,89.88159511366715,250.68,7.532452,34.459,0.282,🟢 STRONG BUY (UNDERVALUED) (DIVERSIFIES),0,Basic Materials
2025-11-21 19:00:54.180024,MAHSEAMLES,INCREASE POSITION,85.95112174295669,572.05,9.783649,12.531999999999998,0.151,🟢 STRONG BUY (UNDERVALUED) (DIVERSIFIES),0,Basic Materials
2025-11-21 19:00:54.211646,IDBI,INCREASE POSITION,86.33127866147805,100.24,11.601851,15.128,0.0,🟢 STRONG BUY (UNDERVALUED) (DIVERSIFIES),0,Financial Services
2025-11-21 19:00:54.227479,LUPIN,INCREASE POSITION,80.92539561696468,2029.4,21.491053,24.529,10.0,🟢 STRONG BUY (DIVERSIFIES),0,Healthcare
2025-11-21 19:00:54.261586,INDUSINDBK,INCREASE POSITION,73.00303453586332,846.55,8.765272,-1.161,0.0,🟢 BUY (VALUE) (DIVERSIFIES),0,Financial Services
2025-11-21 19:00:54.308534,INDIANB,BOOK 30% PROFITS,84.759675907181,851.8,10.171961,15.754,0.0,🟢 STRONG BUY (UNDERVALUED) (DIVERSIFIES),0,Financial Services
2025-11-21 19:00:54.332827,UNIONBANK,INCREASE POSITION,78.65486029490908,150.89,6.227404,15.831,0.0,🟢 STRONG BUY (UNDERVALUED) (DIVERSIFIES),0,Financial Services
2025-11-21 19:00:54.351271,LICI,INCREASE POSITION,78.86326901083018,902.4,11.162791,44.623002,0.0,🟢 STRONG BUY (UNDERVALUED) (DIVERSIFIES),0,Financial Services
2025-11-21 19:00:54.364401,INDUSTOWER,INCREASE POSITION,75.87432094165938,397.0,11.214689,29.018998,10.0,🟢 STRONG BUY (UNDERVALUED) (DIVERSIFIES),0,Communication Services
2025-11-21 19:00:54.396046,PNB,BOOK 30% PROFITS,80.6864421772007,122.37,8.245957,12.666,0.0,🟢 STRONG BUY (UNDERVALUED) (DIVERSIFIES),0,Financial Services
2025-11-21 19:00:54.436085,AUROPHARMA,INCREASE POSITION,75.36098472814146,1205.9,20.459791,10.379,10.0,🟢 STRONG BUY (UNDERVALUED) (DIVERSIFIES),0,Healthcare
2025-11-21 19:00:54.459698,AUBANK,BOOK 50% PROFITS,62.56798338135057,915.35,31.509466,12.654000000000002,0.0,🟢 STRONG BUY (DIVERSIFIES),0,Financial Services
2025-11-21 19:00:54.484205,BANKBARODA,BOOK 30% PROFITS,83.7908827100932,284.15,7.6363883,13.079001000000002,0.0,🟢 STRONG BUY (UNDERVALUED) (DIVERSIFIES),0,Financial Services
2025-11-21 19:00:54.500263,NESTLEIND,INCREASE POSITION,52.631079679803605,1280.7,83.43322,70.792,10.0,🟢 BUY (DIVERSIFIES),0,Consumer Defensive
2025-11-21 19:00:54.516071,WIPRO,NEW POSITION,,244.49,19.026459,16.108998999999997,10.0,🟢 STRONG BUY (UNDERVALUED) (DIVERSIFIES),0,Technology
2025-11-21 19:12:26.071983,MUTHOOTFIN,INCREASE POSITION,85.49647578612768,3636.0,19.905836,23.806,10.0,🟢 STRONG BUY (UNDERVALUED) (DIVERSIFIES),0,Financial Services
2025-11-21 19:12:26.107423,AXISBANK,INCREASE POSITION,73.40400658958714,1275.8,15.295528,14.004,0.0,🟢 STRONG BUY (UNDERVALUED) (DIVERSIFIES),0,Financial Services
2025-11-21 19:12:26.136736,CUB,BOOK 30% PROFITS,88.39762730536414,262.73,16.197905,12.852,0.0,🟢 STRONG BUY (UNDERVALUED) (DIVERSIFIES),0,Financial Services
2025-11-21 19:12:26.166295,ICICIBANK,INCREASE POSITION,74.84914724956907,1369.5,18.544348,17.599002,0.0,🟢 STRONG BUY (UNDERVALUED) (DIVERSIFIES),0,Financial Services
2025-11-21 19:12:26.194376,UJJIVANSFB,INCREASE POSITION,65.73844672983235,54.16,25.30841,6.832000000000001,0.0,🟢 BUY (VALUE) (DIVERSIFIES),0,Financial Services
2025-11-21 19:12:26.210233,SBIN,BOOK 30% PROFITS,83.05511045617396,972.6,10.817484,15.675999,0.0,🟢 STRONG BUY (UNDERVALUED) (DIVERSIFIES),0,Financial Services
2025-11-21 19:12:26.228048,FEDERALBNK,INCREASE POSITION,76.74226249503124,245.06,15.345021,11.451,0.0,🟢 STRONG BUY (UNDERVALUED) (DIVERSIFIES),0,Financial Services
2025-11-21 19:12:26.259735,GPPL,INCREASE POSITION,83.28730278323246,177.95,18.047668,20.214,2.111,🟢 STRONG BUY (UNDERVALUED) (DIVERSIFIES),0,Industrials
2025-11-21 19:12:26.280386,BANKINDIA,BOOK 50% PROFITS,87.38270741349471,145.46,6.8678,12.234,0.0,🟢 STRONG BUY (UNDERVALUED) (DIVERSIFIES),0,Financial Services
2025-11-21 19:12:26.308188,FINCABLES,INCREASE POSITION,71.69013984149201,758.1,17.451658,12.194,0.377,🟢 STRONG BUY (UNDERVALUED) (DIVERSIFIES),0,Industrials
2025-11-21 19:12:26.340244,HAL,INCREASE POSITION,70.68913579411894,4595.0,36.352848,24.792999,0.031,🟢 BUY (DIVERSIFIES),0,Industrials
2025-11-21 19:12:26.389481,CANBK,BOOK 30% PROFITS,93.65583618565483,145.77,6.174079,17.573999,0.0,🟢 STRONG BUY (UNDERVALUED) (DIVERSIFIES),0,Financial Services
2025-11-21 19:12:26.443146,GICRE,INCREASE POSITION,83.78885832930642,380.0,6.9584327,10.281,0.0,🟢 BUY (VALUE) (DIVERSIFIES),0,Financial Services
2025-11-21 19:12:26.467940,MAHABANK,INCREASE POSITION,91.40347715947912,58.68,7.399748,22.427,0.0,🟢 STRONG BUY (UNDERVALUED) (DIVERSIFIES),0,Financial Services
2025-11-21 19:12:26.507968,RITES,INCREASE POSITION,78.71254127169536,246.83,28.801636,16.570999,0.285,🟢 BUY (DIVERSIFIES),0,Industrials
2025-11-21 19:12:26.538579,KARURVYSYA,INCREASE POSITION,87.43421366119675,247.07,11.343893,17.764,0.0,🟢 STRONG BUY (UNDERVALUED) (DIVERSIFIES),0,Financial Services
2025-11-21 19:12:26.567984,NATIONALUM,INCREASE POSITION,89.88159511366715,250.68,7.532452,34.459,0.282,🟢 STRONG BUY (UNDERVALUED) (DIVERSIFIES),0,Basic Materials
2025-11-21 19:12:26.592928,MAHSEAMLES,INCREASE POSITION,85.95112174295669,572.05,9.783649,12.531999999999998,0.151,🟢 STRONG BUY (UNDERVALUED) (DIVERSIFIES),0,Basic Materials
2025-11-21 19:12:26.611585,IDBI,INCREASE POSITION,86.33127866147805,100.24,11.601851,15.128,0.0,🟢 STRONG BUY (UNDERVALUED) (DIVERSIFIES),0,Financial Services
2025-11-21 19:12:26.640825,LUPIN,INCREASE POSITION,80.92539561696468,2029.4,21.491053,24.529,10.0,🟢 STRONG BUY (DIVERSIFIES),0,Healthcare
2025-11-21 19:12:26.663810,INDUSINDBK,INCREASE POSITION,73.00303453586332,846.55,8.765272,-1.161,0.0,🟢 BUY (VALUE) (DIVERSIFIES),0,Financial Services
2025-11-21 19:12:26.701333,INDIANB,BOOK 30% PROFITS,84.759675907181,851.8,10.171961,15.754,0.0,🟢 STRONG BUY (UNDERVALUED) (DIVERSIFIES),0,Financial Services
2025-11-21 19:12:26.724123,UNIONBANK,INCREASE POSITION,78.65486029490908,150.89,6.227404,15.831,0.0,🟢 STRONG BUY (UNDERVALUED) (DIVERSIFIES),0,Financial Services
2025-11-21 19:12:26.770800,LICI,INCREASE POSITION,78.86326901083018,902.4,11.162791,44.623002,0.0,🟢 STRONG BUY (UNDERVALUED) (DIVERSIFIES),0,Financial Services
2025-11-21 19:12:26.804084,INDUSTOWER,INCREASE POSITION,75.87432094165938,397.0,11.214689,29.018998,10.0,🟢 STRONG BUY (UNDERVALUED) (DIVERSIFIES),0,Communication Services
2025-11-21 19:12:26.833214,PNB,BOOK 30% PROFITS,80.6864421772007,122.37,8.245957,12.666,0.0,🟢 STRONG BUY (UNDERVALUED) (DIVERSIFIES),0,Financial Services
2025-11-21 19:12:26.855873,AUROPHARMA,INCREASE POSITION,75.36098472814146,1205.9,20.459791,10.379,10.0,🟢 STRONG BUY (UNDERVALUED) (DIVERSIFIES),0,Healthcare
2025-11-21 19:12:26.887945,AUBANK,BOOK 50% PROFITS,62.56798338135057,915.35,31.509466,12.654000000000002,0.0,🟢 STRONG BUY (DIVERSIFIES),0,Financial Services
2025-11-21 19:12:26.914089,BANKBARODA,BOOK 30% PROFITS,83.7908827100932,284.15,7.6363883,13.079001000000002,0.0,🟢 STRONG BUY (UNDERVALUED) (DIVERSIFIES),0,Financial Services
2025-11-21 19:12:26.946632,NESTLEIND,INCREASE POSITION,52.631079679803605,1280.7,83.43322,70.792,10.0,🟢 BUY (DIVERSIFIES),0,Consumer Defensive
2025-11-21 19:12:26.967501,MARUTI,NEW POSITION,,15977.0,33.93081,15.65,0.1,🟢 BUY (DIVERSIFIES),0,Consumer Cyclical
2025-11-21 19:12:26.999436,WIPRO,NEW POSITION,,244.49,19.026459,16.108998999999997,10.0,🟢 STRONG BUY (UNDERVALUED) (DIVERSIFIES),0,Technology
2025-11-24 12:44:14.893302,AXISBANK,INCREASE POSITION,72.41757494196864,1282.9,15.37512,14.004,0.0,🟢 STRONG BUY (UNDERVALUED) (DIVERSIFIES),0,Financial Services
2025-11-24 12:44:14.922117,ICICIBANK,INCREASE POSITION,74.23126523758795,1371.1,18.540907,17.599002,0.0,🟢 STRONG BUY (UNDERVALUED) (ML: 62%),0,Financial Services
2025-11-24 12:44:14.949700,MUTHOOTFIN,INCREASE POSITION,85.4715634302683,3622.0,19.843313,23.806,10.0,🟢 STRONG BUY (UNDERVALUED) (DIVERSIFIES),0,Financial Services
2025-11-24 12:44:14.974964,UJJIVANSFB,INCREASE POSITION,65.60040169907354,53.86,25.168222,6.832000000000001,0.0,🟢 BUY (VALUE) (DIVERSIFIES),0,Financial Services
2025-11-24 12:44:14.998636,SBIN,BOOK 30% PROFITS,84.83573319359589,974.5,10.84344,15.675999,0.0,🟢 STRONG BUY (UNDERVALUED) (DIVERSIFIES),0,Financial Services
2025-11-24 12:44:15.020443,HDFCBANK,INCREASE POSITION,71.99898583383697,1008.05,23.06223,10.8430006,0.0,🟢 STRONG BUY (UNDERVALUED) (DIVERSIFIES),0,Financial Services
2025-11-24 12:44:15.030361,FEDERALBNK,BOOK 30% PROFITS,74.49509324661446,250.18,15.65582,11.451,0.0,🟢 STRONG BUY (UNDERVALUED) (DIVERSIFIES),0,Financial Services
2025-11-24 12:44:15.062398,BANKINDIA,BOOK 50% PROFITS,87.06433907029609,147.22,6.950897,12.234,0.0,🟢 STRONG BUY (UNDERVALUED) (DIVERSIFIES),0,Financial Services
2025-11-24 12:44:15.088516,MAHSEAMLES,INCREASE POSITION,84.8921103431872,574.95,9.83493,12.531999999999998,0.151,🟢 STRONG BUY (UNDERVALUED) (DIVERSIFIES),0,Basic Materials
2025-11-24 12:44:15.106521,IDBI,INCREASE POSITION,86.21188016164689,100.95,11.684027,15.128,0.0,🟢 STRONG BUY (UNDERVALUED) (DIVERSIFIES),0,Financial Services
2025-11-24 12:44:15.129855,GICRE,INCREASE POSITION,83.78192112046953,378.5,6.930965,10.281,0.0,🟢 BUY (VALUE) (DIVERSIFIES),0,Financial Services
2025-11-24 12:44:15.145697,CANBK,BOOK 30% PROFITS,87.85272233695305,147.89,6.263871,17.573999,0.0,🟢 STRONG BUY (UNDERVALUED) (DIVERSIFIES),0,Financial Services
2025-11-24 12:44:15.177616,NATIONALUM,INCREASE POSITION,88.90972302484612,250.89,7.536497,34.459,0.282,🟢 STRONG BUY (UNDERVALUED) (DIVERSIFIES),0,Basic Materials
2025-11-24 12:44:15.197453,GPPL,INCREASE POSITION,83.30807747218473,179.93,18.248478,20.214,2.111,🟢 STRONG BUY (UNDERVALUED) (DIVERSIFIES),0,Industrials
2025-11-24 12:44:15.209667,CUB,BOOK 30% PROFITS,84.24526310507551,271.35,16.739668,12.852,0.0,🟢 STRONG BUY (UNDERVALUED) (DIVERSIFIES),0,Financial Services
2025-11-24 12:44:15.241722,INDIANB,INCREASE POSITION,84.13310383136064,860.45,10.276484,15.754,0.0,🟢 STRONG BUY (UNDERVALUED) (DIVERSIFIES),0,Financial Services
2025-11-24 12:44:15.257481,KARURVYSYA,INCREASE POSITION,85.5648020997306,245.55,11.26893,17.764,0.0,🟢 STRONG BUY (UNDERVALUED) (DIVERSIFIES),0,Financial Services
2025-11-24 12:44:15.289065,MAHABANK,INCREASE POSITION,86.30095230245541,59.08,7.4501896,22.427,0.0,🟢 STRONG BUY (UNDERVALUED) (DIVERSIFIES),0,Financial Services
2025-11-24 12:44:15.313464,INDUSINDBK,INCREASE POSITION,71.87560165815633,849.75,8.798406,-1.161,0.0,🟢 BUY (VALUE) (DIVERSIFIES),0,Financial Services
2025-11-24 12:44:15.338482,LICI,INCREASE POSITION,76.85816325273554,890.15,11.022164,44.623002,0.0,🟢 STRONG BUY (UNDERVALUED) (DIVERSIFIES),0,Financial Services
2025-11-24 12:44:15.365198,UNIONBANK,INCREASE POSITION,80.21588409665162,151.83,6.266199,15.831,0.0,🟢 STRONG BUY (UNDERVALUED) (DIVERSIFIES),0,Financial Services
2025-11-24 12:44:15.380272,PNB,BOOK 30% PROFITS,79.8576270122583,122.96,8.285714,12.666,0.0,🟢 STRONG BUY (UNDERVALUED) (DIVERSIFIES),0,Financial Services
2025-11-24 12:44:15.412026,INDUSTOWER,INCREASE POSITION,75.56884325308675,401.8,11.347076,29.018998,10.0,🟢 STRONG BUY (UNDERVALUED) (DIVERSIFIES),0,Communication Services
2025-11-24 12:44:15.436968,AUROPHARMA,INCREASE POSITION,75.14169691006504,1202.2,20.386637,10.379,10.0,🟢 STRONG BUY (UNDERVALUED) (DIVERSIFIES),0,Healthcare
2025-11-24 12:44:15.459577,AUBANK,BOOK 50% PROFITS,63.008462046142085,927.5,31.861902,12.654000000000002,0.0,🟢 STRONG BUY (DIVERSIFIES),0,Financial Services
2025-11-24 12:44:15.491143,BANKBARODA,BOOK 30% PROFITS,83.89676544673647,283.7,7.626344,13.079001000000002,0.0,🟢 STRONG BUY (UNDERVALUED) (DIVERSIFIES),0,Financial Services
2025-11-24 12:52:42.711875,AXISBANK,INCREASE POSITION,72.41858212008967,1283.3,15.379914,14.004,0.0,🟢 STRONG BUY (UNDERVALUED) (DIVERSIFIES),0,Financial Services
2025-11-24 12:52:42.738891,ICICIBANK,INCREASE POSITION,74.23263620446592,1371.7,18.549019,17.599002,0.0,🟢 STRONG BUY (UNDERVALUED) (DIVERSIFIES),0,Financial Services
2025-11-24 12:52:42.772413,MUTHOOTFIN,INCREASE POSITION,85.47031443158802,3620.6,19.835644,23.806,10.0,🟢 STRONG BUY (UNDERVALUED) (DIVERSIFIES),0,Financial Services
2025-11-24 12:52:42.799125,UJJIVANSFB,INCREASE POSITION,65.59981664993471,53.85,25.16355,6.832000000000001,0.0,🟢 BUY (VALUE) (DIVERSIFIES),0,Financial Services
2025-11-24 12:52:42.821611,SBIN,BOOK 30% PROFITS,84.83483802982552,974.35,10.841771,15.675999,0.0,🟢 STRONG BUY (UNDERVALUED) (DIVERSIFIES),0,Financial Services
2025-11-24 12:52:42.837116,HDFCBANK,INCREASE POSITION,71.99873792816645,1008.05,23.06223,10.8430006,0.0,🟢 STRONG BUY (UNDERVALUED) (DIVERSIFIES),0,Financial Services
2025-11-24 12:52:42.869998,FEDERALBNK,BOOK 30% PROFITS,74.49695135558525,250.32,15.664581,11.451,0.0,🟢 STRONG BUY (UNDERVALUED) (DIVERSIFIES),0,Financial Services
2025-11-24 12:52:42.898211,BANKINDIA,BOOK 50% PROFITS,87.06651593800179,147.32,6.955619,12.234,0.0,🟢 STRONG BUY (UNDERVALUED) (DIVERSIFIES),0,Financial Services
2025-11-24 12:52:42.928197,MAHSEAMLES,INCREASE POSITION,85.02987971076948,574.7,9.830654,12.531999999999998,0.151,🟢 STRONG BUY (UNDERVALUED) (DIVERSIFIES),0,Basic Materials
2025-11-24 12:52:42.953312,IDBI,INCREASE POSITION,86.20942015455354,100.89,11.677083,15.128,0.0,🟢 STRONG BUY (UNDERVALUED) (DIVERSIFIES),0,Financial Services
2025-11-24 12:52:42.976634,CANBK,BOOK 30% PROFITS,87.85005677037697,147.77,6.2587886,17.573999,0.0,🟢 STRONG BUY (UNDERVALUED) (DIVERSIFIES),0,Financial Services
2025-11-24 12:52:43.002387,NATIONALUM,INCREASE POSITION,88.54731402856628,249.9,7.506758,34.459,0.282,🟢 STRONG BUY (UNDERVALUED) (DIVERSIFIES),0,Basic Materials
2025-11-24 12:52:43.025174,GICRE,INCREASE POSITION,83.66639629654236,377.95,6.9208937,10.281,0.0,🟢 BUY (VALUE) (DIVERSIFIES),0,Financial Services
2025-11-24 12:52:43.046137,GPPL,INCREASE POSITION,83.30564783180255,179.8,18.235294,20.214,2.111,🟢 STRONG BUY (UNDERVALUED) (DIVERSIFIES),0,Industrials
2025-11-24 12:52:43.067656,CUB,BOOK 30% PROFITS,84.24659268267902,271.46,16.746452,12.852,0.0,🟢 STRONG BUY (UNDERVALUED) (DIVERSIFIES),0,Financial Services
2025-11-24 12:52:43.093896,INDIANB,INCREASE POSITION,84.0191230989125,859.7,10.267527,15.754,0.0,🟢 STRONG BUY (UNDERVALUED) (DIVERSIFIES),0,Financial Services
2025-11-24 12:52:43.109788,KARURVYSYA,INCREASE POSITION,85.5451629372165,244.92,11.240018,17.764,0.0,🟢 STRONG BUY (UNDERVALUED) (DIVERSIFIES),0,Financial Services
2025-11-24 12:52:43.141877,MAHABANK,INCREASE POSITION,86.3014810380081,59.09,7.4514503,22.427,0.0,🟢 STRONG BUY (UNDERVALUED) (DIVERSIFIES),0,Financial Services
2025-11-24 12:52:43.157552,INDUSINDBK,INCREASE POSITION,69.51501286831117,850.25,8.803582,-1.161,0.0,🟢 BUY (VALUE) (DIVERSIFIES),0,Financial Services
2025-11-24 12:52:43.189037,LICI,INCREASE POSITION,76.973208509456,893.05,11.058073,44.623002,0.0,🟢 STRONG BUY (UNDERVALUED) (DIVERSIFIES),0,Financial Services
2025-11-24 12:52:43.218171,UNIONBANK,INCREASE POSITION,80.21806029978444,151.91,6.2695007,15.831,0.0,🟢 STRONG BUY (UNDERVALUED) (DIVERSIFIES),0,Financial Services
2025-11-24 12:52:43.236000,PNB,BOOK 30% PROFITS,79.720318546297,123.04,8.291105,12.666,0.0,🟢 STRONG BUY (UNDERVALUED) (DIVERSIFIES),0,Financial Services
2025-11-24 12:52:43.251858,INDUSTOWER,INCREASE POSITION,75.57403581592801,402.3,11.361197,29.018998,10.0,🟢 STRONG BUY (UNDERVALUED) (DIVERSIFIES),0,Communication Services
2025-11-24 12:52:43.283863,AUROPHARMA,INCREASE POSITION,75.14355697650808,1202.9,20.398508,10.379,10.0,🟢 STRONG BUY (UNDERVALUED) (DIVERSIFIES),0,Healthcare
2025-11-24 12:52:43.311371,AUBANK,BOOK 50% PROFITS,63.00898951128522,927.65,31.867056,12.654000000000002,0.0,🟢 STRONG BUY (DIVERSIFIES),0,Financial Services
2025-11-24 12:52:43.341396,BANKBARODA,BOOK 30% PROFITS,83.88992901688826,283.45,7.6196237,13.079001000000002,0.0,🟢 STRONG BUY (UNDERVALUED) (DIVERSIFIES),0,Financial Services
2025-11-24 13:02:19.841677,AXISBANK,INCREASE POSITION,72.41958899086305,1283.7,15.3847065,14.004,0.0,🟢 STRONG BUY (UNDERVALUED) (DIVERSIFIES),0,Financial Services
2025-11-24 13:02:19.869193,ICICIBANK,INCREASE POSITION,74.233550275363,1372.1,18.55443,17.599002,0.0,🟢 STRONG BUY (UNDERVALUED) (DIVERSIFIES),0,Financial Services
2025-11-24 13:02:19.896482,MUTHOOTFIN,INCREASE POSITION,85.47450774752703,3625.3,19.861393,23.806,10.0,🟢 STRONG BUY (UNDERVALUED) (DIVERSIFIES),0,Financial Services
2025-11-24 13:02:19.925555,SBIN,BOOK 30% PROFITS,84.83444406500556,974.2,10.840102,15.675999,0.0,🟢 STRONG BUY (UNDERVALUED) (DIVERSIFIES),0,Financial Services
2025-11-24 13:02:19.944945,UJJIVANSFB,INCREASE POSITION,65.23987304588317,53.68,25.08411,6.832000000000001,0.0,🟢 BUY (VALUE) (DIVERSIFIES),0,Financial Services
2025-11-24 13:02:19.974740,HDFCBANK,INCREASE POSITION,71.99612739288544,1007.6,23.051933,10.8430006,0.0,🟢 STRONG BUY (UNDERVALUED) (DIVERSIFIES),0,Financial Services
2025-11-24 13:02:19.998686,FEDERALBNK,BOOK 30% PROFITS,74.49535871968124,250.2,15.657072,11.451,0.0,🟢 STRONG BUY (UNDERVALUED) (DIVERSIFIES),0,Financial Services
2025-11-24 13:02:20.011155,BANKINDIA,BOOK 50% PROFITS,87.67531519647343,147.15,6.947592,12.234,0.0,🟢 STRONG BUY (UNDERVALUED) (DIVERSIFIES),0,Financial Services
2025-11-24 13:02:20.046841,MAHSEAMLES,INCREASE POSITION,85.02764892887059,574.45,9.826377,12.531999999999998,0.151,🟢 STRONG BUY (UNDERVALUED) (DIVERSIFIES),0,Basic Materials
2025-11-24 13:02:20.061376,IDBI,INCREASE POSITION,86.3399897865286,100.66,11.650463,15.128,0.0,🟢 STRONG BUY (UNDERVALUED) (DIVERSIFIES),0,Financial Services
2025-11-24 13:02:20.092938,CANBK,BOOK 30% PROFITS,87.850723162021,147.78,6.259212,17.573999,0.0,🟢 STRONG BUY (UNDERVALUED) (DIVERSIFIES),0,Financial Services
2025-11-24 13:02:20.112764,NATIONALUM,INCREASE POSITION,88.54693801576305,249.87,7.5058575,34.459,0.282,🟢 STRONG BUY (UNDERVALUED) (DIVERSIFIES),0,Basic Materials
2025-11-24 13:02:20.141909,GICRE,INCREASE POSITION,83.66256813104015,377.75,6.917231,10.281,0.0,🟢 BUY (VALUE) (DIVERSIFIES),0,Financial Services
2025-11-24 13:02:20.165918,GPPL,INCREASE POSITION,83.30415251491985,179.72,18.22718,20.214,2.111,🟢 STRONG BUY (UNDERVALUED) (DIVERSIFIES),0,Industrials
2025-11-24 13:02:20.187258,CUB,BOOK 30% PROFITS,84.24562575068713,271.38,16.741518,12.852,0.0,🟢 STRONG BUY (UNDERVALUED) (DIVERSIFIES),0,Financial Services
2025-11-24 13:02:20.211294,INDIANB,INCREASE POSITION,84.02181733133357,859.95,10.270512,15.754,0.0,🟢 STRONG BUY (UNDERVALUED) (DIVERSIFIES),0,Financial Services
2025-11-24 13:02:20.233132,KARURVYSYA,INCREASE POSITION,85.54110958626153,244.79,11.234052,17.764,0.0,🟢 STRONG BUY (UNDERVALUED) (DIVERSIFIES),0,Financial Services
2025-11-24 13:02:20.260299,MAHABANK,INCREASE POSITION,86.29354859260452,58.94,7.4325347,22.427,0.0,🟢 STRONG BUY (UNDERVALUED) (DIVERSIFIES),0,Financial Services
2025-11-24 13:02:20.285248,INDUSINDBK,INCREASE POSITION,69.51577739903351,850.45,8.805654,-1.161,0.0,🟢 BUY (VALUE) (DIVERSIFIES),0,Financial Services
2025-11-24 13:02:20.308093,LICI,INCREASE POSITION,76.9685322947749,891.7,11.041357,44.623002,0.0,🟢 STRONG BUY (UNDERVALUED) (DIVERSIFIES),0,Financial Services
2025-11-24 13:02:20.324049,UNIONBANK,INCREASE POSITION,80.2153399403373,151.81,6.2653737,15.831,0.0,🟢 STRONG BUY (UNDERVALUED) (DIVERSIFIES),0,Financial Services
2025-11-24 13:02:20.355433,PNB,BOOK 30% PROFITS,79.85897278140648,123.0,8.288409,12.666,0.0,🟢 STRONG BUY (UNDERVALUED) (DIVERSIFIES),0,Financial Services
2025-11-24 13:02:20.377623,INDUSTOWER,INCREASE POSITION,75.5698818343037,401.9,11.349901,29.018998,10.0,🟢 STRONG BUY (UNDERVALUED) (DIVERSIFIES),0,Communication Services
2025-11-24 13:02:20.402412,AUROPHARMA,INCREASE POSITION,75.14488545639486,1203.4,20.406986,10.379,10.0,🟢 STRONG BUY (UNDERVALUED) (DIVERSIFIES),0,Healthcare
2025-11-24 13:02:20.418221,AUBANK,BOOK 50% PROFITS,63.00969251202113,927.85,31.873924,12.654000000000002,0.0,🟢 STRONG BUY (DIVERSIFIES),0,Financial Services
2025-11-24 13:02:20.448132,BANKBARODA,BOOK 30% PROFITS,83.88445905570114,283.25,7.6142473,13.079001000000002,0.0,🟢 STRONG BUY (UNDERVALUED) (DIVERSIFIES),0,Financial Services
2025-11-24 13:58:19.074017,AXISBANK,INCREASE POSITION,72.41304279409788,1281.1,15.353547,14.004,0.0,🟢 STRONG BUY (UNDERVALUED) (DIVERSIFIES),0,Financial Services
2025-11-24 13:58:19.108087,ICICIBANK,INCREASE POSITION,74.3756068651476,1373.0,18.566599,17.599002,0.0,🟢 STRONG BUY (UNDERVALUED) (DIVERSIFIES),0,Financial Services
2025-11-24 13:58:19.133185,MUTHOOTFIN,INCREASE POSITION,85.62244827733018,3634.2,19.910152,23.806,10.0,🟢 STRONG BUY (UNDERVALUED) (DIVERSIFIES),0,Financial Services
2025-11-24 13:58:19.172283,UJJIVANSFB,INCREASE POSITION,65.75911925516067,54.18,25.317757,6.832000000000001,0.0,🟢 BUY (VALUE) (DIVERSIFIES),0,Financial Services
2025-11-24 13:58:19.196144,FEDERALBNK,BOOK 30% PROFITS,75.47920737041127,250.49,15.67522,11.451,0.0,🟢 STRONG BUY (UNDERVALUED) (DIVERSIFIES),0,Financial Services
2025-11-24 13:58:19.219994,SBIN,BOOK 30% PROFITS,84.83702231820719,974.8,10.846778,15.675999,0.0,🟢 STRONG BUY (UNDERVALUED) (DIVERSIFIES),0,Financial Services
2025-11-24 13:58:19.244592,HDFCBANK,INCREASE POSITION,71.99745345457161,1007.95,23.05994,10.8430006,0.0,🟢 STRONG BUY (UNDERVALUED) (DIVERSIFIES),0,Financial Services
2025-11-24 13:58:19.263766,BANKINDIA,BOOK 50% PROFITS,87.21465580543936,146.89,6.935316,12.234,0.0,🟢 STRONG BUY (UNDERVALUED) (DIVERSIFIES),0,Financial Services
2025-11-24 13:58:19.279451,MAHSEAMLES,INCREASE POSITION,85.3356489288706,574.45,9.826377,12.531999999999998,0.151,🟢 STRONG BUY (UNDERVALUED) (DIVERSIFIES),0,Basic Materials
2025-11-24 13:58:19.317544,IDBI,INCREASE POSITION,86.3211277951882,100.2,11.597221,15.128,0.0,🟢 STRONG BUY (UNDERVALUED) (DIVERSIFIES),0,Financial Services
2025-11-24 13:58:19.327659,GICRE,INCREASE POSITION,83.79148712260873,379.0,6.9401207,10.281,0.0,🟢 BUY (VALUE) (DIVERSIFIES),0,Financial Services
2025-11-24 13:58:19.372214,CANBK,BOOK 30% PROFITS,87.84428092418464,147.51,6.247776,17.573999,0.0,🟢 STRONG BUY (UNDERVALUED) (DIVERSIFIES),0,Financial Services
2025-11-24 13:58:19.397465,NATIONALUM,INCREASE POSITION,88.90232785137228,250.19,7.51547,34.459,0.282,🟢 STRONG BUY (UNDERVALUED) (DIVERSIFIES),0,Basic Materials
2025-11-24 13:58:19.423392,GPPL,INCREASE POSITION,83.30751676400403,179.9,18.245436,20.214,2.111,🟢 STRONG BUY (UNDERVALUED) (DIVERSIFIES),0,Industrials
2025-11-24 13:58:19.449040,CUB,BOOK 30% PROFITS,84.25312067260529,272.0,16.779766,12.852,0.0,🟢 STRONG BUY (UNDERVALUED) (DIVERSIFIES),0,Financial Services
2025-11-24 13:58:19.476457,INDIANB,INCREASE POSITION,83.03103922420826,858.8,10.256777,15.754,0.0,🟢 STRONG BUY (UNDERVALUED) (DIVERSIFIES),0,Financial Services
2025-11-24 13:58:19.502125,KARURVYSYA,INCREASE POSITION,86.74741794290917,246.56,11.315282,17.764,0.0,🟢 STRONG BUY (UNDERVALUED) (DIVERSIFIES),0,Financial Services
2025-11-24 13:58:19.531198,MAHABANK,INCREASE POSITION,86.41927031191635,58.67,7.3984866,22.427,0.0,🟢 STRONG BUY (UNDERVALUED) (DIVERSIFIES),0,Financial Services
2025-11-24 13:58:19.549993,INDUSINDBK,INCREASE POSITION,72.00222318707242,846.15,8.76113,-1.161,0.0,🟢 BUY (VALUE) (DIVERSIFIES),0,Financial Services
2025-11-24 13:58:19.581294,LICI,INCREASE POSITION,79.60496320621188,895.0,11.082218,44.623002,0.0,🟢 STRONG BUY (UNDERVALUED) (DIVERSIFIES),0,Financial Services
2025-11-24 13:58:19.597364,UNIONBANK,INCREASE POSITION,80.21642825226022,151.85,6.2670245,15.831,0.0,🟢 STRONG BUY (UNDERVALUED) (DIVERSIFIES),0,Financial Services
2025-11-24 13:58:19.629105,PNB,BOOK 30% PROFITS,79.85459920861855,122.87,8.27965,12.666,0.0,🟢 STRONG BUY (UNDERVALUED) (DIVERSIFIES),0,Financial Services
2025-11-24 13:58:19.655161,INDUSTOWER,INCREASE POSITION,75.56936270248943,401.85,11.34849,29.018998,10.0,🟢 STRONG BUY (UNDERVALUED) (DIVERSIFIES),0,Communication Services
2025-11-24 13:58:19.683263,AUROPHARMA,INCREASE POSITION,75.13452324841072,1199.5,20.34085,10.379,10.0,🟢 STRONG BUY (UNDERVALUED) (DIVERSIFIES),0,Healthcare
2025-11-24 13:58:19.711835,AUBANK,BOOK 50% PROFITS,64.49973296859221,933.55,32.069733,12.654000000000002,0.0,🟢 STRONG BUY (DIVERSIFIES),0,Financial Services
2025-11-24 13:58:19.741440,BANKBARODA,BOOK 30% PROFITS,84.61411312137759,284.1,7.637097,13.079001000000002,0.0,🟢 STRONG BUY (UNDERVALUED) (DIVERSIFIES),0,Financial Services
2025-11-24 14:09:26.099375,AXISBANK,INCREASE POSITION,72.5517838982835,1280.6,15.347554,14.004,0.0,🟢 STRONG BUY (UNDERVALUED) (DIVERSIFIES),0,Financial Services
2025-11-24 14:09:26.135273,ICICIBANK,INCREASE POSITION,74.2314936855784,1371.2,18.54226,17.599002,0.0,🟢 STRONG BUY (UNDERVALUED) (DIVERSIFIES),0,Financial Services
2025-11-24 14:09:26.166111,MUTHOOTFIN,INCREASE POSITION,85.47397233790788,3624.7,19.858105,23.806,10.0,🟢 STRONG BUY (UNDERVALUED) (DIVERSIFIES),0,Financial Services
2025-11-24 14:09:26.200297,UJJIVANSFB,INCREASE POSITION,65.75794938001387,54.16,25.30841,6.832000000000001,0.0,🟢 BUY (VALUE) (DIVERSIFIES),0,Financial Services
2025-11-24 14:09:26.229993,FEDERALBNK,BOOK 30% PROFITS,75.47416439462567,250.09,15.6501875,11.451,0.0,🟢 STRONG BUY (UNDERVALUED) (DIVERSIFIES),0,Financial Services
2025-11-24 14:09:26.249676,SBIN,BOOK 30% PROFITS,84.83358455630622,974.0,10.837876,15.675999,0.0,🟢 STRONG BUY (UNDERVALUED) (DIVERSIFIES),0,Financial Services
2025-11-24 14:09:26.278081,HDFCBANK,INCREASE POSITION,71.98760436549982,1006.75,23.032488,10.8430006,0.0,🟢 STRONG BUY (UNDERVALUED) (DIVERSIFIES),0,Financial Services
2025-11-24 14:09:26.316140,BANKINDIA,BOOK 50% PROFITS,87.21008451611478,146.69,6.9258733,12.234,0.0,🟢 STRONG BUY (UNDERVALUED) (DIVERSIFIES),0,Financial Services
2025-11-24 14:09:26.354131,MAHSEAMLES,INCREASE POSITION,85.86950348010235,573.65,9.812693,12.531999999999998,0.151,🟢 STRONG BUY (UNDERVALUED) (DIVERSIFIES),0,Basic Materials
2025-11-24 14:09:26.385214,IDBI,INCREASE POSITION,84.96634020410919,99.94,11.567129,15.128,0.0,🟢 STRONG BUY (UNDERVALUED) (DIVERSIFIES),0,Financial Services
2025-11-24 14:09:26.410241,GICRE,INCREASE POSITION,83.79818217716223,379.35,6.94653,10.281,0.0,🟢 BUY (VALUE) (DIVERSIFIES),0,Financial Services
2025-11-24 14:09:26.444889,CANBK,BOOK 30% PROFITS,87.83850541695044,147.25,6.236764,17.573999,0.0,🟢 STRONG BUY (UNDERVALUED) (DIVERSIFIES),0,Financial Services
2025-11-24 14:09:26.472246,NATIONALUM,INCREASE POSITION,88.90257859032702,250.32,7.5193753,34.459,0.282,🟢 STRONG BUY (UNDERVALUED) (DIVERSIFIES),0,Basic Materials
2025-11-24 14:09:26.499886,GPPL,INCREASE POSITION,83.44097507349504,179.55,18.20994,20.214,2.111,🟢 STRONG BUY (UNDERVALUED) (DIVERSIFIES),0,Industrials
2025-11-24 14:09:26.531405,CUB,BOOK 30% PROFITS,84.25312067260529,272.0,16.779766,12.852,0.0,🟢 STRONG BUY (UNDERVALUED) (DIVERSIFIES),0,Financial Services
2025-11-24 14:09:26.563106,INDIANB,INCREASE POSITION,83.03095378157812,858.45,10.256777,15.754,0.0,🟢 STRONG BUY (UNDERVALUED) (DIVERSIFIES),0,Financial Services
2025-11-24 14:09:26.595059,KARURVYSYA,INCREASE POSITION,86.74399088008603,246.45,11.310233,17.764,0.0,🟢 STRONG BUY (UNDERVALUED) (DIVERSIFIES),0,Financial Services
2025-11-24 14:09:26.615015,MAHABANK,INCREASE POSITION,86.41715516797512,58.63,7.393443,22.427,0.0,🟢 STRONG BUY (UNDERVALUED) (DIVERSIFIES),0,Financial Services
2025-11-24 14:09:26.650222,INDUSINDBK,INCREASE POSITION,72.00145865635008,846.05,8.760095,-1.161,0.0,🟢 BUY (VALUE) (DIVERSIFIES),0,Financial Services
2025-11-24 14:09:26.680549,LICI,INCREASE POSITION,79.60600234153866,895.3,11.085933,44.623002,0.0,🟢 STRONG BUY (UNDERVALUED) (DIVERSIFIES),0,Financial Services
2025-11-24 14:09:26.714967,UNIONBANK,INCREASE POSITION,79.04606802699318,151.55,6.2546434,15.831,0.0,🟢 STRONG BUY (UNDERVALUED) (DIVERSIFIES),0,Financial Services
2025-11-24 14:09:26.750538,PNB,BOOK 30% PROFITS,80.01015074604126,122.5,8.254717,12.666,0.0,🟢 STRONG BUY (UNDERVALUED) (DIVERSIFIES),0,Financial Services
2025-11-24 14:09:26.780144,AUROPHARMA,INCREASE POSITION,75.13080343986053,1198.1,20.31711,10.379,10.0,🟢 STRONG BUY (UNDERVALUED) (DIVERSIFIES),0,Healthcare
2025-11-24 14:09:26.800038,INDUSTOWER,INCREASE POSITION,75.56780498616976,401.7,11.344254,29.018998,10.0,🟢 STRONG BUY (UNDERVALUED) (DIVERSIFIES),0,Communication Services
2025-11-24 14:09:26.830903,AUBANK,BOOK 50% PROFITS,64.49920571804029,933.4,32.064583,12.654000000000002,0.0,🟢 STRONG BUY (DIVERSIFIES),0,Financial Services
2025-11-24 14:09:26.862517,BANKBARODA,BOOK 30% PROFITS,84.61065531204999,283.85,7.6303763,13.079001000000002,0.0,🟢 STRONG BUY (UNDERVALUED) (DIVERSIFIES),0,Financial Services
2025-11-24 17:04:13.514015,MUTHOOTFIN,INCREASE POSITION,85.46478259160116,3614.4,19.801676,23.806,10.0,🟢 STRONG BUY (UNDERVALUED) (DIVERSIFIES),0,Financial Services
2025-11-24 17:04:13.548102,AXISBANK,INCREASE POSITION,73.01257757685974,1269.0,15.208532,14.004,0.0,🟢 STRONG BUY (UNDERVALUED) (DIVERSIFIES),0,Financial Services
2025-11-24 17:04:13.563888,ICICIBANK,INCREASE POSITION,76.04859574716941,1368.4,18.504396,17.599002,0.0,🟢 STRONG BUY (UNDERVALUED) (DIVERSIFIES),0,Financial Services
2025-11-24 17:04:13.603268,UJJIVANSFB,INCREASE POSITION,66.57806194877993,53.82,25.14953,6.832000000000001,0.0,🟢 BUY (VALUE) (DIVERSIFIES),0,Financial Services
2025-11-24 17:04:13.630175,SBIN,BOOK 30% PROFITS,85.35797342464582,970.6,10.800044,15.675999,0.0,🟢 STRONG BUY (UNDERVALUED) (DIVERSIFIES),0,Financial Services
2025-11-24 17:04:13.660746,FEDERALBNK,BOOK 30% PROFITS,77.70591897455735,248.17,15.530038,11.451,0.0,🟢 STRONG BUY (UNDERVALUED) (ML: 68%),0,Financial Services
2025-11-24 17:04:13.676797,HDFCBANK,INCREASE POSITION,71.52150072815753,999.15,22.858614,10.8430006,0.0,🟢 STRONG BUY (UNDERVALUED) (DIVERSIFIES),0,Financial Services
2025-11-24 17:04:13.713292,KARURVYSYA,INCREASE POSITION,87.02050060236809,243.52,11.175769,17.764,0.0,🟢 STRONG BUY (UNDERVALUED) (DIVERSIFIES),0,Financial Services
2025-11-24 17:04:13.744796,BANKINDIA,BOOK 50% PROFITS,87.19201790915973,145.85,6.886214,12.234,0.0,🟢 STRONG BUY (UNDERVALUED) (DIVERSIFIES),0,Financial Services
2025-11-24 17:04:13.774753,INDUSINDBK,INCREASE POSITION,69.2157344532532,836.05,8.656554,-1.161,0.0,🟢 BUY (VALUE) (DIVERSIFIES),0,Financial Services
2025-11-24 17:04:13.803568,CANBK,BOOK 30% PROFITS,90.32812128023586,146.67,6.212198,17.573999,0.0,🟢 STRONG BUY (UNDERVALUED) (DIVERSIFIES),0,Financial Services
2025-11-24 17:04:13.831517,GPPL,INCREASE POSITION,83.30714314868526,179.88,18.243408,20.214,2.111,🟢 STRONG BUY (UNDERVALUED) (DIVERSIFIES),0,Industrials
2025-11-24 17:04:13.849180,CUB,BOOK 30% PROFITS,85.22647204675329,271.45,16.745838,12.852,0.0,🟢 STRONG BUY (UNDERVALUED) (DIVERSIFIES),0,Financial Services
2025-11-24 17:04:13.884729,NATIONALUM,INCREASE POSITION,88.911853827817,251.06,7.541604,34.459,0.282,🟢 STRONG BUY (UNDERVALUED) (DIVERSIFIES),0,Basic Materials
2025-11-24 17:04:13.911922,MAHSEAMLES,INCREASE POSITION,86.97050815133274,571.05,9.768217,12.531999999999998,0.151,🟢 STRONG BUY (UNDERVALUED) (DIVERSIFIES),0,Basic Materials
2025-11-24 17:04:13.947172,IDBI,INCREASE POSITION,85.64779883484232,98.93,11.450231,15.128,0.0,🟢 STRONG BUY (UNDERVALUED) (DIVERSIFIES),0,Financial Services
2025-11-24 17:04:13.976067,GICRE,INCREASE POSITION,85.061309667554,378.05,6.9227242,10.281,0.0,🟢 BUY (VALUE) (DIVERSIFIES),0,Financial Services
2025-11-24 17:04:14.005883,INDIANB,INCREASE POSITION,84.46765119417599,854.75,10.208407,15.754,0.0,🟢 STRONG BUY (UNDERVALUED) (DIVERSIFIES),0,Financial Services
2025-11-24 17:04:14.030796,LICI,INCREASE POSITION,79.91313636019615,895.05,11.082838,44.623002,0.0,🟢 STRONG BUY (UNDERVALUED) (DIVERSIFIES),0,Financial Services
2025-11-24 17:04:14.057935,PNB,BOOK 30% PROFITS,82.05341644532045,121.75,8.204178,12.666,0.0,🟢 STRONG BUY (UNDERVALUED) (DIVERSIFIES),0,Financial Services
2025-11-24 17:04:14.074034,MAHABANK,INCREASE POSITION,86.36809896508612,58.22,7.3417406,22.427,0.0,🟢 STRONG BUY (UNDERVALUED) (DIVERSIFIES),0,Financial Services
2025-11-24 17:04:14.121539,AUROPHARMA,INCREASE POSITION,75.11990996965602,1194.0,20.247583,10.379,10.0,🟢 STRONG BUY (UNDERVALUED) (DIVERSIFIES),0,Healthcare
2025-11-24 17:04:14.150695,AUBANK,BOOK 50% PROFITS,63.87502389139915,925.1,31.779455,12.654000000000002,0.0,🟢 STRONG BUY (DIVERSIFIES),0,Financial Services
2025-11-24 17:04:14.178068,UNIONBANK,INCREASE POSITION,78.48536756661969,150.99,6.2315316,15.831,0.0,🟢 STRONG BUY (UNDERVALUED) (DIVERSIFIES),0,Financial Services
2025-11-24 17:04:14.208760,INDUSTOWER,INCREASE POSITION,75.6841882374851,400.1,11.299068,29.018998,10.0,🟢 STRONG BUY (UNDERVALUED) (DIVERSIFIES),0,Communication Services
2025-11-24 17:04:14.236092,BANKBARODA,BOOK 30% PROFITS,80.24252765389798,281.9,7.5779567,13.079001000000002,0.0,🟢 STRONG BUY (UNDERVALUED) (DIVERSIFIES),0,Financial Services
2025-11-24 17:04:14.261882,ACC,NEW POSITION,,1913.7,10.80271,18.207,2.435,🟢 STRONG BUY (UNDERVALUED) (DIVERSIFIES),0,Basic Materials
2025-11-24 17:19:27.993946,MUTHOOTFIN,INCREASE POSITION,85.46478259160116,3614.4,19.801676,23.806,10.0,🟢 STRONG BUY (UNDERVALUED) (DIVERSIFIES),0,Financial Services
2025-11-24 17:19:28.036890,AXISBANK,INCREASE POSITION,73.01257757685974,1269.0,15.208532,14.004,0.0,🟢 STRONG BUY (UNDERVALUED) (DIVERSIFIES),0,Financial Services
2025-11-24 17:19:28.081315,ICICIBANK,INCREASE POSITION,76.04859574716941,1368.4,18.504396,17.599002,0.0,🟢 STRONG BUY (UNDERVALUED) (DIVERSIFIES),0,Financial Services
2025-11-24 17:19:28.104016,UJJIVANSFB,INCREASE POSITION,66.57806194877993,53.82,25.14953,6.832000000000001,0.0,🟢 BUY (VALUE) (DIVERSIFIES),0,Financial Services
2025-11-24 17:19:28.143284,SBIN,BOOK 30% PROFITS,85.35797342464582,970.6,10.800044,15.675999,0.0,🟢 STRONG BUY (UNDERVALUED) (DIVERSIFIES),0,Financial Services
2025-11-24 17:19:28.174219,FEDERALBNK,BOOK 30% PROFITS,77.70591897455735,248.17,15.530038,11.451,0.0,🟢 STRONG BUY (UNDERVALUED) (ML: 68%),0,Financial Services
2025-11-24 17:19:28.195733,HDFCBANK,INCREASE POSITION,71.52150072815753,999.15,22.858614,10.8430006,0.0,🟢 STRONG BUY (UNDERVALUED) (DIVERSIFIES),0,Financial Services
2025-11-24 17:19:28.227597,KARURVYSYA,INCREASE POSITION,87.02050060236809,243.52,11.175769,17.764,0.0,🟢 STRONG BUY (UNDERVALUED) (DIVERSIFIES),0,Financial Services
2025-11-24 17:19:28.264576,BANKINDIA,BOOK 50% PROFITS,87.19201790915973,145.85,6.886214,12.234,0.0,🟢 STRONG BUY (UNDERVALUED) (DIVERSIFIES),0,Financial Services
2025-11-24 17:19:28.294643,INDUSINDBK,INCREASE POSITION,69.2157344532532,836.05,8.656554,-1.161,0.0,🟢 BUY (VALUE) (DIVERSIFIES),0,Financial Services
2025-11-24 17:19:28.323277,CANBK,BOOK 30% PROFITS,90.32812128023586,146.67,6.212198,17.573999,0.0,🟢 STRONG BUY (UNDERVALUED) (DIVERSIFIES),0,Financial Services
2025-11-24 17:19:28.355146,GPPL,INCREASE POSITION,83.30714314868526,179.88,18.243408,20.214,2.111,🟢 STRONG BUY (UNDERVALUED) (DIVERSIFIES),0,Industrials
2025-11-24 17:19:28.381683,CUB,BOOK 30% PROFITS,85.22647204675329,271.45,16.745838,12.852,0.0,🟢 STRONG BUY (UNDERVALUED) (DIVERSIFIES),0,Financial Services
2025-11-24 17:19:28.401642,NATIONALUM,INCREASE POSITION,88.911853827817,251.06,7.541604,34.459,0.282,🟢 STRONG BUY (UNDERVALUED) (DIVERSIFIES),0,Basic Materials
2025-11-24 17:19:28.435415,MAHSEAMLES,INCREASE POSITION,86.97050815133274,571.05,9.768217,12.531999999999998,0.151,🟢 STRONG BUY (UNDERVALUED) (DIVERSIFIES),0,Basic Materials
2025-11-24 17:19:28.482237,IDBI,INCREASE POSITION,85.64779883484232,98.93,11.450231,15.128,0.0,🟢 STRONG BUY (UNDERVALUED) (DIVERSIFIES),0,Financial Services
2025-11-24 17:19:28.506132,GICRE,INCREASE POSITION,85.061309667554,378.05,6.9227242,10.281,0.0,🟢 BUY (VALUE) (DIVERSIFIES),0,Financial Services
2025-11-24 17:19:28.522209,INDIANB,INCREASE POSITION,84.46765119417599,854.75,10.208407,15.754,0.0,🟢 STRONG BUY (UNDERVALUED) (DIVERSIFIES),0,Financial Services
2025-11-24 17:19:28.565953,LICI,INCREASE POSITION,79.91313636019615,895.05,11.082838,44.623002,0.0,🟢 STRONG BUY (UNDERVALUED) (DIVERSIFIES),0,Financial Services
2025-11-24 17:19:28.599680,PNB,BOOK 30% PROFITS,82.05341644532045,121.75,8.204178,12.666,0.0,🟢 STRONG BUY (UNDERVALUED) (DIVERSIFIES),0,Financial Services
2025-11-24 17:19:28.622108,MAHABANK,INCREASE POSITION,86.36809896508612,58.22,7.3417406,22.427,0.0,🟢 STRONG BUY (UNDERVALUED) (DIVERSIFIES),0,Financial Services
2025-11-24 17:19:28.654635,AUROPHARMA,INCREASE POSITION,75.11990996965602,1194.0,20.247583,10.379,10.0,🟢 STRONG BUY (UNDERVALUED) (DIVERSIFIES),0,Healthcare
2025-11-24 17:19:28.682176,AUBANK,BOOK 50% PROFITS,63.87502389139915,925.1,31.779455,12.654000000000002,0.0,🟢 STRONG BUY (DIVERSIFIES),0,Financial Services
2025-11-24 17:19:28.707550,UNIONBANK,INCREASE POSITION,78.48536756661969,150.99,6.2315316,15.831,0.0,🟢 STRONG BUY (UNDERVALUED) (DIVERSIFIES),0,Financial Services
2025-11-24 17:19:28.734032,INDUSTOWER,INCREASE POSITION,75.6841882374851,400.1,11.299068,29.018998,10.0,🟢 STRONG BUY (UNDERVALUED) (DIVERSIFIES),0,Communication Services
2025-11-24 17:19:28.764769,BANKBARODA,BOOK 30% PROFITS,80.24252765389798,281.9,7.5779567,13.079001000000002,0.0,🟢 STRONG BUY (UNDERVALUED) (DIVERSIFIES),0,Financial Services
2025-11-24 18:53:27.142545,MUTHOOTFIN,INCREASE POSITION,85.46478259160116,3614.4,19.801676,23.806,10.0,🟢 STRONG BUY (UNDERVALUED) (DIVERSIFIES),0,Financial Services
2025-11-24 18:53:27.195862,AXISBANK,INCREASE POSITION,73.01257757685974,1269.0,15.208532,14.004,0.0,🟢 STRONG BUY (UNDERVALUED) (DIVERSIFIES),0,Financial Services
2025-11-24 18:53:27.235225,ICICIBANK,INCREASE POSITION,76.04859574716941,1368.4,18.504396,17.599002,0.0,🟢 STRONG BUY (UNDERVALUED) (DIVERSIFIES),0,Financial Services
2025-11-24 18:53:27.266628,UJJIVANSFB,INCREASE POSITION,66.57806194877993,53.82,25.14953,6.832000000000001,0.0,🟢 BUY (VALUE) (DIVERSIFIES),0,Financial Services
2025-11-24 18:53:27.318337,SBIN,BOOK 30% PROFITS,85.35797342464582,970.6,10.800044,15.675999,0.0,🟢 STRONG BUY (UNDERVALUED) (DIVERSIFIES),0,Financial Services
2025-11-24 18:53:27.369083,FEDERALBNK,BOOK 30% PROFITS,77.70591897455735,248.17,15.530038,11.451,0.0,🟢 STRONG BUY (UNDERVALUED) (ML: 68%),0,Financial Services
2025-11-24 18:53:27.413238,HDFCBANK,INCREASE POSITION,71.52150072815753,999.15,22.858614,10.8430006,0.0,🟢 STRONG BUY (UNDERVALUED) (DIVERSIFIES),0,Financial Services
2025-11-24 18:53:27.451887,BANKINDIA,BOOK 50% PROFITS,87.19201790915973,145.85,6.886214,12.234,0.0,🟢 STRONG BUY (UNDERVALUED) (DIVERSIFIES),0,Financial Services
2025-11-24 18:53:27.501762,INDUSINDBK,INCREASE POSITION,69.2157344532532,836.05,8.656554,-1.161,0.0,🟢 BUY (VALUE) (DIVERSIFIES),0,Financial Services
2025-11-24 18:53:27.545470,GPPL,INCREASE POSITION,83.30714314868526,179.88,18.243408,20.214,2.111,🟢 STRONG BUY (UNDERVALUED) (DIVERSIFIES),0,Industrials
2025-11-24 18:53:27.579663,CUB,BOOK 30% PROFITS,85.22647204675329,271.45,16.745838,12.852,0.0,🟢 STRONG BUY (UNDERVALUED) (DIVERSIFIES),0,Financial Services
2025-11-24 18:53:27.622589,NATIONALUM,INCREASE POSITION,88.911853827817,251.06,7.541604,34.459,0.282,🟢 STRONG BUY (UNDERVALUED) (DIVERSIFIES),0,Basic Materials
2025-11-24 18:53:27.685354,MAHSEAMLES,INCREASE POSITION,86.97050815133274,571.05,9.768217,12.531999999999998,0.151,🟢 STRONG BUY (UNDERVALUED) (DIVERSIFIES),0,Basic Materials
2025-11-24 18:53:27.738021,IDBI,INCREASE POSITION,85.64779883484232,98.93,11.450231,15.128,0.0,🟢 STRONG BUY (UNDERVALUED) (DIVERSIFIES),0,Financial Services
2025-11-24 18:53:27.800002,GICRE,INCREASE POSITION,85.061309667554,378.05,6.9227242,10.281,0.0,🟢 BUY (VALUE) (DIVERSIFIES),0,Financial Services
2025-11-24 18:53:27.853241,INDIANB,INCREASE POSITION,84.46765119417599,854.75,10.208407,15.754,0.0,🟢 STRONG BUY (UNDERVALUED) (DIVERSIFIES),0,Financial Services
2025-11-24 18:53:27.935112,LICI,INCREASE POSITION,79.91313636019615,895.05,11.082838,44.623002,0.0,🟢 STRONG BUY (UNDERVALUED) (DIVERSIFIES),0,Financial Services
2025-11-24 18:53:27.999565,PNB,BOOK 30% PROFITS,82.05341644532045,121.75,8.204178,12.666,0.0,🟢 STRONG BUY (UNDERVALUED) (DIVERSIFIES),0,Financial Services
2025-11-24 18:53:28.048132,MAHABANK,INCREASE POSITION,86.36809896508612,58.22,7.3417406,22.427,0.0,🟢 STRONG BUY (UNDERVALUED) (DIVERSIFIES),0,Financial Services
2025-11-24 18:53:28.090891,AUROPHARMA,INCREASE POSITION,75.11990996965602,1194.0,20.247583,10.379,10.0,🟢 STRONG BUY (UNDERVALUED) (DIVERSIFIES),0,Healthcare
2025-11-24 18:53:28.130970,AUBANK,BOOK 50% PROFITS,63.87502389139915,925.1,31.779455,12.654000000000002,0.0,🟢 STRONG BUY (DIVERSIFIES),0,Financial Services
2025-11-24 18:53:28.178791,UNIONBANK,INCREASE POSITION,78.48536756661969,150.99,6.2315316,15.831,0.0,🟢 STRONG BUY (UNDERVALUED) (DIVERSIFIES),0,Financial Services
2025-11-24 18:53:28.211922,KARURVYSYA,INCREASE POSITION,87.02050060236809,243.52,11.175769,17.764,0.0,🟢 STRONG BUY (UNDERVALUED) (DIVERSIFIES),0,Financial Services
2025-11-24 18:53:28.256351,INDUSTOWER,INCREASE POSITION,75.6841882374851,400.1,11.299068,29.018998,10.0,🟢 STRONG BUY (UNDERVALUED) (DIVERSIFIES),0,Communication Services
2025-11-24 18:53:28.295055,BANKBARODA,BOOK 30% PROFITS,80.24252765389798,281.9,7.5779567,13.079001000000002,0.0,🟢 STRONG BUY (UNDERVALUED) (DIVERSIFIES),0,Financial Services
2025-11-24 18:53:28.339681,CANBK,BOOK 30% PROFITS,90.32812128023586,146.67,6.212198,17.573999,0.0,🟢 STRONG BUY (UNDERVALUED) (DIVERSIFIES),0,Financial Services
2025-11-24 18:53:28.382032,ACC,NEW POSITION,,1913.7,10.80271,18.207,2.435,🟢 STRONG BUY (UNDERVALUED) (DIVERSIFIES),0,Basic Materials
2025-11-24 19:25:10.054344,MUTHOOTFIN,INCREASE POSITION,85.46478259160116,3614.4,19.801676,23.806,10.0,🟢 STRONG BUY (UNDERVALUED) (DIVERSIFIES),0,Financial Services
2025-11-24 19:25:10.089292,AXISBANK,INCREASE POSITION,73.01257757685974,1269.0,15.208532,14.004,0.0,🟢 STRONG BUY (UNDERVALUED) (DIVERSIFIES),0,Financial Services
2025-11-24 19:25:10.120942,ICICIBANK,INCREASE POSITION,76.04859574716941,1368.4,18.504396,17.599002,0.0,🟢 STRONG BUY (UNDERVALUED) (DIVERSIFIES),0,Financial Services
2025-11-24 19:25:10.141839,UJJIVANSFB,INCREASE POSITION,66.57806194877993,53.82,25.14953,6.832000000000001,0.0,🟢 BUY (VALUE) (DIVERSIFIES),0,Financial Services
2025-11-24 19:25:10.185231,SBIN,BOOK 30% PROFITS,85.35797342464582,970.6,10.800044,15.675999,0.0,🟢 STRONG BUY (UNDERVALUED) (DIVERSIFIES),0,Financial Services
2025-11-24 19:25:10.210833,FEDERALBNK,BOOK 30% PROFITS,77.70591897455735,248.17,15.530038,11.451,0.0,🟢 STRONG BUY (UNDERVALUED) (ML: 68%),0,Financial Services
2025-11-24 19:25:10.239880,HDFCBANK,INCREASE POSITION,71.52150072815753,999.15,22.858614,10.8430006,0.0,🟢 STRONG BUY (UNDERVALUED) (DIVERSIFIES),0,Financial Services
2025-11-24 19:25:10.268919,KARURVYSYA,INCREASE POSITION,87.02050060236809,243.52,11.175769,17.764,0.0,🟢 STRONG BUY (UNDERVALUED) (DIVERSIFIES),0,Financial Services
2025-11-24 19:25:10.301911,BANKINDIA,BOOK 50% PROFITS,87.19201790915973,145.85,6.886214,12.234,0.0,🟢 STRONG BUY (UNDERVALUED) (DIVERSIFIES),0,Financial Services
2025-11-24 19:25:10.344860,INDUSINDBK,INCREASE POSITION,69.2157344532532,836.05,8.656554,-1.161,0.0,🟢 BUY (VALUE) (DIVERSIFIES),0,Financial Services
2025-11-24 19:25:10.386976,CANBK,BOOK 30% PROFITS,90.32812128023586,146.67,6.212198,17.573999,0.0,🟢 STRONG BUY (UNDERVALUED) (DIVERSIFIES),0,Financial Services
2025-11-24 19:25:10.425534,GPPL,INCREASE POSITION,83.30714314868526,179.88,18.243408,20.214,2.111,🟢 STRONG BUY (UNDERVALUED) (DIVERSIFIES),0,Industrials
2025-11-24 19:25:10.465045,CUB,BOOK 30% PROFITS,85.22647204675329,271.45,16.745838,12.852,0.0,🟢 STRONG BUY (UNDERVALUED) (DIVERSIFIES),0,Financial Services
2025-11-24 19:25:10.497491,NATIONALUM,INCREASE POSITION,88.911853827817,251.06,7.541604,34.459,0.282,🟢 STRONG BUY (UNDERVALUED) (DIVERSIFIES),0,Basic Materials
2025-11-24 19:25:10.529550,MAHSEAMLES,INCREASE POSITION,86.97050815133274,571.05,9.768217,12.531999999999998,0.151,🟢 STRONG BUY (UNDERVALUED) (DIVERSIFIES),0,Basic Materials
2025-11-24 19:25:10.564175,IDBI,INCREASE POSITION,85.64779883484232,98.93,11.450231,15.128,0.0,🟢 STRONG BUY (UNDERVALUED) (DIVERSIFIES),0,Financial Services
2025-11-24 19:25:10.602156,GICRE,INCREASE POSITION,85.061309667554,378.05,6.9227242,10.281,0.0,🟢 BUY (VALUE) (DIVERSIFIES),0,Financial Services
2025-11-24 19:25:10.640557,INDIANB,INCREASE POSITION,84.46765119417599,854.75,10.208407,15.754,0.0,🟢 STRONG BUY (UNDERVALUED) (DIVERSIFIES),0,Financial Services
2025-11-24 19:25:10.672592,LICI,INCREASE POSITION,79.91313636019615,895.05,11.082838,44.623002,0.0,🟢 STRONG BUY (UNDERVALUED) (DIVERSIFIES),0,Financial Services
2025-11-24 19:25:10.700679,PNB,BOOK 30% PROFITS,82.05341644532045,121.75,8.204178,12.666,0.0,🟢 STRONG BUY (UNDERVALUED) (DIVERSIFIES),0,Financial Services
2025-11-24 19:25:10.733658,MAHABANK,INCREASE POSITION,86.36809896508612,58.22,7.3417406,22.427,0.0,🟢 STRONG BUY (UNDERVALUED) (DIVERSIFIES),0,Financial Services
2025-11-24 19:25:10.771321,AUROPHARMA,INCREASE POSITION,75.11990996965602,1194.0,20.247583,10.379,10.0,🟢 STRONG BUY (UNDERVALUED) (DIVERSIFIES),0,Healthcare
2025-11-24 19:25:10.799207,AUBANK,BOOK 50% PROFITS,63.87502389139915,925.1,31.779455,12.654000000000002,0.0,🟢 STRONG BUY (DIVERSIFIES),0,Financial Services
2025-11-24 19:25:10.826929,UNIONBANK,INCREASE POSITION,78.48536756661969,150.99,6.2315316,15.831,0.0,🟢 STRONG BUY (UNDERVALUED) (DIVERSIFIES),0,Financial Services
2025-11-24 19:25:10.852530,INDUSTOWER,INCREASE POSITION,75.6841882374851,400.1,11.299068,29.018998,10.0,🟢 STRONG BUY (UNDERVALUED) (DIVERSIFIES),0,Communication Services
2025-11-24 19:25:10.891291,BANKBARODA,BOOK 30% PROFITS,80.24252765389798,281.9,7.5779567,13.079001000000002,0.0,🟢 STRONG BUY (UNDERVALUED) (DIVERSIFIES),0,Financial Services
2025-11-24 19:25:10.920634,ACC,NEW POSITION,,1913.7,10.80271,18.207,2.435,🟢 STRONG BUY (UNDERVALUED) (DIVERSIFIES),0,Basic Materials
2025-11-24 19:38:13.522058,MUTHOOTFIN,INCREASE POSITION,85.46478259160116,3614.4,19.801676,23.806,10.0,🟢 STRONG BUY (UNDERVALUED) (DIVERSIFIES),0,Financial Services
2025-11-24 19:38:13.565033,AXISBANK,INCREASE POSITION,73.01257757685974,1269.0,15.208532,14.004,0.0,🟢 STRONG BUY (UNDERVALUED) (DIVERSIFIES),0,Financial Services
2025-11-24 19:38:13.598326,ICICIBANK,INCREASE POSITION,76.04859574716941,1368.4,18.504396,17.599002,0.0,🟢 STRONG BUY (UNDERVALUED) (DIVERSIFIES),0,Financial Services
2025-11-24 19:38:13.631110,UJJIVANSFB,INCREASE POSITION,66.57806194877993,53.82,25.14953,6.832000000000001,0.0,🟢 BUY (VALUE) (DIVERSIFIES),0,Financial Services
2025-11-24 19:38:13.654808,SBIN,BOOK 30% PROFITS,85.35797342464582,970.6,10.800044,15.675999,0.0,🟢 STRONG BUY (UNDERVALUED) (DIVERSIFIES),0,Financial Services
2025-11-24 19:38:13.690388,FEDERALBNK,BOOK 30% PROFITS,77.70591897455735,248.17,15.530038,11.451,0.0,🟢 STRONG BUY (UNDERVALUED) (ML: 68%),0,Financial Services
2025-11-24 19:38:13.718933,HDFCBANK,INCREASE POSITION,71.52150072815753,999.15,22.858614,10.8430006,0.0,🟢 STRONG BUY (UNDERVALUED) (DIVERSIFIES),0,Financial Services
2025-11-24 19:38:13.734532,KARURVYSYA,INCREASE POSITION,87.02050060236809,243.52,11.175769,17.764,0.0,🟢 STRONG BUY (UNDERVALUED) (DIVERSIFIES),0,Financial Services
2025-11-24 19:38:13.766530,BANKINDIA,BOOK 50% PROFITS,87.19201790915973,145.85,6.886214,12.234,0.0,🟢 STRONG BUY (UNDERVALUED) (DIVERSIFIES),0,Financial Services
2025-11-24 19:38:13.800102,INDUSINDBK,INCREASE POSITION,69.2157344532532,836.05,8.656554,-1.161,0.0,🟢 BUY (VALUE) (DIVERSIFIES),0,Financial Services
2025-11-24 19:38:13.825388,CANBK,BOOK 30% PROFITS,90.32812128023586,146.67,6.212198,17.573999,0.0,🟢 STRONG BUY (UNDERVALUED) (DIVERSIFIES),0,Financial Services
2025-11-24 19:38:13.860251,GPPL,INCREASE POSITION,83.30714314868526,179.88,18.243408,20.214,2.111,🟢 STRONG BUY (UNDERVALUED) (DIVERSIFIES),0,Industrials
2025-11-24 19:38:13.878273,CUB,BOOK 30% PROFITS,85.22647204675329,271.45,16.745838,12.852,0.0,🟢 STRONG BUY (UNDERVALUED) (DIVERSIFIES),0,Financial Services
2025-11-24 19:38:13.912203,NATIONALUM,INCREASE POSITION,88.911853827817,251.06,7.541604,34.459,0.282,🟢 STRONG BUY (UNDERVALUED) (DIVERSIFIES),0,Basic Materials
2025-11-24 19:38:13.959779,MAHSEAMLES,INCREASE POSITION,86.97050815133274,571.05,9.768217,12.531999999999998,0.151,🟢 STRONG BUY (UNDERVALUED) (DIVERSIFIES),0,Basic Materials
2025-11-24 19:38:13.990552,IDBI,INCREASE POSITION,85.64779883484232,98.93,11.450231,15.128,0.0,🟢 STRONG BUY (UNDERVALUED) (DIVERSIFIES),0,Financial Services
2025-11-24 19:38:14.005866,GICRE,INCREASE POSITION,85.061309667554,378.05,6.9227242,10.281,0.0,🟢 BUY (VALUE) (DIVERSIFIES),0,Financial Services
2025-11-24 19:38:14.037382,INDIANB,INCREASE POSITION,84.46765119417599,854.75,10.208407,15.754,0.0,🟢 STRONG BUY (UNDERVALUED) (DIVERSIFIES),0,Financial Services
2025-11-24 19:38:14.074373,LICI,INCREASE POSITION,79.91313636019615,895.05,11.082838,44.623002,0.0,🟢 STRONG BUY (UNDERVALUED) (DIVERSIFIES),0,Financial Services
2025-11-24 19:38:14.104457,PNB,BOOK 30% PROFITS,82.05341644532045,121.75,8.204178,12.666,0.0,🟢 STRONG BUY (UNDERVALUED) (DIVERSIFIES),0,Financial Services
2025-11-24 19:38:14.140605,MAHABANK,INCREASE POSITION,86.36809896508612,58.22,7.3417406,22.427,0.0,🟢 STRONG BUY (UNDERVALUED) (DIVERSIFIES),0,Financial Services
2025-11-24 19:38:14.164448,AUROPHARMA,INCREASE POSITION,75.11990996965602,1194.0,20.247583,10.379,10.0,🟢 STRONG BUY (UNDERVALUED) (DIVERSIFIES),0,Healthcare
2025-11-24 19:38:14.200990,AUBANK,BOOK 50% PROFITS,63.87502389139915,925.1,31.779455,12.654000000000002,0.0,🟢 STRONG BUY (DIVERSIFIES),0,Financial Services
2025-11-24 19:38:14.211779,UNIONBANK,INCREASE POSITION,78.48536756661969,150.99,6.2315316,15.831,0.0,🟢 STRONG BUY (UNDERVALUED) (DIVERSIFIES),0,Financial Services
2025-11-24 19:38:14.249389,INDUSTOWER,INCREASE POSITION,75.6841882374851,400.1,11.299068,29.018998,10.0,🟢 STRONG BUY (UNDERVALUED) (DIVERSIFIES),0,Communication Services
2025-11-24 19:38:14.285649,BANKBARODA,BOOK 30% PROFITS,80.24252765389798,281.9,7.5779567,13.079001000000002,0.0,🟢 STRONG BUY (UNDERVALUED) (DIVERSIFIES),0,Financial Services
2025-11-24 19:38:14.310776,ACC,NEW POSITION,,1913.7,10.80271,18.207,2.435,🟢 STRONG BUY (UNDERVALUED) (DIVERSIFIES),0,Basic Materials
2025-11-24 19:45:09.930035,MUTHOOTFIN,INCREASE POSITION,85.46478259160116,3614.4,19.801676,23.806,10.0,🟢 STRONG BUY (UNDERVALUED) (DIVERSIFIES),0,Financial Services
2025-11-24 19:45:09.978580,AXISBANK,INCREASE POSITION,73.01257757685974,1269.0,15.208532,14.004,0.0,🟢 STRONG BUY (UNDERVALUED) (DIVERSIFIES),0,Financial Services
2025-11-24 19:45:10.007789,ICICIBANK,INCREASE POSITION,76.04859574716941,1368.4,18.504396,17.599002,0.0,🟢 STRONG BUY (UNDERVALUED) (DIVERSIFIES),0,Financial Services
2025-11-24 19:45:10.039660,UJJIVANSFB,INCREASE POSITION,66.57806194877993,53.82,25.14953,6.832000000000001,0.0,🟢 BUY (VALUE) (DIVERSIFIES),0,Financial Services
2025-11-24 19:45:10.071453,SBIN,BOOK 30% PROFITS,85.35797342464582,970.6,10.800044,15.675999,0.0,🟢 STRONG BUY (UNDERVALUED) (DIVERSIFIES),0,Financial Services
2025-11-24 19:45:10.091392,FEDERALBNK,BOOK 30% PROFITS,77.70591897455735,248.17,15.530038,11.451,0.0,🟢 STRONG BUY (UNDERVALUED) (ML: 68%),0,Financial Services
2025-11-24 19:45:10.118760,HDFCBANK,INCREASE POSITION,71.52150072815753,999.15,22.858614,10.8430006,0.0,🟢 STRONG BUY (UNDERVALUED) (DIVERSIFIES),0,Financial Services
2025-11-24 19:45:10.154740,KARURVYSYA,INCREASE POSITION,87.02050060236809,243.52,11.175769,17.764,0.0,🟢 STRONG BUY (UNDERVALUED) (DIVERSIFIES),0,Financial Services
2025-11-24 19:45:10.184344,INDUSTOWER,INCREASE POSITION,75.6841882374851,400.1,11.299068,29.018998,10.0,🟢 STRONG BUY (UNDERVALUED) (DIVERSIFIES),0,Communication Services
2025-11-24 19:45:10.208248,BANKINDIA,BOOK 50% PROFITS,87.19201790915973,145.85,6.886214,12.234,0.0,🟢 STRONG BUY (UNDERVALUED) (DIVERSIFIES),0,Financial Services
2025-11-24 19:45:10.234236,INDUSINDBK,INCREASE POSITION,69.2157344532532,836.05,8.656554,-1.161,0.0,🟢 BUY (VALUE) (DIVERSIFIES),0,Financial Services
2025-11-24 19:45:10.258958,BANKBARODA,BOOK 30% PROFITS,80.24252765389798,281.9,7.5779567,13.079001000000002,0.0,🟢 STRONG BUY (UNDERVALUED) (DIVERSIFIES),0,Financial Services
2025-11-24 19:45:10.282128,CANBK,BOOK 30% PROFITS,90.32812128023586,146.67,6.212198,17.573999,0.0,🟢 STRONG BUY (UNDERVALUED) (DIVERSIFIES),0,Financial Services
2025-11-24 19:45:10.313095,GPPL,INCREASE POSITION,83.30714314868526,179.88,18.243408,20.214,2.111,🟢 STRONG BUY (UNDERVALUED) (DIVERSIFIES),0,Industrials
2025-11-24 19:45:10.333973,CUB,BOOK 30% PROFITS,85.22647204675329,271.45,16.745838,12.852,0.0,🟢 STRONG BUY (UNDERVALUED) (DIVERSIFIES),0,Financial Services
2025-11-24 19:45:10.370110,NATIONALUM,INCREASE POSITION,88.911853827817,251.06,7.541604,34.459,0.282,🟢 STRONG BUY (UNDERVALUED) (DIVERSIFIES),0,Basic Materials
2025-11-24 19:45:10.391146,MAHSEAMLES,INCREASE POSITION,86.97050815133274,571.05,9.768217,12.531999999999998,0.151,🟢 STRONG BUY (UNDERVALUED) (DIVERSIFIES),0,Basic Materials
2025-11-24 19:45:10.425528,IDBI,INCREASE POSITION,85.64779883484232,98.93,11.450231,15.128,0.0,🟢 STRONG BUY (UNDERVALUED) (DIVERSIFIES),0,Financial Services
2025-11-24 19:45:10.454767,GICRE,INCREASE POSITION,85.061309667554,378.05,6.9227242,10.281,0.0,🟢 BUY (VALUE) (DIVERSIFIES),0,Financial Services
2025-11-24 19:45:10.474565,INDIANB,INCREASE POSITION,84.46765119417599,854.75,10.208407,15.754,0.0,🟢 STRONG BUY (UNDERVALUED) (DIVERSIFIES),0,Financial Services
2025-11-24 19:45:10.508444,LICI,INCREASE POSITION,79.91313636019615,895.05,11.082838,44.623002,0.0,🟢 STRONG BUY (UNDERVALUED) (DIVERSIFIES),0,Financial Services
2025-11-24 19:45:10.542988,PNB,BOOK 30% PROFITS,82.05341644532045,121.75,8.204178,12.666,0.0,🟢 STRONG BUY (UNDERVALUED) (DIVERSIFIES),0,Financial Services
2025-11-24 19:45:10.580900,MAHABANK,INCREASE POSITION,86.36809896508612,58.22,7.3417406,22.427,0.0,🟢 STRONG BUY (UNDERVALUED) (DIVERSIFIES),0,Financial Services
2025-11-24 19:45:10.615543,AUROPHARMA,INCREASE POSITION,75.11990996965602,1194.0,20.247583,10.379,10.0,🟢 STRONG BUY (UNDERVALUED) (DIVERSIFIES),0,Healthcare
2025-11-24 19:45:10.645680,AUBANK,BOOK 50% PROFITS,63.87502389139915,925.1,31.779455,12.654000000000002,0.0,🟢 STRONG BUY (DIVERSIFIES),0,Financial Services
2025-11-24 19:45:10.672801,UNIONBANK,INCREASE POSITION,78.48536756661969,150.99,6.2315316,15.831,0.0,🟢 STRONG BUY (UNDERVALUED) (DIVERSIFIES),0,Financial Services
2025-11-24 19:49:33.553671,MUTHOOTFIN,INCREASE POSITION,85.46478259160116,3614.4,19.801676,23.806,10.0,🟢 STRONG BUY (UNDERVALUED) (DIVERSIFIES),0,Financial Services
2025-11-24 19:49:33.596355,AXISBANK,INCREASE POSITION,73.01257757685974,1269.0,15.208532,14.004,0.0,🟢 STRONG BUY (UNDERVALUED) (DIVERSIFIES),0,Financial Services
2025-11-24 19:49:33.634427,ICICIBANK,INCREASE POSITION,76.04859574716941,1368.4,18.504396,17.599002,0.0,🟢 STRONG BUY (UNDERVALUED) (DIVERSIFIES),0,Financial Services
2025-11-24 19:49:33.670074,UJJIVANSFB,INCREASE POSITION,66.57806194877993,53.82,25.14953,6.832000000000001,0.0,🟢 BUY (VALUE) (DIVERSIFIES),0,Financial Services
2025-11-24 19:49:33.690936,SBIN,BOOK 30% PROFITS,85.35797342464582,970.6,10.800044,15.675999,0.0,🟢 STRONG BUY (UNDERVALUED) (DIVERSIFIES),0,Financial Services
2025-11-24 19:49:33.723746,FEDERALBNK,BOOK 30% PROFITS,77.70591897455735,248.17,15.530038,11.451,0.0,🟢 STRONG BUY (UNDERVALUED) (ML: 68%),0,Financial Services
2025-11-24 19:49:33.738494,HDFCBANK,INCREASE POSITION,71.52150072815753,999.15,22.858614,10.8430006,0.0,🟢 STRONG BUY (UNDERVALUED) (DIVERSIFIES),0,Financial Services
2025-11-24 19:49:33.776316,KARURVYSYA,INCREASE POSITION,87.02050060236809,243.52,11.175769,17.764,0.0,🟢 STRONG BUY (UNDERVALUED) (DIVERSIFIES),0,Financial Services
2025-11-24 19:49:33.802130,INDUSTOWER,INCREASE POSITION,75.6841882374851,400.1,11.299068,29.018998,10.0,🟢 STRONG BUY (UNDERVALUED) (DIVERSIFIES),0,Communication Services
2025-11-24 19:49:33.833724,BANKINDIA,BOOK 50% PROFITS,87.19201790915973,145.85,6.886214,12.234,0.0,🟢 STRONG BUY (UNDERVALUED) (DIVERSIFIES),0,Financial Services
2025-11-24 19:49:33.858955,INDUSINDBK,INCREASE POSITION,69.2157344532532,836.05,8.656554,-1.161,0.0,🟢 BUY (VALUE) (DIVERSIFIES),0,Financial Services
2025-11-24 19:49:33.886834,BANKBARODA,BOOK 30% PROFITS,80.24252765389798,281.9,7.5779567,13.079001000000002,0.0,🟢 STRONG BUY (UNDERVALUED) (DIVERSIFIES),0,Financial Services
2025-11-24 19:49:33.913975,CANBK,BOOK 30% PROFITS,90.32812128023586,146.67,6.212198,17.573999,0.0,🟢 STRONG BUY (UNDERVALUED) (DIVERSIFIES),0,Financial Services
2025-11-24 19:49:33.929082,GPPL,INCREASE POSITION,83.30714314868526,179.88,18.243408,20.214,2.111,🟢 STRONG BUY (UNDERVALUED) (DIVERSIFIES),0,Industrials
2025-11-24 19:49:33.968977,CUB,BOOK 30% PROFITS,85.22647204675329,271.45,16.745838,12.852,0.0,🟢 STRONG BUY (UNDERVALUED) (DIVERSIFIES),0,Financial Services
2025-11-24 19:49:33.999390,NATIONALUM,INCREASE POSITION,88.911853827817,251.06,7.541604,34.459,0.282,🟢 STRONG BUY (UNDERVALUED) (DIVERSIFIES),0,Basic Materials
2025-11-24 19:49:34.030645,MAHSEAMLES,INCREASE POSITION,86.97050815133274,571.05,9.768217,12.531999999999998,0.151,🟢 STRONG BUY (UNDERVALUED) (DIVERSIFIES),0,Basic Materials
2025-11-24 19:49:34.067510,IDBI,INCREASE POSITION,85.64779883484232,98.93,11.450231,15.128,0.0,🟢 STRONG BUY (UNDERVALUED) (DIVERSIFIES),0,Financial Services
2025-11-24 19:49:34.112392,GICRE,INCREASE POSITION,85.061309667554,378.05,6.9227242,10.281,0.0,🟢 BUY (VALUE) (DIVERSIFIES),0,Financial Services
2025-11-24 19:49:34.136332,INDIANB,INCREASE POSITION,84.46765119417599,854.75,10.208407,15.754,0.0,🟢 STRONG BUY (UNDERVALUED) (DIVERSIFIES),0,Financial Services
2025-11-24 19:49:34.172190,LICI,INCREASE POSITION,79.91313636019615,895.05,11.082838,44.623002,0.0,🟢 STRONG BUY (UNDERVALUED) (DIVERSIFIES),0,Financial Services
2025-11-24 19:49:34.194306,PNB,BOOK 30% PROFITS,82.05341644532045,121.75,8.204178,12.666,0.0,🟢 STRONG BUY (UNDERVALUED) (DIVERSIFIES),0,Financial Services
2025-11-24 19:49:34.237253,MAHABANK,INCREASE POSITION,86.36809896508612,58.22,7.3417406,22.427,0.0,🟢 STRONG BUY (UNDERVALUED) (DIVERSIFIES),0,Financial Services
2025-11-24 19:49:34.258065,AUROPHARMA,INCREASE POSITION,75.11990996965602,1194.0,20.247583,10.379,10.0,🟢 STRONG BUY (UNDERVALUED) (DIVERSIFIES),0,Healthcare
2025-11-24 19:49:34.289882,AUBANK,BOOK 50% PROFITS,63.87502389139915,925.1,31.779455,12.654000000000002,0.0,🟢 STRONG BUY (DIVERSIFIES),0,Financial Services
2025-11-24 19:49:34.321648,UNIONBANK,INCREASE POSITION,78.48536756661969,150.99,6.2315316,15.831,0.0,🟢 STRONG BUY (UNDERVALUED) (DIVERSIFIES),0,Financial Services
2025-11-24 19:56:36.040446,MUTHOOTFIN,INCREASE POSITION,85.46478259160116,3614.4,19.801676,23.806,10.0,🟢 STRONG BUY (UNDERVALUED) (DIVERSIFIES),0,Financial Services
2025-11-24 19:56:36.084580,AXISBANK,INCREASE POSITION,73.01257757685974,1269.0,15.208532,14.004,0.0,🟢 STRONG BUY (UNDERVALUED) (DIVERSIFIES),0,Financial Services
2025-11-24 19:56:36.110869,ICICIBANK,INCREASE POSITION,76.04859574716941,1368.4,18.504396,17.599002,0.0,🟢 STRONG BUY (UNDERVALUED) (DIVERSIFIES),0,Financial Services
2025-11-24 19:56:36.143382,UJJIVANSFB,INCREASE POSITION,66.57806194877993,53.82,25.14953,6.832000000000001,0.0,🟢 BUY (VALUE) (DIVERSIFIES),0,Financial Services
2025-11-24 19:56:36.175314,SBIN,BOOK 31% PROFITS,85.35797342464582,970.6,10.800044,15.675999,0.0,🟢 STRONG BUY (UNDERVALUED) (DIVERSIFIES),0,Financial Services
2025-11-24 19:56:36.205466,FEDERALBNK,BOOK 30% PROFITS,77.70591897455735,248.17,15.530038,11.451,0.0,🟢 STRONG BUY (UNDERVALUED) (ML: 68%),0,Financial Services
2025-11-24 19:56:36.237981,HDFCBANK,INCREASE POSITION,71.52150072815753,999.15,22.858614,10.8430006,0.0,🟢 STRONG BUY (UNDERVALUED) (DIVERSIFIES),0,Financial Services
2025-11-24 19:56:36.253825,KARURVYSYA,INCREASE POSITION,87.02050060236809,243.52,11.175769,17.764,0.0,🟢 STRONG BUY (UNDERVALUED) (DIVERSIFIES),0,Financial Services
2025-11-24 19:56:36.285475,INDUSTOWER,INCREASE POSITION,75.6841882374851,400.1,11.299068,29.018998,10.0,🟢 STRONG BUY (UNDERVALUED) (DIVERSIFIES),0,Communication Services
2025-11-24 19:56:36.317087,BANKINDIA,BOOK 53% PROFITS,87.19201790915973,145.85,6.886214,12.234,0.0,🟢 STRONG BUY (UNDERVALUED) (DIVERSIFIES),0,Financial Services
2025-11-24 19:56:36.348693,INDUSINDBK,INCREASE POSITION,69.2157344532532,836.05,8.656554,-1.161,0.0,🟢 BUY (VALUE) (DIVERSIFIES),0,Financial Services
2025-11-24 19:56:36.380346,BANKBARODA,BOOK 36% PROFITS,80.24252765389798,281.9,7.5779567,13.079001000000002,0.0,🟢 STRONG BUY (UNDERVALUED) (DIVERSIFIES),0,Financial Services
2025-11-24 19:56:36.411975,CANBK,BOOK 38% PROFITS,90.32812128023586,146.67,6.212198,17.573999,0.0,🟢 STRONG BUY (UNDERVALUED) (DIVERSIFIES),0,Financial Services
2025-11-24 19:56:36.444176,GPPL,INCREASE POSITION,83.30714314868526,179.88,18.243408,20.214,2.111,🟢 STRONG BUY (UNDERVALUED) (DIVERSIFIES),0,Industrials
2025-11-24 19:56:36.475638,CUB,BOOK 33% PROFITS,85.22647204675329,271.45,16.745838,12.852,0.0,🟢 STRONG BUY (UNDERVALUED) (DIVERSIFIES),0,Financial Services
2025-11-24 19:56:36.507262,NATIONALUM,INCREASE POSITION,88.911853827817,251.06,7.541604,34.459,0.282,🟢 STRONG BUY (UNDERVALUED) (DIVERSIFIES),0,Basic Materials
2025-11-24 19:56:36.540104,MAHSEAMLES,INCREASE POSITION,86.97050815133274,571.05,9.768217,12.531999999999998,0.151,🟢 STRONG BUY (UNDERVALUED) (DIVERSIFIES),0,Basic Materials
2025-11-24 19:56:36.564290,IDBI,INCREASE POSITION,85.64779883484232,98.93,11.450231,15.128,0.0,🟢 STRONG BUY (UNDERVALUED) (DIVERSIFIES),0,Financial Services
2025-11-24 19:56:36.595949,GICRE,INCREASE POSITION,85.061309667554,378.05,6.9227242,10.281,0.0,🟢 BUY (VALUE) (DIVERSIFIES),0,Financial Services
2025-11-24 19:56:36.627599,INDIANB,INCREASE POSITION,84.46765119417599,854.75,10.208407,15.754,0.0,🟢 STRONG BUY (UNDERVALUED) (DIVERSIFIES),0,Financial Services
2025-11-24 19:56:36.659346,LICI,INCREASE POSITION,79.91313636019615,895.05,11.082838,44.623002,0.0,🟢 STRONG BUY (UNDERVALUED) (DIVERSIFIES),0,Financial Services
2025-11-24 19:56:36.691172,PNB,BOOK 31% PROFITS,82.05341644532045,121.75,8.204178,12.666,0.0,🟢 STRONG BUY (UNDERVALUED) (DIVERSIFIES),0,Financial Services
2025-11-24 19:56:36.724434,MAHABANK,INCREASE POSITION,86.36809896508612,58.22,7.3417406,22.427,0.0,🟢 STRONG BUY (UNDERVALUED) (DIVERSIFIES),0,Financial Services
2025-11-24 19:56:36.747192,AUROPHARMA,INCREASE POSITION,75.11990996965602,1194.0,20.247583,10.379,10.0,🟢 STRONG BUY (UNDERVALUED) (DIVERSIFIES),0,Healthcare
2025-11-24 19:56:36.771525,AUBANK,BOOK 51% PROFITS,63.87502389139915,925.1,31.779455,12.654000000000002,0.0,🟢 STRONG BUY (DIVERSIFIES),0,Financial Services
2025-11-24 19:56:36.803153,UNIONBANK,INCREASE POSITION,78.48536756661969,150.99,6.2315316,15.831,0.0,🟢 STRONG BUY (UNDERVALUED) (DIVERSIFIES),0,Financial Services
2025-11-24 20:00:40.873587,MUTHOOTFIN,INCREASE POSITION,85.46478259160116,3614.4,19.801676,23.806,10.0,🟢 STRONG BUY (UNDERVALUED) (DIVERSIFIES),0,Financial Services
2025-11-24 20:00:40.914170,AXISBANK,INCREASE POSITION,73.01257757685974,1269.0,15.208532,14.004,0.0,🟢 STRONG BUY (UNDERVALUED) (DIVERSIFIES),0,Financial Services
2025-11-24 20:00:40.944913,ICICIBANK,INCREASE POSITION,76.04859574716941,1368.4,18.504396,17.599002,0.0,🟢 STRONG BUY (UNDERVALUED) (DIVERSIFIES),0,Financial Services
2025-11-24 20:00:40.977647,UJJIVANSFB,INCREASE POSITION,66.57806194877993,53.82,25.14953,6.832000000000001,0.0,🟢 BUY (VALUE) (DIVERSIFIES),0,Financial Services
2025-11-24 20:00:41.009284,SBIN,BOOK 31% PROFITS,85.35797342464582,970.6,10.800044,15.675999,0.0,🟢 STRONG BUY (UNDERVALUED) (DIVERSIFIES),0,Financial Services
2025-11-24 20:00:41.040962,FEDERALBNK,BOOK 30% PROFITS,76.50591897455735,248.17,15.530038,11.451,0.0,🟢 STRONG BUY (UNDERVALUED) (ML: 68%),0,Financial Services
2025-11-24 20:00:41.056799,HDFCBANK,INCREASE POSITION,71.52150072815753,999.15,22.858614,10.8430006,0.0,🟢 STRONG BUY (UNDERVALUED) (DIVERSIFIES),0,Financial Services
2025-11-24 20:00:41.088371,KARURVYSYA,INCREASE POSITION,87.02050060236809,243.52,11.175769,17.764,0.0,🟢 STRONG BUY (UNDERVALUED) (DIVERSIFIES),0,Financial Services
2025-11-24 20:00:41.119996,INDUSTOWER,INCREASE POSITION,75.6841882374851,400.1,11.299068,29.018998,10.0,🟢 STRONG BUY (UNDERVALUED) (DIVERSIFIES),0,Communication Services
2025-11-24 20:00:41.153771,BANKINDIA,BOOK 53% PROFITS,87.19201790915973,145.85,6.886214,12.234,0.0,🟢 STRONG BUY (UNDERVALUED) (DIVERSIFIES),0,Financial Services
2025-11-24 20:00:41.183270,INDUSINDBK,INCREASE POSITION,69.2157344532532,836.05,8.656554,-1.161,0.0,🟢 BUY (VALUE) (DIVERSIFIES),0,Financial Services
2025-11-24 20:00:41.208923,BANKBARODA,BOOK 36% PROFITS,79.04252765389798,281.9,7.5779567,13.079001000000002,0.0,🟢 STRONG BUY (UNDERVALUED) (DIVERSIFIES),0,Financial Services
2025-11-24 20:00:41.241345,CANBK,BOOK 38% PROFITS,90.32812128023586,146.67,6.212198,17.573999,0.0,🟢 STRONG BUY (UNDERVALUED) (DIVERSIFIES),0,Financial Services
2025-11-24 20:00:41.273001,GPPL,INCREASE POSITION,83.30714314868526,179.88,18.243408,20.214,2.111,🟢 STRONG BUY (UNDERVALUED) (DIVERSIFIES),0,Industrials
2025-11-24 20:00:41.320420,CUB,BOOK 33% PROFITS,85.22647204675329,271.45,16.745838,12.852,0.0,🟢 STRONG BUY (UNDERVALUED) (DIVERSIFIES),0,Financial Services
2025-11-24 20:00:41.336248,NATIONALUM,INCREASE POSITION,88.911853827817,251.06,7.541604,34.459,0.282,🟢 STRONG BUY (UNDERVALUED) (DIVERSIFIES),0,Basic Materials
2025-11-24 20:00:41.367756,MAHSEAMLES,INCREASE POSITION,86.97050815133274,571.05,9.768217,12.531999999999998,0.151,🟢 STRONG BUY (UNDERVALUED) (DIVERSIFIES),0,Basic Materials
2025-11-24 20:00:41.399412,IDBI,INCREASE POSITION,85.64779883484232,98.93,11.450231,15.128,0.0,🟢 STRONG BUY (UNDERVALUED) (DIVERSIFIES),0,Financial Services
2025-11-24 20:00:41.447049,GICRE,INCREASE POSITION,85.061309667554,378.05,6.9227242,10.281,0.0,🟢 BUY (VALUE) (DIVERSIFIES),0,Financial Services
2025-11-24 20:00:41.478685,INDIANB,INCREASE POSITION,84.46765119417599,854.75,10.208407,15.754,0.0,🟢 STRONG BUY (UNDERVALUED) (DIVERSIFIES),0,Financial Services
2025-11-24 20:00:41.510337,LICI,INCREASE POSITION,79.91313636019615,895.05,11.082838,44.623002,0.0,🟢 STRONG BUY (UNDERVALUED) (DIVERSIFIES),0,Financial Services
2025-11-24 20:00:41.544002,PNB,BOOK 31% PROFITS,82.05341644532045,121.75,8.204178,12.666,0.0,🟢 STRONG BUY (UNDERVALUED) (DIVERSIFIES),0,Financial Services
2025-11-24 20:00:41.573604,MAHABANK,INCREASE POSITION,86.36809896508612,58.22,7.3417406,22.427,0.0,🟢 STRONG BUY (UNDERVALUED) (DIVERSIFIES),0,Financial Services
2025-11-24 20:00:41.605214,AUROPHARMA,INCREASE POSITION,75.11990996965602,1194.0,20.247583,10.379,10.0,🟢 STRONG BUY (UNDERVALUED) (DIVERSIFIES),0,Healthcare
2025-11-24 20:00:41.636830,AUBANK,BOOK 51% PROFITS,63.87502389139915,925.1,31.779455,12.654000000000002,0.0,🟢 STRONG BUY (DIVERSIFIES),0,Financial Services
2025-11-24 20:00:41.684163,UNIONBANK,INCREASE POSITION,78.48536756661969,150.99,6.2315316,15.831,0.0,🟢 STRONG BUY (UNDERVALUED) (DIVERSIFIES),0,Financial Services
2025-11-24 20:11:03.989895,MUTHOOTFIN,INCREASE POSITION,85.46478259160116,3614.4,19.801676,23.806,10.0,🟢 STRONG BUY (UNDERVALUED) (DIVERSIFIES),0,Financial Services
2025-11-24 20:11:04.037708,AXISBANK,INCREASE POSITION,73.01257757685974,1269.0,15.208532,14.004,0.0,🟢 STRONG BUY (UNDERVALUED) (DIVERSIFIES),0,Financial Services
2025-11-24 20:11:04.070391,ICICIBANK,INCREASE POSITION,76.04859574716941,1368.4,18.504396,17.599002,0.0,🟢 STRONG BUY (UNDERVALUED) (DIVERSIFIES),0,Financial Services
2025-11-24 20:11:04.102902,UJJIVANSFB,INCREASE POSITION,66.57806194877993,53.82,25.14953,6.832000000000001,0.0,🟢 BUY (VALUE) (DIVERSIFIES),0,Financial Services
2025-11-24 20:11:04.134794,SBIN,BOOK 31% PROFITS,85.35797342464582,970.6,10.800044,15.675999,0.0,🟢 STRONG BUY (UNDERVALUED) (DIVERSIFIES),0,Financial Services
2025-11-24 20:11:04.169200,FEDERALBNK,BOOK 30% PROFITS,76.50591897455735,248.17,15.530038,11.451,0.0,🟢 STRONG BUY (UNDERVALUED) (ML: 68%),0,Financial Services
2025-11-24 20:11:04.198322,HDFCBANK,INCREASE POSITION,71.52150072815753,999.15,22.858614,10.8430006,0.0,🟢 STRONG BUY (UNDERVALUED) (DIVERSIFIES),0,Financial Services
2025-11-24 20:11:04.228416,KARURVYSYA,INCREASE POSITION,87.02050060236809,243.52,11.175769,17.764,0.0,🟢 STRONG BUY (UNDERVALUED) (DIVERSIFIES),0,Financial Services
2025-11-24 20:11:04.253731,BANKINDIA,BOOK 53% PROFITS,87.19201790915973,145.85,6.886214,12.234,0.0,🟢 STRONG BUY (UNDERVALUED) (DIVERSIFIES),0,Financial Services
2025-11-24 20:11:04.285290,INDUSINDBK,INCREASE POSITION,69.2157344532532,836.05,8.656554,-1.161,0.0,🟢 BUY (VALUE) (DIVERSIFIES),0,Financial Services
2025-11-24 20:11:04.310752,CANBK,BOOK 38% PROFITS,90.32812128023586,146.67,6.212198,17.573999,0.0,🟢 STRONG BUY (UNDERVALUED) (DIVERSIFIES),0,Financial Services
2025-11-24 20:11:04.336360,GPPL,INCREASE POSITION,83.30714314868526,179.88,18.243408,20.214,2.111,🟢 STRONG BUY (UNDERVALUED) (DIVERSIFIES),0,Industrials
2025-11-24 20:11:04.368869,CUB,BOOK 33% PROFITS,85.22647204675329,271.45,16.745838,12.852,0.0,🟢 STRONG BUY (UNDERVALUED) (DIVERSIFIES),0,Financial Services
2025-11-24 20:11:04.398902,NATIONALUM,INCREASE POSITION,88.911853827817,251.06,7.541604,34.459,0.282,🟢 STRONG BUY (UNDERVALUED) (DIVERSIFIES),0,Basic Materials
2025-11-24 20:11:04.417235,MAHSEAMLES,INCREASE POSITION,86.97050815133274,571.05,9.768217,12.531999999999998,0.151,🟢 STRONG BUY (UNDERVALUED) (DIVERSIFIES),0,Basic Materials
2025-11-24 20:11:04.450814,IDBI,INCREASE POSITION,85.64779883484232,98.93,11.450231,15.128,0.0,🟢 STRONG BUY (UNDERVALUED) (DIVERSIFIES),0,Financial Services
2025-11-24 20:11:04.492827,GICRE,INCREASE POSITION,85.061309667554,378.05,6.9227242,10.281,0.0,🟢 BUY (VALUE) (DIVERSIFIES),0,Financial Services
2025-11-24 20:11:04.534930,INDIANB,INCREASE POSITION,84.46765119417599,854.75,10.208407,15.754,0.0,🟢 STRONG BUY (UNDERVALUED) (DIVERSIFIES),0,Financial Services
2025-11-24 20:11:04.566496,LICI,INCREASE POSITION,79.91313636019615,895.05,11.082838,44.623002,0.0,🟢 STRONG BUY (UNDERVALUED) (DIVERSIFIES),0,Financial Services
2025-11-24 20:11:04.606477,PNB,BOOK 31% PROFITS,82.05341644532045,121.75,8.204178,12.666,0.0,🟢 STRONG BUY (UNDERVALUED) (DIVERSIFIES),0,Financial Services
2025-11-24 20:11:04.639186,MAHABANK,INCREASE POSITION,86.36809896508612,58.22,7.3417406,22.427,0.0,🟢 STRONG BUY (UNDERVALUED) (DIVERSIFIES),0,Financial Services
2025-11-24 20:11:04.669001,AUROPHARMA,INCREASE POSITION,75.11990996965602,1194.0,20.247583,10.379,10.0,🟢 STRONG BUY (UNDERVALUED) (DIVERSIFIES),0,Healthcare
2025-11-24 20:11:04.694936,AUBANK,BOOK 51% PROFITS,63.87502389139915,925.1,31.779455,12.654000000000002,0.0,🟢 STRONG BUY (DIVERSIFIES),0,Financial Services
2025-11-24 20:11:04.727731,UNIONBANK,INCREASE POSITION,78.48536756661969,150.99,6.2315316,15.831,0.0,🟢 STRONG BUY (UNDERVALUED) (DIVERSIFIES),0,Financial Services
2025-11-24 20:11:04.756387,INDUSTOWER,INCREASE POSITION,75.6841882374851,400.1,11.299068,29.018998,10.0,🟢 STRONG BUY (UNDERVALUED) (DIVERSIFIES),0,Communication Services
2025-11-24 20:11:04.786796,BANKBARODA,BOOK 36% PROFITS,79.04252765389798,281.9,7.5779567,13.079001000000002,0.0,🟢 STRONG BUY (UNDERVALUED) (DIVERSIFIES),0,Financial Services
2025-11-24 20:21:02.811026,MUTHOOTFIN,INCREASE POSITION,85.46478259160116,3614.4,19.801676,23.806,10.0,🟢 STRONG BUY (UNDERVALUED) (DIVERSIFIES),0,Financial Services
2025-11-24 20:21:02.853619,AXISBANK,INCREASE POSITION,73.01257757685974,1269.0,15.208532,14.004,0.0,🟢 STRONG BUY (UNDERVALUED) (DIVERSIFIES),0,Financial Services
2025-11-24 20:21:02.885283,ICICIBANK,INCREASE POSITION,76.04859574716941,1368.4,18.504396,17.599002,0.0,🟢 STRONG BUY (UNDERVALUED) (DIVERSIFIES),0,Financial Services
2025-11-24 20:21:02.924811,UJJIVANSFB,INCREASE POSITION,66.57806194877993,53.82,25.14953,6.832000000000001,0.0,🟢 BUY (VALUE) (DIVERSIFIES),0,Financial Services
2025-11-24 20:21:02.941747,SBIN,BOOK 31% PROFITS,85.35797342464582,970.6,10.800044,15.675999,0.0,🟢 STRONG BUY (UNDERVALUED) (DIVERSIFIES),0,Financial Services
2025-11-24 20:21:02.972709,FEDERALBNK,BOOK 30% PROFITS,76.50591897455735,248.17,15.530038,11.451,0.0,🟢 STRONG BUY (UNDERVALUED) (ML: 68%),0,Financial Services
2025-11-24 20:21:03.004331,HDFCBANK,INCREASE POSITION,71.52150072815753,999.15,22.858614,10.8430006,0.0,🟢 STRONG BUY (UNDERVALUED) (DIVERSIFIES),0,Financial Services
2025-11-24 20:21:03.042105,KARURVYSYA,INCREASE POSITION,87.02050060236809,243.52,11.175769,17.764,0.0,🟢 STRONG BUY (UNDERVALUED) (DIVERSIFIES),0,Financial Services
2025-11-24 20:21:03.067555,BANKINDIA,BOOK 53% PROFITS,87.19201790915973,145.85,6.886214,12.234,0.0,🟢 STRONG BUY (UNDERVALUED) (DIVERSIFIES),0,Financial Services
2025-11-24 20:21:03.099186,INDUSINDBK,INCREASE POSITION,69.2157344532532,836.05,8.656554,-1.161,0.0,🟢 BUY (VALUE) (DIVERSIFIES),0,Financial Services
2025-11-24 20:21:03.130811,CANBK,BOOK 38% PROFITS,90.32812128023586,146.67,6.212198,17.573999,0.0,🟢 STRONG BUY (UNDERVALUED) (DIVERSIFIES),0,Financial Services
2025-11-24 20:21:03.162453,GPPL,INCREASE POSITION,83.30714314868526,179.88,18.243408,20.214,2.111,🟢 STRONG BUY (UNDERVALUED) (DIVERSIFIES),0,Industrials
2025-11-24 20:21:03.194070,CUB,BOOK 33% PROFITS,85.22647204675329,271.45,16.745838,12.852,0.0,🟢 STRONG BUY (UNDERVALUED) (DIVERSIFIES),0,Financial Services
2025-11-24 20:21:03.225735,NATIONALUM,INCREASE POSITION,88.911853827817,251.06,7.541604,34.459,0.282,🟢 STRONG BUY (UNDERVALUED) (DIVERSIFIES),0,Basic Materials
2025-11-24 20:21:03.242643,MAHSEAMLES,INCREASE POSITION,86.97050815133274,571.05,9.768217,12.531999999999998,0.151,🟢 STRONG BUY (UNDERVALUED) (DIVERSIFIES),0,Basic Materials
2025-11-24 20:21:03.291333,IDBI,INCREASE POSITION,85.64779883484232,98.93,11.450231,15.128,0.0,🟢 STRONG BUY (UNDERVALUED) (DIVERSIFIES),0,Financial Services
2025-11-24 20:21:03.318456,GICRE,INCREASE POSITION,85.061309667554,378.05,6.9227242,10.281,0.0,🟢 BUY (VALUE) (DIVERSIFIES),0,Financial Services
2025-11-24 20:21:03.346080,INDIANB,INCREASE POSITION,84.46765119417599,854.75,10.208407,15.754,0.0,🟢 STRONG BUY (UNDERVALUED) (DIVERSIFIES),0,Financial Services
2025-11-24 20:21:03.386246,LICI,INCREASE POSITION,79.91313636019615,895.05,11.082838,44.623002,0.0,🟢 STRONG BUY (UNDERVALUED) (DIVERSIFIES),0,Financial Services
2025-11-24 20:21:03.410584,PNB,BOOK 31% PROFITS,82.05341644532045,121.75,8.204178,12.666,0.0,🟢 STRONG BUY (UNDERVALUED) (DIVERSIFIES),0,Financial Services
2025-11-24 20:21:03.443354,MAHABANK,INCREASE POSITION,86.36809896508612,58.22,7.3417406,22.427,0.0,🟢 STRONG BUY (UNDERVALUED) (DIVERSIFIES),0,Financial Services
2025-11-24 20:21:03.473818,AUROPHARMA,INCREASE POSITION,75.11990996965602,1194.0,20.247583,10.379,10.0,🟢 STRONG BUY (UNDERVALUED) (DIVERSIFIES),0,Healthcare
2025-11-24 20:21:03.505425,AUBANK,BOOK 51% PROFITS,63.87502389139915,925.1,31.779455,12.654000000000002,0.0,🟢 STRONG BUY (DIVERSIFIES),0,Financial Services
2025-11-24 20:21:03.537031,UNIONBANK,INCREASE POSITION,78.48536756661969,150.99,6.2315316,15.831,0.0,🟢 STRONG BUY (UNDERVALUED) (DIVERSIFIES),0,Financial Services
2025-11-24 20:21:03.568642,INDUSTOWER,INCREASE POSITION,75.6841882374851,400.1,11.299068,29.018998,10.0,🟢 STRONG BUY (UNDERVALUED) (DIVERSIFIES),0,Communication Services
2025-11-24 20:21:03.600275,BANKBARODA,BOOK 36% PROFITS,79.04252765389798,281.9,7.5779567,13.079001000000002,0.0,🟢 STRONG BUY (UNDERVALUED) (DIVERSIFIES),0,Financial Services
2025-11-24 20:21:03.631892,ACC,NEW POSITION,,1913.7,10.80271,18.207,2.435,🟢 STRONG BUY (UNDERVALUED) (DIVERSIFIES),0,Basic Materials
2025-11-24 20:36:40.011947,MUTHOOTFIN,INCREASE POSITION,85.46478259160116,3614.4,19.801676,23.806,10.0,🟢 STRONG BUY (UNDERVALUED) (DIVERSIFIES),0,Financial Services
2025-11-24 20:36:40.097913,AXISBANK,INCREASE POSITION,73.01257757685974,1269.0,15.208532,14.004,0.0,🟢 STRONG BUY (UNDERVALUED) (DIVERSIFIES),0,Financial Services
2025-11-24 20:36:40.160685,ICICIBANK,INCREASE POSITION,76.04859574716941,1368.4,18.504396,17.599002,0.0,🟢 STRONG BUY (UNDERVALUED) (DIVERSIFIES),0,Financial Services
2025-11-24 20:36:40.218268,UJJIVANSFB,INCREASE POSITION,66.57806194877993,53.82,25.14953,6.832000000000001,0.0,🟢 BUY (VALUE) (DIVERSIFIES),0,Financial Services
2025-11-24 20:36:40.280317,SBIN,BOOK 31% PROFITS,85.35797342464582,970.6,10.800044,15.675999,0.0,🟢 STRONG BUY (UNDERVALUED) (DIVERSIFIES),0,Financial Services
2025-11-24 20:36:40.362214,FEDERALBNK,BOOK 30% PROFITS,76.50591897455735,248.17,15.530038,11.451,0.0,🟢 STRONG BUY (UNDERVALUED) (ML: 68%),0,Financial Services
2025-11-24 20:36:40.428059,HDFCBANK,INCREASE POSITION,71.52150072815753,999.15,22.858614,10.8430006,0.0,🟢 STRONG BUY (UNDERVALUED) (DIVERSIFIES),0,Financial Services
2025-11-24 20:36:40.495247,KARURVYSYA,INCREASE POSITION,87.02050060236809,243.52,11.175769,17.764,0.0,🟢 STRONG BUY (UNDERVALUED) (DIVERSIFIES),0,Financial Services
2025-11-24 20:36:40.558948,BANKINDIA,BOOK 53% PROFITS,87.19201790915973,145.85,6.886214,12.234,0.0,🟢 STRONG BUY (UNDERVALUED) (DIVERSIFIES),0,Financial Services
2025-11-24 20:36:40.625619,INDUSINDBK,INCREASE POSITION,69.2157344532532,836.05,8.656554,-1.161,0.0,🟢 BUY (VALUE) (DIVERSIFIES),0,Financial Services
2025-11-24 20:36:40.694881,CANBK,BOOK 38% PROFITS,90.32812128023586,146.67,6.212198,17.573999,0.0,🟢 STRONG BUY (UNDERVALUED) (DIVERSIFIES),0,Financial Services
2025-11-24 20:36:40.759582,GPPL,INCREASE POSITION,83.30714314868526,179.88,18.243408,20.214,2.111,🟢 STRONG BUY (UNDERVALUED) (DIVERSIFIES),0,Industrials
2025-11-24 20:36:40.825601,CUB,BOOK 33% PROFITS,85.22647204675329,271.45,16.745838,12.852,0.0,🟢 STRONG BUY (UNDERVALUED) (DIVERSIFIES),0,Financial Services
2025-11-24 20:36:40.904925,NATIONALUM,INCREASE POSITION,88.911853827817,251.06,7.541604,34.459,0.282,🟢 STRONG BUY (UNDERVALUED) (DIVERSIFIES),0,Basic Materials
2025-11-24 20:36:40.981777,MAHSEAMLES,INCREASE POSITION,86.97050815133274,571.05,9.768217,12.531999999999998,0.151,🟢 STRONG BUY (UNDERVALUED) (DIVERSIFIES),0,Basic Materials
2025-11-24 20:36:41.053766,IDBI,INCREASE POSITION,85.64779883484232,98.93,11.450231,15.128,0.0,🟢 STRONG BUY (UNDERVALUED) (DIVERSIFIES),0,Financial Services
2025-11-24 20:36:41.130446,GICRE,INCREASE POSITION,85.061309667554,378.05,6.9227242,10.281,0.0,🟢 BUY (VALUE) (DIVERSIFIES),0,Financial Services
2025-11-24 20:36:41.201854,INDIANB,INCREASE POSITION,84.46765119417599,854.75,10.208407,15.754,0.0,🟢 STRONG BUY (UNDERVALUED) (DIVERSIFIES),0,Financial Services
2025-11-24 20:36:41.280861,LICI,INCREASE POSITION,79.91313636019615,895.05,11.082838,44.623002,0.0,🟢 STRONG BUY (UNDERVALUED) (DIVERSIFIES),0,Financial Services
2025-11-24 20:36:41.347263,PNB,BOOK 31% PROFITS,82.05341644532045,121.75,8.204178,12.666,0.0,🟢 STRONG BUY (UNDERVALUED) (DIVERSIFIES),0,Financial Services
2025-11-24 20:36:41.431559,MAHABANK,INCREASE POSITION,86.36809896508612,58.22,7.3417406,22.427,0.0,🟢 STRONG BUY (UNDERVALUED) (DIVERSIFIES),0,Financial Services
2025-11-24 20:36:41.512340,AUROPHARMA,INCREASE POSITION,75.11990996965602,1194.0,20.247583,10.379,10.0,🟢 STRONG BUY (UNDERVALUED) (DIVERSIFIES),0,Healthcare
2025-11-24 20:36:41.593093,AUBANK,BOOK 51% PROFITS,63.87502389139915,925.1,31.779455,12.654000000000002,0.0,🟢 STRONG BUY (DIVERSIFIES),0,Financial Services
2025-11-24 20:36:41.664882,UNIONBANK,INCREASE POSITION,78.48536756661969,150.99,6.2315316,15.831,0.0,🟢 STRONG BUY (UNDERVALUED) (DIVERSIFIES),0,Financial Services
2025-11-24 20:36:41.725086,INDUSTOWER,INCREASE POSITION,75.6841882374851,400.1,11.299068,29.018998,10.0,🟢 STRONG BUY (UNDERVALUED) (DIVERSIFIES),0,Communication Services
2025-11-24 20:36:41.799898,BANKBARODA,BOOK 36% PROFITS,79.04252765389798,281.9,7.5779567,13.079001000000002,0.0,🟢 STRONG BUY (UNDERVALUED) (DIVERSIFIES),0,Financial Services
2025-11-24 20:36:41.882971,ACC,NEW POSITION,,1913.7,10.80271,18.207,2.435,🟢 STRONG BUY (UNDERVALUED) (DIVERSIFIES),0,Basic Materials
2025-11-24 20:44:43.611032,MUTHOOTFIN,INCREASE POSITION,85.46478259160116,3614.4,19.801676,23.806,10.0,🟢 STRONG BUY (UNDERVALUED) (DIVERSIFIES),0,Financial Services
2025-11-24 20:44:43.650630,AXISBANK,INCREASE POSITION,73.01257757685974,1269.0,15.208532,14.004,0.0,🟢 STRONG BUY (UNDERVALUED) (DIVERSIFIES),0,Financial Services
2025-11-24 20:44:43.688582,ICICIBANK,INCREASE POSITION,76.04859574716941,1368.4,18.504396,17.599002,0.0,🟢 STRONG BUY (UNDERVALUED) (DIVERSIFIES),0,Financial Services
2025-11-24 20:44:43.731433,UJJIVANSFB,INCREASE POSITION,66.57806194877993,53.82,25.14953,6.832000000000001,0.0,🟢 BUY (VALUE) (DIVERSIFIES),0,Financial Services
2025-11-24 20:44:43.784341,SBIN,BOOK 31% PROFITS,85.35797342464582,970.6,10.800044,15.675999,0.0,🟢 STRONG BUY (UNDERVALUED) (DIVERSIFIES),0,Financial Services
2025-11-24 20:44:43.822751,FEDERALBNK,BOOK 30% PROFITS,76.50591897455735,248.17,15.530038,11.451,0.0,🟢 STRONG BUY (UNDERVALUED) (ML: 68%),0,Financial Services
2025-11-24 20:44:43.857675,HDFCBANK,INCREASE POSITION,71.52150072815753,999.15,22.858614,10.8430006,0.0,🟢 STRONG BUY (UNDERVALUED) (DIVERSIFIES),0,Financial Services
2025-11-24 20:44:43.890266,KARURVYSYA,INCREASE POSITION,87.02050060236809,243.52,11.175769,17.764,0.0,🟢 STRONG BUY (UNDERVALUED) (DIVERSIFIES),0,Financial Services
2025-11-24 20:44:43.922253,BANKINDIA,BOOK 53% PROFITS,87.19201790915973,145.85,6.886214,12.234,0.0,🟢 STRONG BUY (UNDERVALUED) (DIVERSIFIES),0,Financial Services
2025-11-24 20:44:43.957426,INDUSINDBK,INCREASE POSITION,69.2157344532532,836.05,8.656554,-1.161,0.0,🟢 BUY (VALUE) (DIVERSIFIES),0,Financial Services
2025-11-24 20:44:43.990889,CANBK,BOOK 38% PROFITS,90.32812128023586,146.67,6.212198,17.573999,0.0,🟢 STRONG BUY (UNDERVALUED) (DIVERSIFIES),0,Financial Services
2025-11-24 20:44:44.017401,GPPL,INCREASE POSITION,83.30714314868526,179.88,18.243408,20.214,2.111,🟢 STRONG BUY (UNDERVALUED) (DIVERSIFIES),0,Industrials
2025-11-24 20:44:44.049446,CUB,BOOK 33% PROFITS,85.22647204675329,271.45,16.745838,12.852,0.0,🟢 STRONG BUY (UNDERVALUED) (DIVERSIFIES),0,Financial Services
2025-11-24 20:44:44.089105,NATIONALUM,INCREASE POSITION,88.911853827817,251.06,7.541604,34.459,0.282,🟢 STRONG BUY (UNDERVALUED) (DIVERSIFIES),0,Basic Materials
2025-11-24 20:44:44.129129,MAHSEAMLES,INCREASE POSITION,86.97050815133274,571.05,9.768217,12.531999999999998,0.151,🟢 STRONG BUY (UNDERVALUED) (DIVERSIFIES),0,Basic Materials
2025-11-24 20:44:44.186344,IDBI,INCREASE POSITION,85.64779883484232,98.93,11.450231,15.128,0.0,🟢 STRONG BUY (UNDERVALUED) (DIVERSIFIES),0,Financial Services
2025-11-24 20:44:44.234348,GICRE,INCREASE POSITION,85.061309667554,378.05,6.9227242,10.281,0.0,🟢 BUY (VALUE) (DIVERSIFIES),0,Financial Services
2025-11-24 20:44:44.271851,INDIANB,INCREASE POSITION,84.46765119417599,854.75,10.208407,15.754,0.0,🟢 STRONG BUY (UNDERVALUED) (DIVERSIFIES),0,Financial Services
2025-11-24 20:44:44.311498,LICI,INCREASE POSITION,79.91313636019615,895.05,11.082838,44.623002,0.0,🟢 STRONG BUY (UNDERVALUED) (DIVERSIFIES),0,Financial Services
2025-11-24 20:44:44.350288,PNB,BOOK 31% PROFITS,82.05341644532045,121.75,8.204178,12.666,0.0,🟢 STRONG BUY (UNDERVALUED) (DIVERSIFIES),0,Financial Services
2025-11-24 20:44:44.389706,MAHABANK,INCREASE POSITION,86.36809896508612,58.22,7.3417406,22.427,0.0,🟢 STRONG BUY (UNDERVALUED) (DIVERSIFIES),0,Financial Services
2025-11-24 20:44:44.437266,AUROPHARMA,INCREASE POSITION,75.11990996965602,1194.0,20.247583,10.379,10.0,🟢 STRONG BUY (UNDERVALUED) (DIVERSIFIES),0,Healthcare
2025-11-24 20:44:44.485323,AUBANK,BOOK 51% PROFITS,63.87502389139915,925.1,31.779455,12.654000000000002,0.0,🟢 STRONG BUY (DIVERSIFIES),0,Financial Services
2025-11-24 20:44:44.521653,UNIONBANK,INCREASE POSITION,78.48536756661969,150.99,6.2315316,15.831,0.0,🟢 STRONG BUY (UNDERVALUED) (DIVERSIFIES),0,Financial Services
2025-11-24 20:44:44.559652,INDUSTOWER,INCREASE POSITION,75.6841882374851,400.1,11.299068,29.018998,10.0,🟢 STRONG BUY (UNDERVALUED) (DIVERSIFIES),0,Communication Services
2025-11-24 20:44:44.599255,BANKBARODA,BOOK 36% PROFITS,79.04252765389798,281.9,7.5779567,13.079001000000002,0.0,🟢 STRONG BUY (UNDERVALUED) (DIVERSIFIES),0,Financial Services
2025-11-24 20:49:02.211745,MUTHOOTFIN,INCREASE POSITION,85.46478259160116,3614.4,19.801676,23.806,10.0,🟢 STRONG BUY (UNDERVALUED) (DIVERSIFIES),0,Financial Services
2025-11-24 20:49:02.259354,AXISBANK,INCREASE POSITION,73.01257757685974,1269.0,15.208532,14.004,0.0,🟢 STRONG BUY (UNDERVALUED) (DIVERSIFIES),0,Financial Services
2025-11-24 20:49:02.309006,ICICIBANK,INCREASE POSITION,76.04859574716941,1368.4,18.504396,17.599002,0.0,🟢 STRONG BUY (UNDERVALUED) (DIVERSIFIES),0,Financial Services
2025-11-24 20:49:02.341725,UJJIVANSFB,INCREASE POSITION,66.57806194877993,53.82,25.14953,6.832000000000001,0.0,🟢 BUY (VALUE) (DIVERSIFIES),0,Financial Services
2025-11-24 20:49:02.373430,SBIN,BOOK 31% PROFITS,85.35797342464582,970.6,10.800044,15.675999,0.0,🟢 STRONG BUY (UNDERVALUED) (DIVERSIFIES),0,Financial Services
2025-11-24 20:49:02.405175,FEDERALBNK,BOOK 30% PROFITS,76.50591897455735,248.17,15.530038,11.451,0.0,🟢 STRONG BUY (UNDERVALUED) (ML: 68%),0,Financial Services
2025-11-24 20:49:02.436980,HDFCBANK,INCREASE POSITION,71.52150072815753,999.15,22.858614,10.8430006,0.0,🟢 STRONG BUY (UNDERVALUED) (DIVERSIFIES),0,Financial Services
2025-11-24 20:49:02.468733,KARURVYSYA,INCREASE POSITION,87.02050060236809,243.52,11.175769,17.764,0.0,🟢 STRONG BUY (UNDERVALUED) (DIVERSIFIES),0,Financial Services
2025-11-24 20:49:02.516460,BANKINDIA,BOOK 53% PROFITS,87.19201790915973,145.85,6.886214,12.234,0.0,🟢 STRONG BUY (UNDERVALUED) (DIVERSIFIES),0,Financial Services
2025-11-24 20:49:02.540474,INDUSINDBK,INCREASE POSITION,69.2157344532532,836.05,8.656554,-1.161,0.0,🟢 BUY (VALUE) (DIVERSIFIES),0,Financial Services
2025-11-24 20:49:02.586654,CANBK,BOOK 38% PROFITS,90.32812128023586,146.67,6.212198,17.573999,0.0,🟢 STRONG BUY (UNDERVALUED) (DIVERSIFIES),0,Financial Services
2025-11-24 20:49:02.612590,GPPL,INCREASE POSITION,83.30714314868526,179.88,18.243408,20.214,2.111,🟢 STRONG BUY (UNDERVALUED) (DIVERSIFIES),0,Industrials
2025-11-24 20:49:02.653218,CUB,BOOK 33% PROFITS,85.22647204675329,271.45,16.745838,12.852,0.0,🟢 STRONG BUY (UNDERVALUED) (DIVERSIFIES),0,Financial Services
2025-11-24 20:49:02.685180,NATIONALUM,INCREASE POSITION,88.911853827817,251.06,7.541604,34.459,0.282,🟢 STRONG BUY (UNDERVALUED) (DIVERSIFIES),0,Basic Materials
2025-11-24 20:49:02.716855,MAHSEAMLES,INCREASE POSITION,86.97050815133274,571.05,9.768217,12.531999999999998,0.151,🟢 STRONG BUY (UNDERVALUED) (DIVERSIFIES),0,Basic Materials
2025-11-24 20:49:02.777888,IDBI,INCREASE POSITION,85.64779883484232,98.93,11.450231,15.128,0.0,🟢 STRONG BUY (UNDERVALUED) (DIVERSIFIES),0,Financial Services
2025-11-24 20:49:02.835888,GICRE,INCREASE POSITION,85.061309667554,378.05,6.9227242,10.281,0.0,🟢 BUY (VALUE) (DIVERSIFIES),0,Financial Services
2025-11-24 20:49:02.895550,INDIANB,INCREASE POSITION,84.46765119417599,854.75,10.208407,15.754,0.0,🟢 STRONG BUY (UNDERVALUED) (DIVERSIFIES),0,Financial Services
2025-11-24 20:49:02.945574,LICI,INCREASE POSITION,79.91313636019615,895.05,11.082838,44.623002,0.0,🟢 STRONG BUY (UNDERVALUED) (DIVERSIFIES),0,Financial Services
2025-11-24 20:49:02.982597,PNB,BOOK 31% PROFITS,82.05341644532045,121.75,8.204178,12.666,0.0,🟢 STRONG BUY (UNDERVALUED) (DIVERSIFIES),0,Financial Services
2025-11-24 20:49:03.027566,MAHABANK,INCREASE POSITION,86.36809896508612,58.22,7.3417406,22.427,0.0,🟢 STRONG BUY (UNDERVALUED) (DIVERSIFIES),0,Financial Services
2025-11-24 20:49:03.073605,AUROPHARMA,INCREASE POSITION,75.11990996965602,1194.0,20.247583,10.379,10.0,🟢 STRONG BUY (UNDERVALUED) (DIVERSIFIES),0,Healthcare
2025-11-24 20:49:03.104757,AUBANK,BOOK 51% PROFITS,63.87502389139915,925.1,31.779455,12.654000000000002,0.0,🟢 STRONG BUY (DIVERSIFIES),0,Financial Services
2025-11-24 20:49:03.150283,UNIONBANK,INCREASE POSITION,78.48536756661969,150.99,6.2315316,15.831,0.0,🟢 STRONG BUY (UNDERVALUED) (DIVERSIFIES),0,Financial Services
2025-11-24 20:49:03.187133,INDUSTOWER,INCREASE POSITION,75.6841882374851,400.1,11.299068,29.018998,10.0,🟢 STRONG BUY (UNDERVALUED) (DIVERSIFIES),0,Communication Services
2025-11-24 20:49:03.223961,BANKBARODA,BOOK 36% PROFITS,79.04252765389798,281.9,7.5779567,13.079001000000002,0.0,🟢 STRONG BUY (UNDERVALUED) (DIVERSIFIES),0,Financial Services
2025-11-24 20:55:16.451527,MUTHOOTFIN,INCREASE POSITION,85.46478259160116,3614.4,19.801676,23.806,10.0,🟢 STRONG BUY (UNDERVALUED) (DIVERSIFIES),0,Financial Services
2025-11-24 20:55:16.537455,AXISBANK,INCREASE POSITION,73.01257757685974,1269.0,15.208532,14.004,0.0,🟢 STRONG BUY (UNDERVALUED) (DIVERSIFIES),0,Financial Services
2025-11-24 20:55:16.623521,ICICIBANK,INCREASE POSITION,76.04859574716941,1368.4,18.504396,17.599002,0.0,🟢 STRONG BUY (UNDERVALUED) (DIVERSIFIES),0,Financial Services
2025-11-24 20:55:16.700978,UJJIVANSFB,INCREASE POSITION,66.57806194877993,53.82,25.14953,6.832000000000001,0.0,🟢 BUY (VALUE) (DIVERSIFIES),0,Financial Services
2025-11-24 20:55:16.781478,SBIN,BOOK 31% PROFITS,85.35797342464582,970.6,10.800044,15.675999,0.0,🟢 STRONG BUY (UNDERVALUED) (DIVERSIFIES),0,Financial Services
2025-11-24 20:55:16.862406,FEDERALBNK,BOOK 30% PROFITS,76.50591897455735,248.17,15.530038,11.451,0.0,🟢 STRONG BUY (UNDERVALUED) (ML: 68%),0,Financial Services
2025-11-24 20:55:16.932629,HDFCBANK,INCREASE POSITION,71.52150072815753,999.15,22.858614,10.8430006,0.0,🟢 STRONG BUY (UNDERVALUED) (DIVERSIFIES),0,Financial Services
2025-11-24 20:55:17.013797,KARURVYSYA,INCREASE POSITION,87.02050060236809,243.52,11.175769,17.764,0.0,🟢 STRONG BUY (UNDERVALUED) (DIVERSIFIES),0,Financial Services
2025-11-24 20:55:17.085275,BANKINDIA,BOOK 53% PROFITS,87.19201790915973,145.85,6.886214,12.234,0.0,🟢 STRONG BUY (UNDERVALUED) (DIVERSIFIES),0,Financial Services
2025-11-24 20:55:17.172463,INDUSINDBK,INCREASE POSITION,69.2157344532532,836.05,8.656554,-1.161,0.0,🟢 BUY (VALUE) (DIVERSIFIES),0,Financial Services
2025-11-24 20:55:17.255803,CANBK,BOOK 38% PROFITS,90.32812128023586,146.67,6.212198,17.573999,0.0,🟢 STRONG BUY (UNDERVALUED) (DIVERSIFIES),0,Financial Services
2025-11-24 20:55:17.341590,GPPL,INCREASE POSITION,83.30714314868526,179.88,18.243408,20.214,2.111,🟢 STRONG BUY (UNDERVALUED) (DIVERSIFIES),0,Industrials
2025-11-24 20:55:17.424712,CUB,BOOK 33% PROFITS,85.22647204675329,271.45,16.745838,12.852,0.0,🟢 STRONG BUY (UNDERVALUED) (DIVERSIFIES),0,Financial Services
2025-11-24 20:55:17.510592,NATIONALUM,INCREASE POSITION,88.911853827817,251.06,7.541604,34.459,0.282,🟢 STRONG BUY (UNDERVALUED) (DIVERSIFIES),0,Basic Materials
2025-11-24 20:55:17.599122,MAHSEAMLES,INCREASE POSITION,86.97050815133274,571.05,9.768217,12.531999999999998,0.151,🟢 STRONG BUY (UNDERVALUED) (DIVERSIFIES),0,Basic Materials
2025-11-24 20:55:17.672691,IDBI,INCREASE POSITION,85.64779883484232,98.93,11.450231,15.128,0.0,🟢 STRONG BUY (UNDERVALUED) (DIVERSIFIES),0,Financial Services
2025-11-24 20:55:17.749872,GICRE,INCREASE POSITION,85.061309667554,378.05,6.9227242,10.281,0.0,🟢 BUY (VALUE) (DIVERSIFIES),0,Financial Services
2025-11-24 20:55:17.825120,INDIANB,INCREASE POSITION,84.46765119417599,854.75,10.208407,15.754,0.0,🟢 STRONG BUY (UNDERVALUED) (DIVERSIFIES),0,Financial Services
2025-11-24 20:55:17.897918,LICI,INCREASE POSITION,79.91313636019615,895.05,11.082838,44.623002,0.0,🟢 STRONG BUY (UNDERVALUED) (DIVERSIFIES),0,Financial Services
2025-11-24 20:55:17.972212,PNB,BOOK 31% PROFITS,82.05341644532045,121.75,8.204178,12.666,0.0,🟢 STRONG BUY (UNDERVALUED) (DIVERSIFIES),0,Financial Services
2025-11-24 20:55:18.037088,MAHABANK,INCREASE POSITION,86.36809896508612,58.22,7.3417406,22.427,0.0,🟢 STRONG BUY (UNDERVALUED) (DIVERSIFIES),0,Financial Services
2025-11-24 20:55:18.095685,AUROPHARMA,INCREASE POSITION,75.11990996965602,1194.0,20.247583,10.379,10.0,🟢 STRONG BUY (UNDERVALUED) (DIVERSIFIES),0,Healthcare
2025-11-24 20:55:18.179569,AUBANK,BOOK 51% PROFITS,63.87502389139915,925.1,31.779455,12.654000000000002,0.0,🟢 STRONG BUY (DIVERSIFIES),0,Financial Services
2025-11-24 20:55:18.244202,UNIONBANK,INCREASE POSITION,78.48536756661969,150.99,6.2315316,15.831,0.0,🟢 STRONG BUY (UNDERVALUED) (DIVERSIFIES),0,Financial Services
2025-11-24 20:55:18.311618,INDUSTOWER,INCREASE POSITION,75.6841882374851,400.1,11.299068,29.018998,10.0,🟢 STRONG BUY (UNDERVALUED) (DIVERSIFIES),0,Communication Services
2025-11-24 20:55:18.373179,BANKBARODA,BOOK 36% PROFITS,79.04252765389798,281.9,7.5779567,13.079001000000002,0.0,🟢 STRONG BUY (UNDERVALUED) (DIVERSIFIES),0,Financial Services
2025-11-24 20:55:18.472928,ACC,NEW POSITION,,1913.7,10.80271,18.207,2.435,🟢 STRONG BUY (UNDERVALUED) (DIVERSIFIES),0,Basic Materials
2025-11-24 21:55:38.702596,MUTHOOTFIN,INCREASE POSITION,85.46478259160116,3614.4,19.801676,23.806,10.0,🟢 STRONG BUY (UNDERVALUED) (DIVERSIFIES),0,Financial Services
2025-11-24 21:55:38.748941,AXISBANK,INCREASE POSITION,73.01257757685974,1269.0,15.208532,14.004,0.0,🟢 STRONG BUY (UNDERVALUED) (DIVERSIFIES),0,Financial Services
2025-11-24 21:55:38.801303,ICICIBANK,INCREASE POSITION,76.04859574716941,1368.4,18.504396,17.599002,0.0,🟢 STRONG BUY (UNDERVALUED) (DIVERSIFIES),0,Financial Services
2025-11-24 21:55:38.839598,UJJIVANSFB,INCREASE POSITION,66.57806194877993,53.82,25.14953,6.832000000000001,0.0,🟢 BUY (VALUE) (DIVERSIFIES),0,Financial Services
2025-11-24 21:55:38.872279,SBIN,BOOK 31% PROFITS,85.35797342464582,970.6,10.800044,15.675999,0.0,🟢 STRONG BUY (UNDERVALUED) (DIVERSIFIES),0,Financial Services
2025-11-24 21:55:38.902901,FEDERALBNK,BOOK 30% PROFITS,76.50591897455735,248.17,15.530038,11.451,0.0,🟢 STRONG BUY (UNDERVALUED) (ML: 68%),0,Financial Services
2025-11-24 21:55:38.940619,HDFCBANK,INCREASE POSITION,71.52150072815753,999.15,22.858614,10.8430006,0.0,🟢 STRONG BUY (UNDERVALUED) (DIVERSIFIES),0,Financial Services
2025-11-24 21:55:38.973733,KARURVYSYA,INCREASE POSITION,87.02050060236809,243.52,11.175769,17.764,0.0,🟢 STRONG BUY (UNDERVALUED) (DIVERSIFIES),0,Financial Services
2025-11-24 21:55:39.023545,BANKINDIA,BOOK 53% PROFITS,87.19201790915973,145.85,6.886214,12.234,0.0,🟢 STRONG BUY (UNDERVALUED) (DIVERSIFIES),0,Financial Services
2025-11-24 21:55:39.055764,INDUSINDBK,INCREASE POSITION,69.2157344532532,836.05,8.656554,-1.161,0.0,🟢 BUY (VALUE) (DIVERSIFIES),0,Financial Services
2025-11-24 21:55:39.076667,CANBK,BOOK 38% PROFITS,90.32812128023586,146.67,6.212198,17.573999,0.0,🟢 STRONG BUY (UNDERVALUED) (DIVERSIFIES),0,Financial Services
2025-11-24 21:55:39.127103,GPPL,INCREASE POSITION,83.30714314868526,179.88,18.243408,20.214,2.111,🟢 STRONG BUY (UNDERVALUED) (DIVERSIFIES),0,Industrials
2025-11-24 21:55:39.166856,CUB,BOOK 33% PROFITS,85.22647204675329,271.45,16.745838,12.852,0.0,🟢 STRONG BUY (UNDERVALUED) (DIVERSIFIES),0,Financial Services
2025-11-24 21:55:39.206490,NATIONALUM,INCREASE POSITION,88.911853827817,251.06,7.541604,34.459,0.282,🟢 STRONG BUY (UNDERVALUED) (DIVERSIFIES),0,Basic Materials
2025-11-24 21:55:39.254610,MAHSEAMLES,INCREASE POSITION,86.97050815133274,571.05,9.768217,12.531999999999998,0.151,🟢 STRONG BUY (UNDERVALUED) (DIVERSIFIES),0,Basic Materials
2025-11-24 21:55:39.315332,IDBI,INCREASE POSITION,85.64779883484232,98.93,11.450231,15.128,0.0,🟢 STRONG BUY (UNDERVALUED) (DIVERSIFIES),0,Financial Services
2025-11-24 21:55:39.372808,GICRE,INCREASE POSITION,85.061309667554,378.05,6.9227242,10.281,0.0,🟢 BUY (VALUE) (DIVERSIFIES),0,Financial Services
2025-11-24 21:55:39.418240,INDIANB,INCREASE POSITION,84.46765119417599,854.75,10.208407,15.754,0.0,🟢 STRONG BUY (UNDERVALUED) (DIVERSIFIES),0,Financial Services
2025-11-24 21:55:39.454751,LICI,INCREASE POSITION,79.91313636019615,895.05,11.082838,44.623002,0.0,🟢 STRONG BUY (UNDERVALUED) (DIVERSIFIES),0,Financial Services
2025-11-24 21:55:39.486697,PNB,BOOK 31% PROFITS,82.05341644532045,121.75,8.204178,12.666,0.0,🟢 STRONG BUY (UNDERVALUED) (DIVERSIFIES),0,Financial Services
2025-11-24 21:55:39.535953,MAHABANK,INCREASE POSITION,86.36809896508612,58.22,7.3417406,22.427,0.0,🟢 STRONG BUY (UNDERVALUED) (DIVERSIFIES),0,Financial Services
2025-11-24 21:55:39.579150,AUROPHARMA,INCREASE POSITION,75.11990996965602,1194.0,20.247583,10.379,10.0,🟢 STRONG BUY (UNDERVALUED) (DIVERSIFIES),0,Healthcare
2025-11-24 21:55:39.624834,AUBANK,BOOK 51% PROFITS,63.87502389139915,925.1,31.779455,12.654000000000002,0.0,🟢 STRONG BUY (DIVERSIFIES),0,Financial Services
2025-11-24 21:55:39.660646,UNIONBANK,INCREASE POSITION,78.48536756661969,150.99,6.2315316,15.831,0.0,🟢 STRONG BUY (UNDERVALUED) (DIVERSIFIES),0,Financial Services
2025-11-24 21:55:39.689611,INDUSTOWER,INCREASE POSITION,75.6841882374851,400.1,11.299068,29.018998,10.0,🟢 STRONG BUY (UNDERVALUED) (DIVERSIFIES),0,Communication Services
2025-11-24 21:55:39.737387,BANKBARODA,BOOK 36% PROFITS,79.04252765389798,281.9,7.5779567,13.079001000000002,0.0,🟢 STRONG BUY (UNDERVALUED) (DIVERSIFIES),0,Financial Services
2025-11-24 22:10:34.846123,MUTHOOTFIN,INCREASE POSITION,85.46478259160116,3614.4,19.801676,23.806,10.0,🟢 STRONG BUY (UNDERVALUED) (DIVERSIFIES),0,Financial Services
2025-11-24 22:10:34.906537,AXISBANK,INCREASE POSITION,73.01257757685974,1269.0,15.208532,14.004,0.0,🟢 STRONG BUY (UNDERVALUED) (DIVERSIFIES),0,Financial Services
2025-11-24 22:10:34.969371,ICICIBANK,INCREASE POSITION,76.04859574716941,1368.4,18.504396,17.599002,0.0,🟢 STRONG BUY (UNDERVALUED) (DIVERSIFIES),0,Financial Services
2025-11-24 22:10:35.017730,UJJIVANSFB,INCREASE POSITION,66.57806194877993,53.82,25.14953,6.832000000000001,0.0,🟢 BUY (VALUE) (DIVERSIFIES),0,Financial Services
2025-11-24 22:10:35.084517,SBIN,BOOK 31% PROFITS,85.35797342464582,970.6,10.800044,15.675999,0.0,🟢 STRONG BUY (UNDERVALUED) (DIVERSIFIES),0,Financial Services
2025-11-24 22:10:35.153643,FEDERALBNK,BOOK 30% PROFITS,76.50591897455735,248.17,15.530038,11.451,0.0,🟢 STRONG BUY (UNDERVALUED) (ML: 68%),0,Financial Services
2025-11-24 22:10:35.218811,HDFCBANK,INCREASE POSITION,71.52150072815753,999.15,22.858614,10.8430006,0.0,🟢 STRONG BUY (UNDERVALUED) (DIVERSIFIES),0,Financial Services
2025-11-24 22:10:35.277829,KARURVYSYA,INCREASE POSITION,87.02050060236809,243.52,11.175769,17.764,0.0,🟢 STRONG BUY (UNDERVALUED) (DIVERSIFIES),0,Financial Services
2025-11-24 22:10:35.347384,BANKINDIA,BOOK 53% PROFITS,87.19201790915973,145.85,6.886214,12.234,0.0,🟢 STRONG BUY (UNDERVALUED) (DIVERSIFIES),0,Financial Services
2025-11-24 22:10:35.412287,INDUSINDBK,INCREASE POSITION,69.2157344532532,836.05,8.656554,-1.161,0.0,🟢 BUY (VALUE) (DIVERSIFIES),0,Financial Services
2025-11-24 22:10:35.488274,CANBK,BOOK 38% PROFITS,90.32812128023586,146.67,6.212198,17.573999,0.0,🟢 STRONG BUY (UNDERVALUED) (DIVERSIFIES),0,Financial Services
2025-11-24 22:10:35.544827,GPPL,INCREASE POSITION,83.30714314868526,179.88,18.243408,20.214,2.111,🟢 STRONG BUY (UNDERVALUED) (DIVERSIFIES),0,Industrials
2025-11-24 22:10:35.605980,CUB,BOOK 33% PROFITS,85.22647204675329,271.45,16.745838,12.852,0.0,🟢 STRONG BUY (UNDERVALUED) (DIVERSIFIES),0,Financial Services
2025-11-24 22:10:35.667516,NATIONALUM,INCREASE POSITION,88.911853827817,251.06,7.541604,34.459,0.282,🟢 STRONG BUY (UNDERVALUED) (DIVERSIFIES),0,Basic Materials
2025-11-24 22:10:35.733451,MAHSEAMLES,INCREASE POSITION,86.97050815133274,571.05,9.768217,12.531999999999998,0.151,🟢 STRONG BUY (UNDERVALUED) (DIVERSIFIES),0,Basic Materials
2025-11-24 22:10:35.796151,IDBI,INCREASE POSITION,85.64779883484232,98.93,11.450231,15.128,0.0,🟢 STRONG BUY (UNDERVALUED) (DIVERSIFIES),0,Financial Services
2025-11-24 22:10:35.859286,GICRE,INCREASE POSITION,85.061309667554,378.05,6.9227242,10.281,0.0,🟢 BUY (VALUE) (DIVERSIFIES),0,Financial Services
2025-11-24 22:10:35.925808,INDIANB,INCREASE POSITION,84.46765119417599,854.75,10.208407,15.754,0.0,🟢 STRONG BUY (UNDERVALUED) (DIVERSIFIES),0,Financial Services
2025-11-24 22:10:35.976427,LICI,INCREASE POSITION,79.91313636019615,895.05,11.082838,44.623002,0.0,🟢 STRONG BUY (UNDERVALUED) (DIVERSIFIES),0,Financial Services
2025-11-24 22:10:36.035681,PNB,BOOK 31% PROFITS,82.05341644532045,121.75,8.204178,12.666,0.0,🟢 STRONG BUY (UNDERVALUED) (DIVERSIFIES),0,Financial Services
2025-11-24 22:10:36.101508,MAHABANK,INCREASE POSITION,86.36809896508612,58.22,7.3417406,22.427,0.0,🟢 STRONG BUY (UNDERVALUED) (DIVERSIFIES),0,Financial Services
2025-11-24 22:10:36.181574,AUROPHARMA,INCREASE POSITION,75.11990996965602,1194.0,20.247583,10.379,10.0,🟢 STRONG BUY (UNDERVALUED) (DIVERSIFIES),0,Healthcare
2025-11-24 22:10:36.257623,AUBANK,BOOK 51% PROFITS,63.87502389139915,925.1,31.779455,12.654000000000002,0.0,🟢 STRONG BUY (DIVERSIFIES),0,Financial Services
2025-11-24 22:10:36.308198,UNIONBANK,INCREASE POSITION,78.48536756661969,150.99,6.2315316,15.831,0.0,🟢 STRONG BUY (UNDERVALUED) (DIVERSIFIES),0,Financial Services
2025-11-24 22:10:36.365213,INDUSTOWER,INCREASE POSITION,75.6841882374851,400.1,11.299068,29.018998,10.0,🟢 STRONG BUY (UNDERVALUED) (DIVERSIFIES),0,Communication Services
2025-11-24 22:10:36.426615,BANKBARODA,BOOK 36% PROFITS,79.04252765389798,281.9,7.5779567,13.079001000000002,0.0,🟢 STRONG BUY (UNDERVALUED) (DIVERSIFIES),0,Financial Services
2025-11-24 22:10:36.477579,ACC,NEW POSITION,,1913.7,10.80271,18.207,2.435,🟢 STRONG BUY (UNDERVALUED) (DIVERSIFIES),0,Basic Materials
2025-11-24 22:38:42.066736,MUTHOOTFIN,INCREASE POSITION,85.46478259160116,3614.4,19.801676,23.806,10.0,🟢 STRONG BUY (UNDERVALUED) (DIVERSIFIES),0,Financial Services
2025-11-24 22:38:42.105492,AXISBANK,INCREASE POSITION,73.01257757685974,1269.0,15.208532,14.004,0.0,🟢 STRONG BUY (UNDERVALUED) (DIVERSIFIES),0,Financial Services
2025-11-24 22:38:42.152025,ICICIBANK,INCREASE POSITION,76.04859574716941,1368.4,18.504396,17.599002,0.0,🟢 STRONG BUY (UNDERVALUED) (DIVERSIFIES),0,Financial Services
2025-11-24 22:38:42.192509,UJJIVANSFB,INCREASE POSITION,66.57806194877993,53.82,25.14953,6.832000000000001,0.0,🟢 BUY (VALUE) (DIVERSIFIES),0,Financial Services
2025-11-24 22:38:42.224343,SBIN,BOOK 31% PROFITS,85.35797342464582,970.6,10.800044,15.675999,0.0,🟢 STRONG BUY (UNDERVALUED) (DIVERSIFIES),0,Financial Services
2025-11-24 22:38:42.259939,FEDERALBNK,BOOK 30% PROFITS,76.50591897455735,248.17,15.530038,11.451,0.0,🟢 STRONG BUY (UNDERVALUED) (ML: 68%),0,Financial Services
2025-11-24 22:38:42.294110,HDFCBANK,INCREASE POSITION,71.52150072815753,999.15,22.858614,10.8430006,0.0,🟢 STRONG BUY (UNDERVALUED) (DIVERSIFIES),0,Financial Services
2025-11-24 22:38:42.325637,KARURVYSYA,INCREASE POSITION,87.02050060236809,243.52,11.175769,17.764,0.0,🟢 STRONG BUY (UNDERVALUED) (DIVERSIFIES),0,Financial Services
2025-11-24 22:38:42.354638,BANKINDIA,BOOK 53% PROFITS,87.19201790915973,145.85,6.886214,12.234,0.0,🟢 STRONG BUY (UNDERVALUED) (DIVERSIFIES),0,Financial Services
2025-11-24 22:38:42.384775,INDUSINDBK,INCREASE POSITION,69.2157344532532,836.05,8.656554,-1.161,0.0,🟢 BUY (VALUE) (DIVERSIFIES),0,Financial Services
2025-11-24 22:38:42.438882,CANBK,BOOK 38% PROFITS,90.32812128023586,146.67,6.212198,17.573999,0.0,🟢 STRONG BUY (UNDERVALUED) (DIVERSIFIES),0,Financial Services
2025-11-24 22:38:42.462845,GPPL,INCREASE POSITION,83.30714314868526,179.88,18.243408,20.214,2.111,🟢 STRONG BUY (UNDERVALUED) (DIVERSIFIES),0,Industrials
2025-11-24 22:38:42.494662,CUB,BOOK 33% PROFITS,85.22647204675329,271.45,16.745838,12.852,0.0,🟢 STRONG BUY (UNDERVALUED) (DIVERSIFIES),0,Financial Services
2025-11-24 22:38:42.538014,NATIONALUM,INCREASE POSITION,88.911853827817,251.06,7.541604,34.459,0.282,🟢 STRONG BUY (UNDERVALUED) (DIVERSIFIES),0,Basic Materials
2025-11-24 22:38:42.570466,MAHSEAMLES,INCREASE POSITION,86.97050815133274,571.05,9.768217,12.531999999999998,0.151,🟢 STRONG BUY (UNDERVALUED) (DIVERSIFIES),0,Basic Materials
2025-11-24 22:38:42.602187,IDBI,INCREASE POSITION,85.64779883484232,98.93,11.450231,15.128,0.0,🟢 STRONG BUY (UNDERVALUED) (DIVERSIFIES),0,Financial Services
2025-11-24 22:38:42.618377,GICRE,INCREASE POSITION,85.061309667554,378.05,6.9227242,10.281,0.0,🟢 BUY (VALUE) (DIVERSIFIES),0,Financial Services
2025-11-24 22:38:42.671300,INDIANB,INCREASE POSITION,84.46765119417599,854.75,10.208407,15.754,0.0,🟢 STRONG BUY (UNDERVALUED) (DIVERSIFIES),0,Financial Services
2025-11-24 22:38:42.716536,LICI,INCREASE POSITION,79.91313636019615,895.05,11.082838,44.623002,0.0,🟢 STRONG BUY (UNDERVALUED) (DIVERSIFIES),0,Financial Services
2025-11-24 22:38:42.749633,PNB,BOOK 31% PROFITS,82.05341644532045,121.75,8.204178,12.666,0.0,🟢 STRONG BUY (UNDERVALUED) (DIVERSIFIES),0,Financial Services
2025-11-24 22:38:42.781518,MAHABANK,INCREASE POSITION,86.36809896508612,58.22,7.3417406,22.427,0.0,🟢 STRONG BUY (UNDERVALUED) (DIVERSIFIES),0,Financial Services
2025-11-24 22:38:42.815297,AUROPHARMA,INCREASE POSITION,75.11990996965602,1194.0,20.247583,10.379,10.0,🟢 STRONG BUY (UNDERVALUED) (DIVERSIFIES),0,Healthcare
2025-11-24 22:38:42.845175,AUBANK,BOOK 51% PROFITS,63.87502389139915,925.1,31.779455,12.654000000000002,0.0,🟢 STRONG BUY (DIVERSIFIES),0,Financial Services
2025-11-24 22:38:42.878632,UNIONBANK,INCREASE POSITION,78.48536756661969,150.99,6.2315316,15.831,0.0,🟢 STRONG BUY (UNDERVALUED) (DIVERSIFIES),0,Financial Services
2025-11-24 22:38:42.918755,INDUSTOWER,INCREASE POSITION,75.6841882374851,400.1,11.299068,29.018998,10.0,🟢 STRONG BUY (UNDERVALUED) (DIVERSIFIES),0,Communication Services
2025-11-24 22:38:42.950575,BANKBARODA,BOOK 36% PROFITS,79.04252765389798,281.9,7.5779567,13.079001000000002,0.0,🟢 STRONG BUY (UNDERVALUED) (DIVERSIFIES),0,Financial Services
2025-11-24 22:38:42.985321,ACC,NEW POSITION,,1913.7,10.80271,18.207,2.435,🟢 STRONG BUY (UNDERVALUED) (DIVERSIFIES),0,Basic Materials
2025-11-24 22:58:55.643473,MUTHOOTFIN,INCREASE POSITION,85.46478259160116,3614.4,19.801676,23.806,10.0,🟢 STRONG BUY (UNDERVALUED) (DIVERSIFIES),0,Financial Services
2025-11-24 22:58:55.682059,AXISBANK,INCREASE POSITION,73.01257757685974,1269.0,15.208532,14.004,0.0,🟢 STRONG BUY (UNDERVALUED) (DIVERSIFIES),0,Financial Services
2025-11-24 22:58:55.720805,ICICIBANK,INCREASE POSITION,76.04859574716941,1368.4,18.504396,17.599002,0.0,🟢 STRONG BUY (UNDERVALUED) (DIVERSIFIES),0,Financial Services
2025-11-24 22:58:55.763177,UJJIVANSFB,INCREASE POSITION,66.57806194877993,53.82,25.14953,6.832000000000001,0.0,🟢 BUY (VALUE) (DIVERSIFIES),0,Financial Services
2025-11-24 22:58:55.795700,SBIN,BOOK 31% PROFITS,85.35797342464582,970.6,10.800044,15.675999,0.0,🟢 STRONG BUY (UNDERVALUED) (DIVERSIFIES),0,Financial Services
2025-11-24 22:58:55.827417,FEDERALBNK,BOOK 30% PROFITS,76.50591897455735,248.17,15.530038,11.451,0.0,🟢 STRONG BUY (UNDERVALUED) (ML: 68%),0,Financial Services
2025-11-24 22:58:55.861135,HDFCBANK,INCREASE POSITION,71.52150072815753,999.15,22.858614,10.8430006,0.0,🟢 STRONG BUY (UNDERVALUED) (DIVERSIFIES),0,Financial Services
2025-11-24 22:58:55.907963,KARURVYSYA,INCREASE POSITION,87.02050060236809,243.52,11.175769,17.764,0.0,🟢 STRONG BUY (UNDERVALUED) (DIVERSIFIES),0,Financial Services
2025-11-24 22:58:55.947047,BANKINDIA,BOOK 53% PROFITS,87.19201790915973,145.85,6.886214,12.234,0.0,🟢 STRONG BUY (UNDERVALUED) (DIVERSIFIES),0,Financial Services
2025-11-24 22:58:55.989244,INDUSINDBK,INCREASE POSITION,69.2157344532532,836.05,8.656554,-1.161,0.0,🟢 BUY (VALUE) (DIVERSIFIES),0,Financial Services
2025-11-24 22:58:56.029303,CANBK,BOOK 38% PROFITS,90.32812128023586,146.67,6.212198,17.573999,0.0,🟢 STRONG BUY (UNDERVALUED) (DIVERSIFIES),0,Financial Services
2025-11-24 22:58:56.060901,GPPL,INCREASE POSITION,83.30714314868526,179.88,18.243408,20.214,2.111,🟢 STRONG BUY (UNDERVALUED) (DIVERSIFIES),0,Industrials
2025-11-24 22:58:56.092490,CUB,BOOK 33% PROFITS,85.22647204675329,271.45,16.745838,12.852,0.0,🟢 STRONG BUY (UNDERVALUED) (DIVERSIFIES),0,Financial Services
2025-11-24 22:58:56.124110,NATIONALUM,INCREASE POSITION,88.911853827817,251.06,7.541604,34.459,0.282,🟢 STRONG BUY (UNDERVALUED) (DIVERSIFIES),0,Basic Materials
2025-11-24 22:58:56.155777,MAHSEAMLES,INCREASE POSITION,86.97050815133274,571.05,9.768217,12.531999999999998,0.151,🟢 STRONG BUY (UNDERVALUED) (DIVERSIFIES),0,Basic Materials
2025-11-24 22:58:56.197204,IDBI,INCREASE POSITION,85.64779883484232,98.93,11.450231,15.128,0.0,🟢 STRONG BUY (UNDERVALUED) (DIVERSIFIES),0,Financial Services
2025-11-24 22:58:56.243203,GICRE,INCREASE POSITION,85.061309667554,378.05,6.9227242,10.281,0.0,🟢 BUY (VALUE) (DIVERSIFIES),0,Financial Services
2025-11-24 22:58:56.280633,INDIANB,INCREASE POSITION,84.46765119417599,854.75,10.208407,15.754,0.0,🟢 STRONG BUY (UNDERVALUED) (DIVERSIFIES),0,Financial Services
2025-11-24 22:58:56.313804,LICI,INCREASE POSITION,79.91313636019615,895.05,11.082838,44.623002,0.0,🟢 STRONG BUY (UNDERVALUED) (DIVERSIFIES),0,Financial Services
2025-11-24 22:58:56.348484,PNB,BOOK 31% PROFITS,82.05341644532045,121.75,8.204178,12.666,0.0,🟢 STRONG BUY (UNDERVALUED) (DIVERSIFIES),0,Financial Services
2025-11-24 22:58:56.397115,MAHABANK,INCREASE POSITION,86.36809896508612,58.22,7.3417406,22.427,0.0,🟢 STRONG BUY (UNDERVALUED) (DIVERSIFIES),0,Financial Services
2025-11-24 22:58:56.430450,AUROPHARMA,INCREASE POSITION,75.11990996965602,1194.0,20.247583,10.379,10.0,🟢 STRONG BUY (UNDERVALUED) (DIVERSIFIES),0,Healthcare
2025-11-24 22:58:56.464116,AUBANK,BOOK 51% PROFITS,63.87502389139915,925.1,31.779455,12.654000000000002,0.0,🟢 STRONG BUY (DIVERSIFIES),0,Financial Services
2025-11-24 22:58:56.514647,UNIONBANK,INCREASE POSITION,78.48536756661969,150.99,6.2315316,15.831,0.0,🟢 STRONG BUY (UNDERVALUED) (DIVERSIFIES),0,Financial Services
2025-11-24 22:58:56.559396,INDUSTOWER,INCREASE POSITION,75.6841882374851,400.1,11.299068,29.018998,10.0,🟢 STRONG BUY (UNDERVALUED) (DIVERSIFIES),0,Communication Services
2025-11-24 22:58:56.597286,BANKBARODA,BOOK 36% PROFITS,79.04252765389798,281.9,7.5779567,13.079001000000002,0.0,🟢 STRONG BUY (UNDERVALUED) (DIVERSIFIES),0,Financial Services
2025-11-24 22:58:56.630664,ACC,NEW POSITION,,1913.7,10.80271,18.207,2.435,🟢 STRONG BUY (UNDERVALUED) (DIVERSIFIES),0,Basic Materials
2025-11-24 23:07:24.269854,MUTHOOTFIN,INCREASE POSITION,85.46478259160116,3614.4,19.801676,23.806,10.0,🟢 STRONG BUY (UNDERVALUED) (DIVERSIFIES),0,Financial Services
2025-11-24 23:07:24.322580,AXISBANK,INCREASE POSITION,73.01257757685974,1269.0,15.208532,14.004,0.0,🟢 STRONG BUY (UNDERVALUED) (DIVERSIFIES),0,Financial Services
2025-11-24 23:07:24.367757,ICICIBANK,INCREASE POSITION,76.04859574716941,1368.4,18.504396,17.599002,0.0,🟢 STRONG BUY (UNDERVALUED) (DIVERSIFIES),0,Financial Services
2025-11-24 23:07:24.408273,UJJIVANSFB,INCREASE POSITION,66.57806194877993,53.82,25.14953,6.832000000000001,0.0,🟢 BUY (VALUE) (DIVERSIFIES),0,Financial Services
2025-11-24 23:07:24.440686,SBIN,BOOK 31% PROFITS,85.35797342464582,970.6,10.800044,15.675999,0.0,🟢 STRONG BUY (UNDERVALUED) (DIVERSIFIES),0,Financial Services
2025-11-24 23:07:24.480972,FEDERALBNK,BOOK 30% PROFITS,76.50591897455735,248.17,15.530038,11.451,0.0,🟢 STRONG BUY (UNDERVALUED) (ML: 68%),0,Financial Services
2025-11-24 23:07:24.513947,HDFCBANK,INCREASE POSITION,71.52150072815753,999.15,22.858614,10.8430006,0.0,🟢 STRONG BUY (UNDERVALUED) (DIVERSIFIES),0,Financial Services
2025-11-24 23:07:24.545597,KARURVYSYA,INCREASE POSITION,87.02050060236809,243.52,11.175769,17.764,0.0,🟢 STRONG BUY (UNDERVALUED) (DIVERSIFIES),0,Financial Services
2025-11-24 23:07:24.596781,BANKINDIA,BOOK 53% PROFITS,87.19201790915973,145.85,6.886214,12.234,0.0,🟢 STRONG BUY (UNDERVALUED) (DIVERSIFIES),0,Financial Services
2025-11-24 23:07:24.630082,INDUSINDBK,INCREASE POSITION,69.2157344532532,836.05,8.656554,-1.161,0.0,🟢 BUY (VALUE) (DIVERSIFIES),0,Financial Services
2025-11-24 23:07:24.670849,CANBK,BOOK 38% PROFITS,90.32812128023586,146.67,6.212198,17.573999,0.0,🟢 STRONG BUY (UNDERVALUED) (DIVERSIFIES),0,Financial Services
2025-11-24 23:07:24.702476,GPPL,INCREASE POSITION,83.30714314868526,179.88,18.243408,20.214,2.111,🟢 STRONG BUY (UNDERVALUED) (DIVERSIFIES),0,Industrials
2025-11-24 23:07:24.734093,CUB,BOOK 33% PROFITS,85.22647204675329,271.45,16.745838,12.852,0.0,🟢 STRONG BUY (UNDERVALUED) (DIVERSIFIES),0,Financial Services
2025-11-24 23:07:24.765708,NATIONALUM,INCREASE POSITION,88.911853827817,251.06,7.541604,34.459,0.282,🟢 STRONG BUY (UNDERVALUED) (DIVERSIFIES),0,Basic Materials
2025-11-24 23:07:24.797378,MAHSEAMLES,INCREASE POSITION,86.97050815133274,571.05,9.768217,12.531999999999998,0.151,🟢 STRONG BUY (UNDERVALUED) (DIVERSIFIES),0,Basic Materials
2025-11-24 23:07:24.844763,IDBI,INCREASE POSITION,85.64779883484232,98.93,11.450231,15.128,0.0,🟢 STRONG BUY (UNDERVALUED) (DIVERSIFIES),0,Financial Services
2025-11-24 23:07:24.889068,GICRE,INCREASE POSITION,85.061309667554,378.05,6.9227242,10.281,0.0,🟢 BUY (VALUE) (DIVERSIFIES),0,Financial Services
2025-11-24 23:07:24.921934,INDIANB,INCREASE POSITION,84.46765119417599,854.75,10.208407,15.754,0.0,🟢 STRONG BUY (UNDERVALUED) (DIVERSIFIES),0,Financial Services
2025-11-24 23:07:24.952985,LICI,INCREASE POSITION,79.91313636019615,895.05,11.082838,44.623002,0.0,🟢 STRONG BUY (UNDERVALUED) (DIVERSIFIES),0,Financial Services
2025-11-24 23:07:25.000577,PNB,BOOK 31% PROFITS,82.05341644532045,121.75,8.204178,12.666,0.0,🟢 STRONG BUY (UNDERVALUED) (DIVERSIFIES),0,Financial Services
2025-11-24 23:07:25.032209,MAHABANK,INCREASE POSITION,86.36809896508612,58.22,7.3417406,22.427,0.0,🟢 STRONG BUY (UNDERVALUED) (DIVERSIFIES),0,Financial Services
2025-11-24 23:07:25.071729,AUROPHARMA,INCREASE POSITION,75.11990996965602,1194.0,20.247583,10.379,10.0,🟢 STRONG BUY (UNDERVALUED) (DIVERSIFIES),0,Healthcare
2025-11-24 23:07:25.131200,AUBANK,BOOK 51% PROFITS,63.87502389139915,925.1,31.779455,12.654000000000002,0.0,🟢 STRONG BUY (DIVERSIFIES),0,Financial Services
2025-11-24 23:07:25.193832,UNIONBANK,INCREASE POSITION,78.48536756661969,150.99,6.2315316,15.831,0.0,🟢 STRONG BUY (UNDERVALUED) (DIVERSIFIES),0,Financial Services
2025-11-24 23:07:25.245871,INDUSTOWER,INCREASE POSITION,75.6841882374851,400.1,11.299068,29.018998,10.0,🟢 STRONG BUY (UNDERVALUED) (DIVERSIFIES),0,Communication Services
2025-11-24 23:07:25.273221,BANKBARODA,BOOK 36% PROFITS,79.04252765389798,281.9,7.5779567,13.079001000000002,0.0,🟢 STRONG BUY (UNDERVALUED) (DIVERSIFIES),0,Financial Services
2025-11-24 23:07:25.321139,ACC,NEW POSITION,,1913.7,10.80271,18.207,2.435,🟢 STRONG BUY (UNDERVALUED) (DIVERSIFIES),0,Basic Materials
2025-11-24 23:18:19.953217,MUTHOOTFIN,INCREASE POSITION,85.46478259160116,3614.4,19.801676,23.806,10.0,🟢 STRONG BUY (UNDERVALUED) (DIVERSIFIES),0,Financial Services
2025-11-24 23:18:20.001520,AXISBANK,INCREASE POSITION,73.01257757685974,1269.0,15.208532,14.004,0.0,🟢 STRONG BUY (UNDERVALUED) (DIVERSIFIES),0,Financial Services
2025-11-24 23:18:20.040321,ICICIBANK,INCREASE POSITION,76.04859574716941,1368.4,18.504396,17.599002,0.0,🟢 STRONG BUY (UNDERVALUED) (DIVERSIFIES),0,Financial Services
2025-11-24 23:18:20.078696,UJJIVANSFB,INCREASE POSITION,66.57806194877993,53.82,25.14953,6.832000000000001,0.0,🟢 BUY (VALUE) (DIVERSIFIES),0,Financial Services
2025-11-24 23:18:20.113863,SBIN,BOOK 31% PROFITS,85.35797342464582,970.6,10.800044,15.675999,0.0,🟢 STRONG BUY (UNDERVALUED) (DIVERSIFIES),0,Financial Services
2025-11-24 23:18:20.145554,FEDERALBNK,BOOK 30% PROFITS,76.50591897455735,248.17,15.530038,11.451,0.0,🟢 STRONG BUY (UNDERVALUED) (ML: 68%),0,Financial Services
2025-11-24 23:18:20.182628,HDFCBANK,INCREASE POSITION,71.52150072815753,999.15,22.858614,10.8430006,0.0,🟢 STRONG BUY (UNDERVALUED) (DIVERSIFIES),0,Financial Services
2025-11-24 23:18:20.209113,KARURVYSYA,INCREASE POSITION,87.02050060236809,243.52,11.175769,17.764,0.0,🟢 STRONG BUY (UNDERVALUED) (DIVERSIFIES),0,Financial Services
2025-11-24 23:18:20.259868,BANKINDIA,BOOK 53% PROFITS,87.19201790915973,145.85,6.886214,12.234,0.0,🟢 STRONG BUY (UNDERVALUED) (DIVERSIFIES),0,Financial Services
2025-11-24 23:18:20.302785,INDUSINDBK,INCREASE POSITION,69.2157344532532,836.05,8.656554,-1.161,0.0,🟢 BUY (VALUE) (DIVERSIFIES),0,Financial Services
2025-11-24 23:18:20.332783,CANBK,BOOK 38% PROFITS,90.32812128023586,146.67,6.212198,17.573999,0.0,🟢 STRONG BUY (UNDERVALUED) (DIVERSIFIES),0,Financial Services
2025-11-24 23:18:20.358315,GPPL,INCREASE POSITION,83.30714314868526,179.88,18.243408,20.214,2.111,🟢 STRONG BUY (UNDERVALUED) (DIVERSIFIES),0,Industrials
2025-11-24 23:18:20.389958,CUB,BOOK 33% PROFITS,85.22647204675329,271.45,16.745838,12.852,0.0,🟢 STRONG BUY (UNDERVALUED) (DIVERSIFIES),0,Financial Services
2025-11-24 23:18:20.451263,NATIONALUM,INCREASE POSITION,88.911853827817,251.06,7.541604,34.459,0.282,🟢 STRONG BUY (UNDERVALUED) (DIVERSIFIES),0,Basic Materials
2025-11-24 23:18:20.495519,MAHSEAMLES,INCREASE POSITION,86.97050815133274,571.05,9.768217,12.531999999999998,0.151,🟢 STRONG BUY (UNDERVALUED) (DIVERSIFIES),0,Basic Materials
2025-11-24 23:18:20.549967,IDBI,INCREASE POSITION,85.64779883484232,98.93,11.450231,15.128,0.0,🟢 STRONG BUY (UNDERVALUED) (DIVERSIFIES),0,Financial Services
2025-11-24 23:18:20.583945,GICRE,INCREASE POSITION,85.061309667554,378.05,6.9227242,10.281,0.0,🟢 BUY (VALUE) (DIVERSIFIES),0,Financial Services
2025-11-24 23:18:20.633471,INDIANB,INCREASE POSITION,84.46765119417599,854.75,10.208407,15.754,0.0,🟢 STRONG BUY (UNDERVALUED) (DIVERSIFIES),0,Financial Services
2025-11-24 23:18:20.684008,LICI,INCREASE POSITION,79.91313636019615,895.05,11.082838,44.623002,0.0,🟢 STRONG BUY (UNDERVALUED) (DIVERSIFIES),0,Financial Services
2025-11-24 23:18:20.716690,PNB,BOOK 31% PROFITS,82.05341644532045,121.75,8.204178,12.666,0.0,🟢 STRONG BUY (UNDERVALUED) (DIVERSIFIES),0,Financial Services
2025-11-24 23:18:20.767612,MAHABANK,INCREASE POSITION,86.36809896508612,58.22,7.3417406,22.427,0.0,🟢 STRONG BUY (UNDERVALUED) (DIVERSIFIES),0,Financial Services
2025-11-24 23:18:20.811823,AUROPHARMA,INCREASE POSITION,75.11990996965602,1194.0,20.247583,10.379,10.0,🟢 STRONG BUY (UNDERVALUED) (DIVERSIFIES),0,Healthcare
2025-11-24 23:18:20.859658,AUBANK,BOOK 51% PROFITS,63.87502389139915,925.1,31.779455,12.654000000000002,0.0,🟢 STRONG BUY (DIVERSIFIES),0,Financial Services
2025-11-24 23:18:20.911722,UNIONBANK,INCREASE POSITION,78.48536756661969,150.99,6.2315316,15.831,0.0,🟢 STRONG BUY (UNDERVALUED) (DIVERSIFIES),0,Financial Services
2025-11-24 23:18:20.953570,INDUSTOWER,INCREASE POSITION,75.6841882374851,400.1,11.299068,29.018998,10.0,🟢 STRONG BUY (UNDERVALUED) (DIVERSIFIES),0,Communication Services
2025-11-24 23:18:20.984729,BANKBARODA,BOOK 36% PROFITS,79.04252765389798,281.9,7.5779567,13.079001000000002,0.0,🟢 STRONG BUY (UNDERVALUED) (DIVERSIFIES),0,Financial Services
2025-11-24 23:18:21.033553,ACC,NEW POSITION,,1913.7,10.80271,18.207,2.435,🟢 STRONG BUY (UNDERVALUED) (DIVERSIFIES),0,Basic Materials
2025-11-24 23:40:43.085237,MUTHOOTFIN,INCREASE POSITION,85.46478259160116,3614.4,19.801676,23.806,10.0,🟢 STRONG BUY (UNDERVALUED) (DIVERSIFIES),0,Financial Services
2025-11-24 23:40:43.131735,AXISBANK,INCREASE POSITION,73.01257757685974,1269.0,15.208532,14.004,0.0,🟢 STRONG BUY (UNDERVALUED) (DIVERSIFIES),0,Financial Services
2025-11-24 23:40:43.170002,ICICIBANK,INCREASE POSITION,76.04859574716941,1368.4,18.504396,17.599002,0.0,🟢 STRONG BUY (UNDERVALUED) (DIVERSIFIES),0,Financial Services
2025-11-24 23:40:43.202318,UJJIVANSFB,INCREASE POSITION,66.57806194877993,53.82,25.14953,6.832000000000001,0.0,🟢 BUY (VALUE) (DIVERSIFIES),0,Financial Services
2025-11-24 23:40:43.252582,SBIN,BOOK 31% PROFITS,85.35797342464582,970.6,10.800044,15.675999,0.0,🟢 STRONG BUY (UNDERVALUED) (DIVERSIFIES),0,Financial Services
2025-11-24 23:40:43.289198,FEDERALBNK,BOOK 30% PROFITS,76.50591897455735,248.17,15.530038,11.451,0.0,🟢 STRONG BUY (UNDERVALUED) (ML: 68%),0,Financial Services
2025-11-24 23:40:43.323336,HDFCBANK,INCREASE POSITION,71.52150072815753,999.15,22.858614,10.8430006,0.0,🟢 STRONG BUY (UNDERVALUED) (DIVERSIFIES),0,Financial Services
2025-11-24 23:40:43.354203,KARURVYSYA,INCREASE POSITION,87.02050060236809,243.52,11.175769,17.764,0.0,🟢 STRONG BUY (UNDERVALUED) (DIVERSIFIES),0,Financial Services
2025-11-24 23:40:43.386442,BANKINDIA,BOOK 53% PROFITS,87.19201790915973,145.85,6.886214,12.234,0.0,🟢 STRONG BUY (UNDERVALUED) (DIVERSIFIES),0,Financial Services
2025-11-24 23:40:43.432351,INDUSINDBK,INCREASE POSITION,69.2157344532532,836.05,8.656554,-1.161,0.0,🟢 BUY (VALUE) (DIVERSIFIES),0,Financial Services
2025-11-24 23:40:43.465156,CANBK,BOOK 38% PROFITS,90.32812128023586,146.67,6.212198,17.573999,0.0,🟢 STRONG BUY (UNDERVALUED) (DIVERSIFIES),0,Financial Services
2025-11-24 23:40:43.511662,GPPL,INCREASE POSITION,83.30714314868526,179.88,18.243408,20.214,2.111,🟢 STRONG BUY (UNDERVALUED) (DIVERSIFIES),0,Industrials
2025-11-24 23:40:43.553455,CUB,BOOK 33% PROFITS,85.22647204675329,271.45,16.745838,12.852,0.0,🟢 STRONG BUY (UNDERVALUED) (DIVERSIFIES),0,Financial Services
2025-11-24 23:40:43.582208,NATIONALUM,INCREASE POSITION,88.911853827817,251.06,7.541604,34.459,0.282,🟢 STRONG BUY (UNDERVALUED) (DIVERSIFIES),0,Basic Materials
2025-11-24 23:40:43.625457,MAHSEAMLES,INCREASE POSITION,86.97050815133274,571.05,9.768217,12.531999999999998,0.151,🟢 STRONG BUY (UNDERVALUED) (DIVERSIFIES),0,Basic Materials
2025-11-24 23:40:43.688354,IDBI,INCREASE POSITION,85.64779883484232,98.93,11.450231,15.128,0.0,🟢 STRONG BUY (UNDERVALUED) (DIVERSIFIES),0,Financial Services
2025-11-24 23:40:43.745423,GICRE,INCREASE POSITION,85.061309667554,378.05,6.9227242,10.281,0.0,🟢 BUY (VALUE) (DIVERSIFIES),0,Financial Services
2025-11-24 23:40:43.795433,INDIANB,INCREASE POSITION,84.46765119417599,854.75,10.208407,15.754,0.0,🟢 STRONG BUY (UNDERVALUED) (DIVERSIFIES),0,Financial Services
2025-11-24 23:40:43.835925,LICI,INCREASE POSITION,79.91313636019615,895.05,11.082838,44.623002,0.0,🟢 STRONG BUY (UNDERVALUED) (DIVERSIFIES),0,Financial Services
2025-11-24 23:40:43.873774,PNB,BOOK 31% PROFITS,82.05341644532045,121.75,8.204178,12.666,0.0,🟢 STRONG BUY (UNDERVALUED) (DIVERSIFIES),0,Financial Services
2025-11-24 23:40:43.915293,MAHABANK,INCREASE POSITION,86.36809896508612,58.22,7.3417406,22.427,0.0,🟢 STRONG BUY (UNDERVALUED) (DIVERSIFIES),0,Financial Services
2025-11-24 23:40:43.965993,AUROPHARMA,INCREASE POSITION,75.11990996965602,1194.0,20.247583,10.379,10.0,🟢 STRONG BUY (UNDERVALUED) (DIVERSIFIES),0,Healthcare
2025-11-24 23:40:44.004027,AUBANK,BOOK 51% PROFITS,63.87502389139915,925.1,31.779455,12.654000000000002,0.0,🟢 STRONG BUY (DIVERSIFIES),0,Financial Services
2025-11-24 23:40:44.045776,UNIONBANK,INCREASE POSITION,78.48536756661969,150.99,6.2315316,15.831,0.0,🟢 STRONG BUY (UNDERVALUED) (DIVERSIFIES),0,Financial Services
2025-11-24 23:40:44.085049,INDUSTOWER,INCREASE POSITION,75.6841882374851,400.1,11.299068,29.018998,10.0,🟢 STRONG BUY (UNDERVALUED) (DIVERSIFIES),0,Communication Services
2025-11-24 23:40:44.123768,BANKBARODA,BOOK 36% PROFITS,79.04252765389798,281.9,7.5779567,13.079001000000002,0.0,🟢 STRONG BUY (UNDERVALUED) (DIVERSIFIES),0,Financial Services
2025-11-24 23:40:44.163559,ACC,NEW POSITION,,1913.7,10.80271,18.207,2.435,🟢 STRONG BUY (UNDERVALUED) (DIVERSIFIES),0,Basic Materials
2025-11-24 23:46:15.573600,MUTHOOTFIN,INCREASE POSITION,85.46478259160116,3614.4,19.801676,23.806,10.0,🟢 STRONG BUY (UNDERVALUED) (DIVERSIFIES),0,Financial Services
2025-11-24 23:46:15.661517,AXISBANK,INCREASE POSITION,73.01257757685974,1269.0,15.208532,14.004,0.0,🟢 STRONG BUY (UNDERVALUED) (DIVERSIFIES),0,Financial Services
2025-11-24 23:46:15.697215,ICICIBANK,INCREASE POSITION,76.04859574716941,1368.4,18.504396,17.599002,0.0,🟢 STRONG BUY (UNDERVALUED) (DIVERSIFIES),0,Financial Services
2025-11-24 23:46:15.742736,UJJIVANSFB,INCREASE POSITION,66.57806194877993,53.82,25.14953,6.832000000000001,0.0,🟢 BUY (VALUE) (DIVERSIFIES),0,Financial Services
2025-11-24 23:46:15.776574,SBIN,BOOK 31% PROFITS,85.35797342464582,970.6,10.800044,15.675999,0.0,🟢 STRONG BUY (UNDERVALUED) (DIVERSIFIES),0,Financial Services
2025-11-24 23:46:15.816888,FEDERALBNK,BOOK 30% PROFITS,76.50591897455735,248.17,15.530038,11.451,0.0,🟢 STRONG BUY (UNDERVALUED) (ML: 68%),0,Financial Services
2025-11-24 23:46:15.854077,HDFCBANK,INCREASE POSITION,71.52150072815753,999.15,22.858614,10.8430006,0.0,🟢 STRONG BUY (UNDERVALUED) (DIVERSIFIES),0,Financial Services
2025-11-24 23:46:15.888400,KARURVYSYA,INCREASE POSITION,87.02050060236809,243.52,11.175769,17.764,0.0,🟢 STRONG BUY (UNDERVALUED) (DIVERSIFIES),0,Financial Services
2025-11-24 23:46:15.923882,BANKINDIA,BOOK 53% PROFITS,87.19201790915973,145.85,6.886214,12.234,0.0,🟢 STRONG BUY (UNDERVALUED) (DIVERSIFIES),0,Financial Services
2025-11-24 23:46:15.957365,INDUSINDBK,INCREASE POSITION,69.2157344532532,836.05,8.656554,-1.161,0.0,🟢 BUY (VALUE) (DIVERSIFIES),0,Financial Services
2025-11-24 23:46:15.995149,CANBK,BOOK 38% PROFITS,90.32812128023586,146.67,6.212198,17.573999,0.0,🟢 STRONG BUY (UNDERVALUED) (DIVERSIFIES),0,Financial Services
2025-11-24 23:46:16.011165,GPPL,INCREASE POSITION,83.30714314868526,179.88,18.243408,20.214,2.111,🟢 STRONG BUY (UNDERVALUED) (DIVERSIFIES),0,Industrials
2025-11-24 23:46:16.055209,CUB,BOOK 33% PROFITS,85.22647204675329,271.45,16.745838,12.852,0.0,🟢 STRONG BUY (UNDERVALUED) (DIVERSIFIES),0,Financial Services
2025-11-24 23:46:16.076542,NATIONALUM,INCREASE POSITION,88.911853827817,251.06,7.541604,34.459,0.282,🟢 STRONG BUY (UNDERVALUED) (DIVERSIFIES),0,Basic Materials
2025-11-24 23:46:16.124061,MAHSEAMLES,INCREASE POSITION,86.97050815133274,571.05,9.768217,12.531999999999998,0.151,🟢 STRONG BUY (UNDERVALUED) (DIVERSIFIES),0,Basic Materials
2025-11-24 23:46:16.182599,IDBI,INCREASE POSITION,85.64779883484232,98.93,11.450231,15.128,0.0,🟢 STRONG BUY (UNDERVALUED) (DIVERSIFIES),0,Financial Services
2025-11-24 23:46:16.252853,GICRE,INCREASE POSITION,85.061309667554,378.05,6.9227242,10.281,0.0,🟢 BUY (VALUE) (DIVERSIFIES),0,Financial Services
2025-11-24 23:46:16.287641,INDIANB,INCREASE POSITION,84.46765119417599,854.75,10.208407,15.754,0.0,🟢 STRONG BUY (UNDERVALUED) (DIVERSIFIES),0,Financial Services
2025-11-24 23:46:16.333100,LICI,INCREASE POSITION,79.91313636019615,895.05,11.082838,44.623002,0.0,🟢 STRONG BUY (UNDERVALUED) (DIVERSIFIES),0,Financial Services
2025-11-24 23:46:16.369390,PNB,BOOK 31% PROFITS,82.05341644532045,121.75,8.204178,12.666,0.0,🟢 STRONG BUY (UNDERVALUED) (DIVERSIFIES),0,Financial Services
2025-11-24 23:46:16.402715,MAHABANK,INCREASE POSITION,86.36809896508612,58.22,7.3417406,22.427,0.0,🟢 STRONG BUY (UNDERVALUED) (DIVERSIFIES),0,Financial Services
2025-11-24 23:46:16.453844,AUROPHARMA,INCREASE POSITION,75.11990996965602,1194.0,20.247583,10.379,10.0,🟢 STRONG BUY (UNDERVALUED) (DIVERSIFIES),0,Healthcare
2025-11-24 23:46:16.500541,AUBANK,BOOK 51% PROFITS,63.87502389139915,925.1,31.779455,12.654000000000002,0.0,🟢 STRONG BUY (DIVERSIFIES),0,Financial Services
2025-11-24 23:46:16.548859,UNIONBANK,INCREASE POSITION,78.48536756661969,150.99,6.2315316,15.831,0.0,🟢 STRONG BUY (UNDERVALUED) (DIVERSIFIES),0,Financial Services
2025-11-24 23:46:16.596946,INDUSTOWER,INCREASE POSITION,75.6841882374851,400.1,11.299068,29.018998,10.0,🟢 STRONG BUY (UNDERVALUED) (DIVERSIFIES),0,Communication Services
2025-11-24 23:46:16.645399,BANKBARODA,BOOK 36% PROFITS,79.04252765389798,281.9,7.5779567,13.079001000000002,0.0,🟢 STRONG BUY (UNDERVALUED) (DIVERSIFIES),0,Financial Services
2025-11-24 23:46:16.688943,ACC,NEW POSITION,,1913.7,0.0,0.0,0.0,🟢 STRONG BUY (UNDERVALUED) (DIVERSIFIES),0,Basic Materials
2025-11-24 23:57:06.567768,MUTHOOTFIN,INCREASE POSITION,85.46478259160116,3614.4,19.801676,23.806,10.0,🟢 STRONG BUY (UNDERVALUED) (DIVERSIFIES),0,Financial Services
2025-11-24 23:57:06.618901,AXISBANK,INCREASE POSITION,73.01257757685974,1269.0,15.208532,14.004,0.0,🟢 STRONG BUY (UNDERVALUED) (DIVERSIFIES),0,Financial Services
2025-11-24 23:57:06.665295,ICICIBANK,INCREASE POSITION,76.04859574716941,1368.4,18.504396,17.599002,0.0,🟢 STRONG BUY (UNDERVALUED) (DIVERSIFIES),0,Financial Services
2025-11-24 23:57:06.710083,UJJIVANSFB,INCREASE POSITION,66.57806194877993,53.82,25.14953,6.832000000000001,0.0,🟢 BUY (VALUE) (DIVERSIFIES),0,Financial Services
2025-11-24 23:57:06.747173,SBIN,BOOK 31% PROFITS,85.35797342464582,970.6,10.800044,15.675999,0.0,🟢 STRONG BUY (UNDERVALUED) (DIVERSIFIES),0,Financial Services
2025-11-24 23:57:06.788683,FEDERALBNK,BOOK 30% PROFITS,76.50591897455735,248.17,15.530038,11.451,0.0,🟢 STRONG BUY (UNDERVALUED) (ML: 68%),0,Financial Services
2025-11-24 23:57:06.820577,HDFCBANK,INCREASE POSITION,71.52150072815753,999.15,22.858614,10.8430006,0.0,🟢 STRONG BUY (UNDERVALUED) (DIVERSIFIES),0,Financial Services
2025-11-24 23:57:06.852202,KARURVYSYA,INCREASE POSITION,87.02050060236809,243.52,11.175769,17.764,0.0,🟢 STRONG BUY (UNDERVALUED) (DIVERSIFIES),0,Financial Services
2025-11-24 23:57:06.914280,BANKINDIA,BOOK 53% PROFITS,87.19201790915973,145.85,6.886214,12.234,0.0,🟢 STRONG BUY (UNDERVALUED) (DIVERSIFIES),0,Financial Services
2025-11-24 23:57:06.947613,INDUSINDBK,INCREASE POSITION,69.2157344532532,836.05,8.656554,-1.161,0.0,🟢 BUY (VALUE) (DIVERSIFIES),0,Financial Services
2025-11-24 23:57:06.996087,CANBK,BOOK 38% PROFITS,90.32812128023586,146.67,6.212198,17.573999,0.0,🟢 STRONG BUY (UNDERVALUED) (DIVERSIFIES),0,Financial Services
2025-11-24 23:57:07.030110,GPPL,INCREASE POSITION,83.30714314868526,179.88,18.243408,20.214,2.111,🟢 STRONG BUY (UNDERVALUED) (DIVERSIFIES),0,Industrials
2025-11-24 23:57:07.065442,CUB,BOOK 33% PROFITS,85.22647204675329,271.45,16.745838,12.852,0.0,🟢 STRONG BUY (UNDERVALUED) (DIVERSIFIES),0,Financial Services
2025-11-24 23:57:07.113023,NATIONALUM,INCREASE POSITION,88.911853827817,251.06,7.541604,34.459,0.282,🟢 STRONG BUY (UNDERVALUED) (DIVERSIFIES),0,Basic Materials
2025-11-24 23:57:07.155478,MAHSEAMLES,INCREASE POSITION,86.97050815133274,571.05,9.768217,12.531999999999998,0.151,🟢 STRONG BUY (UNDERVALUED) (DIVERSIFIES),0,Basic Materials
2025-11-24 23:57:07.196539,IDBI,INCREASE POSITION,85.64779883484232,98.93,11.450231,15.128,0.0,🟢 STRONG BUY (UNDERVALUED) (DIVERSIFIES),0,Financial Services
2025-11-24 23:57:07.246980,GICRE,INCREASE POSITION,85.061309667554,378.05,6.9227242,10.281,0.0,🟢 BUY (VALUE) (DIVERSIFIES),0,Financial Services
2025-11-24 23:57:07.278921,INDIANB,INCREASE POSITION,84.46765119417599,854.75,10.208407,15.754,0.0,🟢 STRONG BUY (UNDERVALUED) (DIVERSIFIES),0,Financial Services
2025-11-24 23:57:07.320097,LICI,INCREASE POSITION,79.91313636019615,895.05,11.082838,44.623002,0.0,🟢 STRONG BUY (UNDERVALUED) (DIVERSIFIES),0,Financial Services
2025-11-24 23:57:07.367677,PNB,BOOK 31% PROFITS,82.05341644532045,121.75,8.204178,12.666,0.0,🟢 STRONG BUY (UNDERVALUED) (DIVERSIFIES),0,Financial Services
2025-11-24 23:57:07.404836,MAHABANK,INCREASE POSITION,86.36809896508612,58.22,7.3417406,22.427,0.0,🟢 STRONG BUY (UNDERVALUED) (DIVERSIFIES),0,Financial Services
2025-11-24 23:57:07.452359,AUROPHARMA,INCREASE POSITION,75.11990996965602,1194.0,20.247583,10.379,10.0,🟢 STRONG BUY (UNDERVALUED) (DIVERSIFIES),0,Healthcare
2025-11-24 23:57:07.494071,AUBANK,BOOK 51% PROFITS,63.87502389139915,925.1,31.779455,12.654000000000002,0.0,🟢 STRONG BUY (DIVERSIFIES),0,Financial Services
2025-11-24 23:57:07.531816,UNIONBANK,INCREASE POSITION,78.48536756661969,150.99,6.2315316,15.831,0.0,🟢 STRONG BUY (UNDERVALUED) (DIVERSIFIES),0,Financial Services
2025-11-24 23:57:07.565139,INDUSTOWER,INCREASE POSITION,75.6841882374851,400.1,11.299068,29.018998,10.0,🟢 STRONG BUY (UNDERVALUED) (DIVERSIFIES),0,Communication Services
2025-11-24 23:57:07.621107,BANKBARODA,BOOK 36% PROFITS,79.04252765389798,281.9,7.5779567,13.079001000000002,0.0,🟢 STRONG BUY (UNDERVALUED) (DIVERSIFIES),0,Financial Services
2025-11-25 00:03:23.731158,MUTHOOTFIN,INCREASE POSITION,85.46478259160116,3614.4,19.801676,23.806,10.0,🟢 STRONG BUY (UNDERVALUED) (DIVERSIFIES),0,Financial Services
2025-11-25 00:03:23.790090,AXISBANK,INCREASE POSITION,73.01257757685974,1269.0,15.208532,14.004,0.0,🟢 STRONG BUY (UNDERVALUED) (DIVERSIFIES),0,Financial Services
2025-11-25 00:03:23.830177,ICICIBANK,INCREASE POSITION,76.04859574716941,1368.4,18.504396,17.599002,0.0,🟢 STRONG BUY (UNDERVALUED) (DIVERSIFIES),0,Financial Services
2025-11-25 00:03:23.852456,UJJIVANSFB,INCREASE POSITION,66.57806194877993,53.82,25.14953,6.832000000000001,0.0,🟢 BUY (VALUE) (DIVERSIFIES),0,Financial Services
2025-11-25 00:03:23.900105,SBIN,BOOK 31% PROFITS,85.35797342464582,970.6,10.800044,15.675999,0.0,🟢 STRONG BUY (UNDERVALUED) (DIVERSIFIES),0,Financial Services
2025-11-25 00:03:23.932128,FEDERALBNK,BOOK 30% PROFITS,76.50591897455735,248.17,15.530038,11.451,0.0,🟢 STRONG BUY (UNDERVALUED) (ML: 68%),0,Financial Services
2025-11-25 00:03:23.964031,HDFCBANK,INCREASE POSITION,71.52150072815753,999.15,22.858614,10.8430006,0.0,🟢 STRONG BUY (UNDERVALUED) (DIVERSIFIES),0,Financial Services
2025-11-25 00:03:24.001902,KARURVYSYA,INCREASE POSITION,87.02050060236809,243.52,11.175769,17.764,0.0,🟢 STRONG BUY (UNDERVALUED) (DIVERSIFIES),0,Financial Services
2025-11-25 00:03:24.027792,BANKINDIA,BOOK 53% PROFITS,87.19201790915973,145.85,6.886214,12.234,0.0,🟢 STRONG BUY (UNDERVALUED) (DIVERSIFIES),0,Financial Services
2025-11-25 00:03:24.065991,INDUSINDBK,INCREASE POSITION,69.2157344532532,836.05,8.656554,-1.161,0.0,🟢 BUY (VALUE) (DIVERSIFIES),0,Financial Services
2025-11-25 00:03:24.108428,CANBK,BOOK 38% PROFITS,90.32812128023586,146.67,6.212198,17.573999,0.0,🟢 STRONG BUY (UNDERVALUED) (DIVERSIFIES),0,Financial Services
2025-11-25 00:03:24.149007,GPPL,INCREASE POSITION,83.30714314868526,179.88,18.243408,20.214,2.111,🟢 STRONG BUY (UNDERVALUED) (DIVERSIFIES),0,Industrials
2025-11-25 00:03:24.180993,CUB,BOOK 33% PROFITS,85.22647204675329,271.45,16.745838,12.852,0.0,🟢 STRONG BUY (UNDERVALUED) (DIVERSIFIES),0,Financial Services
2025-11-25 00:03:24.228670,NATIONALUM,INCREASE POSITION,88.911853827817,251.06,7.541604,34.459,0.282,🟢 STRONG BUY (UNDERVALUED) (DIVERSIFIES),0,Basic Materials
2025-11-25 00:03:24.260290,MAHSEAMLES,INCREASE POSITION,86.97050815133274,571.05,9.768217,12.531999999999998,0.151,🟢 STRONG BUY (UNDERVALUED) (DIVERSIFIES),0,Basic Materials
2025-11-25 00:03:24.300098,IDBI,INCREASE POSITION,85.64779883484232,98.93,11.450231,15.128,0.0,🟢 STRONG BUY (UNDERVALUED) (DIVERSIFIES),0,Financial Services
2025-11-25 00:03:24.350055,GICRE,INCREASE POSITION,85.061309667554,378.05,6.9227242,10.281,0.0,🟢 BUY (VALUE) (DIVERSIFIES),0,Financial Services
2025-11-25 00:03:24.383479,INDIANB,INCREASE POSITION,84.46765119417599,854.75,10.208407,15.754,0.0,🟢 STRONG BUY (UNDERVALUED) (DIVERSIFIES),0,Financial Services
2025-11-25 00:03:24.427344,LICI,INCREASE POSITION,79.91313636019615,895.05,11.082838,44.623002,0.0,🟢 STRONG BUY (UNDERVALUED) (DIVERSIFIES),0,Financial Services
2025-11-25 00:03:24.466656,PNB,BOOK 31% PROFITS,82.05341644532045,121.75,8.204178,12.666,0.0,🟢 STRONG BUY (UNDERVALUED) (DIVERSIFIES),0,Financial Services
2025-11-25 00:03:24.516755,MAHABANK,INCREASE POSITION,86.36809896508612,58.22,7.3417406,22.427,0.0,🟢 STRONG BUY (UNDERVALUED) (DIVERSIFIES),0,Financial Services
2025-11-25 00:03:24.550066,AUROPHARMA,INCREASE POSITION,75.11990996965602,1194.0,20.247583,10.379,10.0,🟢 STRONG BUY (UNDERVALUED) (DIVERSIFIES),0,Healthcare
2025-11-25 00:03:24.599790,AUBANK,BOOK 51% PROFITS,63.87502389139915,925.1,31.779455,12.654000000000002,0.0,🟢 STRONG BUY (DIVERSIFIES),0,Financial Services
2025-11-25 00:03:24.633359,UNIONBANK,INCREASE POSITION,78.48536756661969,150.99,6.2315316,15.831,0.0,🟢 STRONG BUY (UNDERVALUED) (DIVERSIFIES),0,Financial Services
2025-11-25 00:03:24.680055,INDUSTOWER,INCREASE POSITION,75.6841882374851,400.1,11.299068,29.018998,10.0,🟢 STRONG BUY (UNDERVALUED) (DIVERSIFIES),0,Communication Services
2025-11-25 00:03:24.716579,BANKBARODA,BOOK 36% PROFITS,79.04252765389798,281.9,7.5779567,13.079001000000002,0.0,🟢 STRONG BUY (UNDERVALUED) (DIVERSIFIES),0,Financial Services
2025-11-25 00:03:24.766786,ACC,NEW POSITION,,1913.7,10.80271,18.207,2.435,🟢 STRONG BUY (UNDERVALUED) (DIVERSIFIES),0,Basic Materials
2025-11-25 10:19:11.325640,AXISBANK,INCREASE POSITION,72.02460887437914,1273.8,15.255091,14.004,0.0,🟢 STRONG BUY (UNDERVALUED) (DIVERSIFIES),0,Financial Services
2025-11-25 10:19:11.385427,FEDERALBNK,BOOK 31% PROFITS,76.75281130145086,252.0,15.769712,11.451,0.0,🟢 STRONG BUY (UNDERVALUED) (DIVERSIFIES),0,Financial Services
2025-11-25 10:19:11.427328,ICICIBANK,INCREASE POSITION,73.95002347406711,1374.2,18.597916,17.599002,0.0,🟢 STRONG BUY (UNDERVALUED) (DIVERSIFIES),0,Financial Services
2025-11-25 10:19:11.458534,MUTHOOTFIN,INCREASE POSITION,84.60356045736012,3655.8,20.028488,23.806,10.0,🟢 STRONG BUY (UNDERVALUED) (DIVERSIFIES),0,Financial Services
2025-11-25 10:19:11.490163,SBIN,BOOK 31% PROFITS,85.17846857863188,978.65,10.888408,15.675999,0.0,🟢 STRONG BUY (UNDERVALUED) (DIVERSIFIES),0,Financial Services
2025-11-25 10:19:11.537576,HDFCBANK,INCREASE POSITION,69.42925710159015,999.05,22.830212,10.8430006,0.0,🟢 STRONG BUY (UNDERVALUED) (DIVERSIFIES),0,Financial Services
2025-11-25 10:19:11.569177,UJJIVANSFB,INCREASE POSITION,65.36134845690898,53.26,24.887848,6.832000000000001,0.0,🟢 STRONG BUY (UNDERVALUED) (DIVERSIFIES),0,Financial Services
2025-11-25 10:19:11.600776,BANKINDIA,BOOK 53% PROFITS,86.90401027425912,146.7,6.9263453,12.234,0.0,🟢 STRONG BUY (UNDERVALUED) (DIVERSIFIES),0,Financial Services
2025-11-25 10:19:11.632396,INDUSINDBK,INCREASE POSITION,68.28618035945141,833.25,8.6275625,-1.161,0.0,🟢 BUY (VALUE) (DIVERSIFIES),0,Financial Services
2025-11-25 10:19:11.695611,GICRE,INCREASE POSITION,83.83675460612635,381.2,6.982964,10.281,0.0,🟢 BUY (VALUE) (DIVERSIFIES),0,Financial Services
2025-11-25 10:19:11.745441,IDBI,INCREASE POSITION,86.03491856890622,100.23,11.600695,15.128,0.0,🟢 STRONG BUY (UNDERVALUED) (DIVERSIFIES),0,Financial Services
2025-11-25 10:19:11.786117,CANBK,BOOK 37% PROFITS,87.95038736599528,146.97,6.2249045,17.573999,0.0,🟢 STRONG BUY (UNDERVALUED) (DIVERSIFIES),0,Financial Services
2025-11-25 10:19:11.823681,CUB,BOOK 33% PROFITS,84.54876372387005,271.25,16.7335,12.852,0.0,🟢 STRONG BUY (UNDERVALUED) (DIVERSIFIES),0,Financial Services
2025-11-25 10:19:11.861839,NATIONALUM,INCREASE POSITION,85.93145832613924,254.98,7.6593566,34.459,0.282,🟢 STRONG BUY (UNDERVALUED) (DIVERSIFIES),0,Basic Materials
2025-11-25 10:19:11.911664,MAHSEAMLES,INCREASE POSITION,81.03086770047422,565.6,9.671682,12.531999999999998,0.151,🟢 BUY (VALUE) (DIVERSIFIES),0,Basic Materials
2025-11-25 10:19:11.944509,GPPL,INCREASE POSITION,83.30517166249824,178.61,18.114605,20.214,2.111,🟢 STRONG BUY (UNDERVALUED) (DIVERSIFIES),0,Industrials
2025-11-25 10:19:11.990869,KARURVYSYA,INCREASE POSITION,86.67914050250194,247.02,11.3468075,17.764,0.0,🟢 STRONG BUY (UNDERVALUED) (DIVERSIFIES),0,Financial Services
2025-11-25 10:19:12.028698,INDIANB,INCREASE POSITION,83.97999167068895,864.0,10.3250475,15.754,0.0,🟢 STRONG BUY (UNDERVALUED) (DIVERSIFIES),0,Financial Services
2025-11-25 10:19:12.061101,LICI,INCREASE POSITION,76.20200015329421,894.4,11.066568,44.623002,0.0,🟢 STRONG BUY (UNDERVALUED) (DIVERSIFIES),0,Financial Services
2025-11-25 10:19:12.102517,UNIONBANK,INCREASE POSITION,80.51500661060574,151.78,6.2641354,15.831,0.0,🟢 STRONG BUY (UNDERVALUED) (DIVERSIFIES),0,Financial Services
2025-11-25 10:19:12.144518,MAHABANK,INCREASE POSITION,88.04809340479378,58.8,7.4148803,22.427,0.0,🟢 STRONG BUY (UNDERVALUED) (DIVERSIFIES),0,Financial Services
2025-11-25 10:19:12.177971,PNB,BOOK 31% PROFITS,79.79945420548968,122.5,8.254717,12.666,0.0,🟢 STRONG BUY (UNDERVALUED) (DIVERSIFIES),0,Financial Services
2025-11-25 10:19:12.228108,INDUSTOWER,INCREASE POSITION,75.60299013674931,400.15,11.30048,29.018998,10.0,🟢 STRONG BUY (UNDERVALUED) (DIVERSIFIES),0,Communication Services
2025-11-25 10:19:12.269724,AUROPHARMA,INCREASE POSITION,73.30001201184969,1212.7,20.561207,10.379,10.0,🟢 STRONG BUY (DIVERSIFIES),0,Healthcare
2025-11-25 10:19:12.310577,AUBANK,BOOK 51% PROFITS,64.54606665105909,935.05,32.187607,12.654000000000002,0.0,🟢 STRONG BUY (DIVERSIFIES),0,Financial Services
2025-11-25 10:19:12.344406,BANKBARODA,BOOK 36% PROFITS,83.37560465183356,284.25,7.6390758,13.079001000000002,0.0,🟢 STRONG BUY (UNDERVALUED) (DIVERSIFIES),0,Financial Services
2025-11-25 10:19:12.377805,ACC,NEW POSITION,,1873.9,10.574459,18.207,2.435,🟢 STRONG BUY (UNDERVALUED) (DIVERSIFIES),0,Basic Materials
2025-11-26 13:27:50.755838,UJJIVANSFB,INCREASE POSITION,64.71980170176701,56.05,26.191587,6.832000000000001,0.0,🟢 BUY (VALUE) (DIVERSIFIES),0,Financial Services
2025-11-26 13:27:50.884047,FEDERALBNK,BOOK 31% PROFITS,76.50240408761191,255.65,16.00814,11.451,0.0,🟢 STRONG BUY (UNDERVALUED) (DIVERSIFIES),0,Financial Services
2025-11-26 13:27:51.004547,ICICIBANK,INCREASE POSITION,73.92279475832962,1371.1,18.563498,17.599002,0.0,🟢 STRONG BUY (UNDERVALUED) (DIVERSIFIES),0,Financial Services
2025-11-26 13:27:51.119981,AXISBANK,INCREASE POSITION,71.30654794258143,1288.8,15.443979,14.004,0.0,🟢 STRONG BUY (UNDERVALUED) (DIVERSIFIES),0,Financial Services
2025-11-26 13:27:51.212711,MAHSEAMLES,INCREASE POSITION,81.16061884829034,577.35,9.86923,12.531999999999998,0.151,🟢 STRONG BUY (UNDERVALUED) (DIVERSIFIES),0,Basic Materials
2025-11-26 13:27:51.289804,SBIN,BOOK 31% PROFITS,86.05913749255666,990.0,11.012236,15.675999,0.0,🟢 STRONG BUY (UNDERVALUED) (DIVERSIFIES),0,Financial Services
2025-11-26 13:27:51.390951,GICRE,INCREASE POSITION,84.86080528386393,390.4,7.148874,10.281,0.0,🟢 STRONG BUY (UNDERVALUED) (DIVERSIFIES),0,Financial Services
2025-11-26 13:27:51.483504,MUTHOOTFIN,INCREASE POSITION,84.98923639907642,3700.1,20.263416,23.806,10.0,🟢 STRONG BUY (UNDERVALUED) (DIVERSIFIES),0,Financial Services
2025-11-26 13:27:51.553300,BANKINDIA,BOOK 53% PROFITS,87.02147685688271,148.62,7.016997,12.234,0.0,🟢 STRONG BUY (UNDERVALUED) (DIVERSIFIES),0,Financial Services
2025-11-26 13:27:51.631220,INDUSINDBK,INCREASE POSITION,65.08899236546627,855.3,8.85587,-1.161,0.0,🟢 BUY (VALUE) (DIVERSIFIES),0,Financial Services
2025-11-26 13:27:51.711713,HDFCBANK,INCREASE POSITION,71.11772599918947,1004.1,22.950857,10.8430006,0.0,🟢 STRONG BUY (UNDERVALUED) (DIVERSIFIES),0,Financial Services
2025-11-26 13:27:51.802699,MAHABANK,INCREASE POSITION,94.71418914448545,59.99,7.564944,22.427,0.0,🟢 STRONG BUY (UNDERVALUED) (DIVERSIFIES),0,Financial Services
2025-11-26 13:27:51.895520,IDBI,INCREASE POSITION,87.55884209037346,102.15,11.822916,15.128,0.0,🟢 STRONG BUY (UNDERVALUED) (DIVERSIFIES),0,Financial Services
2025-11-26 13:27:51.994601,CUB,BOOK 33% PROFITS,84.59707320755516,277.0,17.088219,12.852,0.0,🟢 STRONG BUY (UNDERVALUED) (DIVERSIFIES),0,Financial Services
2025-11-26 13:27:52.126910,INDIANB,INCREASE POSITION,85.11381813995087,887.8,10.603128,15.754,0.0,🟢 STRONG BUY (UNDERVALUED) (DIVERSIFIES),0,Financial Services
2025-11-26 13:27:52.223395,KARURVYSYA,INCREASE POSITION,85.71140889421746,251.15,11.536518,17.764,0.0,🟢 STRONG BUY (UNDERVALUED) (DIVERSIFIES),0,Financial Services
2025-11-26 13:27:52.350782,GPPL,INCREASE POSITION,83.4165506107277,179.12,18.18477,20.214,2.111,🟢 STRONG BUY (UNDERVALUED) (DIVERSIFIES),0,Industrials
2025-11-26 13:27:52.439965,PNB,BOOK 31% PROFITS,79.28276135994103,124.9,8.416442,12.666,0.0,🟢 STRONG BUY (UNDERVALUED) (DIVERSIFIES),0,Financial Services
2025-11-26 13:27:52.522578,UNIONBANK,INCREASE POSITION,80.48579549458087,155.77,6.4288077,15.831,0.0,🟢 STRONG BUY (UNDERVALUED) (DIVERSIFIES),0,Financial Services
2025-11-26 13:27:52.586021,NATIONALUM,INCREASE POSITION,85.84276661680778,256.34,7.7048388,34.459,0.282,🟢 STRONG BUY (UNDERVALUED) (DIVERSIFIES),0,Basic Materials
2025-11-26 13:27:52.672282,LICI,INCREASE POSITION,77.57737737217593,898.05,11.115855,44.623002,0.0,🟢 STRONG BUY (UNDERVALUED) (DIVERSIFIES),0,Financial Services
2025-11-26 13:27:52.745539,CANBK,BOOK 50% PROFITS,88.1333745324396,150.93,6.3926296,17.573999,0.0,🟢 STRONG BUY (UNDERVALUED) (DIVERSIFIES),0,Financial Services
2025-11-26 13:27:52.821667,AUBANK,BOOK 51% PROFITS,65.53980253417885,946.15,32.53611,12.654000000000002,0.0,🟢 STRONG BUY (DIVERSIFIES),0,Financial Services
2025-11-26 13:27:52.921630,BANKBARODA,BOOK 36% PROFITS,83.04066458108005,288.8,7.7634406,13.079001000000002,0.0,🟢 STRONG BUY (UNDERVALUED) (DIVERSIFIES),0,Financial Services
2025-11-26 13:27:53.007291,INDUSTOWER,INCREASE POSITION,75.96176913941326,405.9,11.45316,29.018998,10.0,🟢 STRONG BUY (UNDERVALUED) (DIVERSIFIES),0,Communication Services
2025-11-26 13:27:53.094194,AUROPHARMA,INCREASE POSITION,69.79422236647083,1216.7,20.639524,10.379,10.0,🟢 STRONG BUY (DIVERSIFIES),0,Healthcare
2025-11-26 13:27:53.194512,WIPRO,NEW POSITION,,249.54,19.419455,16.108998999999997,10.0,🟢 STRONG BUY (UNDERVALUED) (DIVERSIFIES),0,Technology
2025-11-26 13:36:21.656698,UJJIVANSFB,INCREASE POSITION,64.71037497963349,55.89,26.116821,6.832000000000001,0.0,🟢 BUY (VALUE) (DIVERSIFIES),0,Financial Services
2025-11-26 13:36:21.723772,FEDERALBNK,BOOK 31% PROFITS,76.50279424237931,255.68,16.010017,11.451,0.0,🟢 STRONG BUY (UNDERVALUED) (DIVERSIFIES),0,Financial Services
2025-11-26 13:36:21.766428,ICICIBANK,INCREASE POSITION,73.92302343423361,1371.3,18.566206,17.599002,0.0,🟢 STRONG BUY (UNDERVALUED) (DIVERSIFIES),0,Financial Services
2025-11-26 13:36:21.807030,AXISBANK,INCREASE POSITION,71.3085428237521,1289.6,15.453566,14.004,0.0,🟢 STRONG BUY (UNDERVALUED) (DIVERSIFIES),0,Financial Services
2025-11-26 13:36:21.858797,MAHSEAMLES,INCREASE POSITION,81.15697946258955,577.0,9.863248,12.531999999999998,0.151,🟢 STRONG BUY (UNDERVALUED) (DIVERSIFIES),0,Basic Materials
2025-11-26 13:36:21.906766,SBIN,BOOK 31% PROFITS,86.05262913398583,988.0,10.989988,15.675999,0.0,🟢 STRONG BUY (UNDERVALUED) (DIVERSIFIES),0,Financial Services
2025-11-26 13:36:21.948492,GICRE,INCREASE POSITION,84.85763508787505,390.05,7.1424646,10.281,0.0,🟢 STRONG BUY (UNDERVALUED) (DIVERSIFIES),0,Financial Services
2025-11-26 13:36:21.992042,MUTHOOTFIN,INCREASE POSITION,84.99399141035285,3705.0,20.29025,23.806,10.0,🟢 STRONG BUY (UNDERVALUED) (DIVERSIFIES),0,Financial Services
2025-11-26 13:36:22.050338,BANKINDIA,BOOK 53% PROFITS,87.15521537273236,148.33,7.003305,12.234,0.0,🟢 STRONG BUY (UNDERVALUED) (DIVERSIFIES),0,Financial Services
2025-11-26 13:36:22.088312,INDUSINDBK,INCREASE POSITION,67.44845114690152,854.5,8.847588,-1.161,0.0,🟢 BUY (VALUE) (DIVERSIFIES),0,Financial Services
2025-11-26 13:36:22.136411,HDFCBANK,INCREASE POSITION,71.1195846103009,1004.35,22.956572,10.8430006,0.0,🟢 STRONG BUY (UNDERVALUED) (DIVERSIFIES),0,Financial Services
2025-11-26 13:36:22.182927,MAHABANK,INCREASE POSITION,95.32253610519825,59.91,7.5548553,22.427,0.0,🟢 STRONG BUY (UNDERVALUED) (DIVERSIFIES),0,Financial Services
2025-11-26 13:36:22.239487,CUB,BOOK 33% PROFITS,84.59755736485303,277.04,17.090687,12.852,0.0,🟢 STRONG BUY (UNDERVALUED) (DIVERSIFIES),0,Financial Services
2025-11-26 13:36:22.293764,INDIANB,INCREASE POSITION,85.10967796326825,886.65,10.589395,15.754000000000001,0.0,🟢 STRONG BUY (UNDERVALUED) (DIVERSIFIES),0,Financial Services
2025-11-26 13:36:22.339185,KARURVYSYA,INCREASE POSITION,85.71042601953536,251.09,11.533762,17.764,0.0,🟢 STRONG BUY (UNDERVALUED) (DIVERSIFIES),0,Financial Services
2025-11-26 13:36:22.390399,IDBI,INCREASE POSITION,86.20657336102869,101.71,11.77199,15.128,0.0,🟢 STRONG BUY (UNDERVALUED) (DIVERSIFIES),0,Financial Services
2025-11-26 13:36:22.440351,GPPL,INCREASE POSITION,83.2817584609376,179.4,18.213196,20.214,2.111,🟢 STRONG BUY (UNDERVALUED) (DIVERSIFIES),0,Industrials
2025-11-26 13:36:22.482582,PNB,BOOK 31% PROFITS,77.80919663100688,124.76,8.407008,12.666,0.0,🟢 STRONG BUY (UNDERVALUED) (DIVERSIFIES),0,Financial Services
2025-11-26 13:36:22.537920,UNIONBANK,INCREASE POSITION,80.48454875323358,155.73,6.4271564,15.831000000000001,0.0,🟢 STRONG BUY (UNDERVALUED) (DIVERSIFIES),0,Financial Services
2025-11-26 13:36:22.584605,NATIONALUM,INCREASE POSITION,85.8392216913648,256.05,7.696122,34.459,0.282,🟢 STRONG BUY (UNDERVALUED) (DIVERSIFIES),0,Basic Materials
2025-11-26 13:36:22.621421,LICI,INCREASE POSITION,77.57530571609489,897.45,11.108429,44.623002,0.0,🟢 STRONG BUY (UNDERVALUED) (DIVERSIFIES),0,Financial Services
2025-11-26 13:36:22.665297,CANBK,BOOK 50% PROFITS,88.12496965769643,150.55,6.3765354,17.573999,0.0,🟢 STRONG BUY (UNDERVALUED) (DIVERSIFIES),0,Financial Services
2025-11-26 13:36:22.704219,AUBANK,BOOK 51% PROFITS,65.54810291577171,948.55,32.618637,12.654000000000002,0.0,🟢 STRONG BUY (DIVERSIFIES),0,Financial Services
2025-11-26 13:36:22.757828,BANKBARODA,BOOK 36% PROFITS,83.04209879962407,288.9,7.7661285,13.079001000000002,0.0,🟢 STRONG BUY (UNDERVALUED) (DIVERSIFIES),0,Financial Services
2025-11-26 13:36:22.800233,INDUSTOWER,INCREASE POSITION,75.95847877291719,405.65,11.446106,29.018998,10.0,🟢 STRONG BUY (UNDERVALUED) (DIVERSIFIES),0,Communication Services
2025-11-26 13:36:22.837764,AUROPHARMA,INCREASE POSITION,69.78986238112131,1215.7,20.62256,10.379,10.0,🟢 STRONG BUY (DIVERSIFIES),0,Healthcare
2025-11-26 13:36:22.892161,WIPRO,NEW POSITION,,249.49,19.415564,16.108998999999997,10.0,🟢 STRONG BUY (UNDERVALUED) (DIVERSIFIES),0,Technology
